Date,Close,High,Low,Open,Volume,Ticker
2021-08-30,8.36917495727539,8.490424446602393,8.35734602771391,8.398748127271043,61054000,PETR4.SA
2021-08-31,8.040913581848145,8.348473051716416,7.981767247919778,8.339601496470031,110574300,PETR4.SA
2021-09-01,7.996551990509033,8.085270903787256,7.7865830684609705,8.079356159152416,69430400,PETR4.SA
2021-09-02,7.866432189941406,8.088230086852942,7.825029532289622,7.984724288815315,56052000,PETR4.SA
2021-09-03,7.786584854125977,7.919663818622848,7.718566967410343,7.881218533740985,58182700,PETR4.SA
2021-09-06,7.8250298500061035,7.898962485311805,7.733353540164181,7.751097214700401,26770700,PETR4.SA
2021-09-08,7.384389877319336,7.7924982553051505,7.331158864768302,7.774754584454806,80378400,PETR4.SA
2021-09-09,7.541129112243652,7.653506474356797,7.138935379091053,7.416922257244248,156617100,PETR4.SA
2021-09-10,7.493811130523682,7.730395311699486,7.490853757751337,7.694907966553706,78379900,PETR4.SA
2021-09-13,7.757011890411377,7.8043287314521566,7.582530827550535,7.629847668591315,63317900,PETR4.SA
2021-09-14,7.653506278991699,7.762926829151452,7.60618943677701,7.6742078910142215,65497300,PETR4.SA
2021-09-15,7.786584854125977,7.825029574946615,7.6505490806947085,7.6889938015153465,67274100,PETR4.SA
2021-09-16,7.718567371368408,7.7599694673514845,7.544086303923657,7.712652625067611,65567700,PETR4.SA
2021-09-17,7.372562408447266,7.694908740248268,7.325245567454572,7.680121874899777,131694100,PETR4.SA
2021-09-20,7.289757251739502,7.289757251739502,7.035429386477005,7.121190944512845,80260600,PETR4.SA
2021-09-21,7.455366611480713,7.4790255960805885,7.254270318932912,7.416921889628391,64570200,PETR4.SA
2021-09-22,7.644634246826172,7.754054226100252,7.5470431953373796,7.550000568299006,70231800,PETR4.SA
2021-09-23,7.937409400939941,7.969939947651933,7.6623798508947445,7.674209345721417,84480600,PETR4.SA
2021-09-24,7.955151557922363,8.002468400058337,7.827987333158961,7.851645754226949,44821500,PETR4.SA
2021-09-27,8.026124000549316,8.120757651564679,7.836856698518593,8.026124000549316,89178700,PETR4.SA
2021-09-28,7.972895622253418,8.24792513314464,7.901920355581695,8.04091407970077,117874300,PETR4.SA
2021-09-29,8.100058555603027,8.141461210908131,7.931492253754296,8.0468269731116,58731700,PETR4.SA
2021-09-30,8.052742958068848,8.15624876616958,8.03499928252798,8.141462463895737,65744000,PETR4.SA
2021-10-01,8.280454635620117,8.280454635620117,8.005425159258657,8.020212023830418,60983200,PETR4.SA
2021-10-04,8.514081954956055,8.519996136678852,8.197649824246374,8.209479315814379,106937000,PETR4.SA
2021-10-05,8.700390815734863,8.71517711423205,8.546610829495146,8.57618399055065,100469100,PETR4.SA
2021-10-06,8.46972370147705,8.62646111324889,8.419449479894483,8.56140058816729,84599400,PETR4.SA
2021-10-07,8.457892417907715,8.570269759788506,8.354386630033124,8.487465580737764,60551100,PETR4.SA
2021-10-08,8.61167049407959,8.75657833918373,8.490420497093433,8.576182593780537,84170500,PETR4.SA
2021-10-11,8.670821189880371,8.827558612535539,8.62054696480693,8.724052788671235,76466700,PETR4.SA
2021-10-13,8.762494087219238,8.783195695133816,8.599842544889817,8.626458333861706,55605400,PETR4.SA
2021-10-14,8.777281761169434,8.936975945697796,8.72405017830625,8.83051334403262,76172700,PETR4.SA
2021-10-15,8.753622055053711,8.824597300411579,8.727006267536872,8.81276781082138,72479900,PETR4.SA
2021-10-18,8.709264755249023,8.765453152541857,8.573228411559338,8.694477889597293,68971300,PETR4.SA
2021-10-19,8.283411026000977,8.670817806849678,8.23905156566979,8.647159390402303,111484000,PETR4.SA
2021-10-20,8.42831802368164,8.517036935148592,8.265666497971866,8.360300153952904,56063300,PETR4.SA
2021-10-21,8.117803573608398,8.333686733098117,7.961066183863966,8.239053050256665,101567700,PETR4.SA
2021-10-22,8.037956237792969,8.209479929931588,7.62097621786872,8.014297816948375,138384700,PETR4.SA
2021-10-25,8.58801555633545,8.667862377204955,8.17694970283699,8.209480244266846,135830600,PETR4.SA
2021-10-26,8.505208015441895,8.644201127242376,8.457891187422112,8.517036940416299,57865600,PETR4.SA
2021-10-27,8.484508514404297,8.593928487546863,8.419447441016754,8.525910605424599,57579200,PETR4.SA
2021-10-28,8.56435489654541,8.650117011166158,8.354386515057913,8.437191257030237,89578000,PETR4.SA
2021-10-29,8.029083251953125,8.632373764474918,7.975851669782239,8.6146295277105,157340000,PETR4.SA
2021-11-01,8.280454635620117,8.375088312634555,8.094144654505596,8.19469251328753,102157200,PETR4.SA
2021-11-03,7.94036340713501,8.236093883646099,7.925576544872783,8.194691233372986,83475800,PETR4.SA
2021-11-04,7.688992500305176,8.055698228786241,7.644633041000256,7.990637726076434,92603400,PETR4.SA
2021-11-05,7.644634246826172,7.8486884686886365,7.6239332001560065,7.774755836831635,86264000,PETR4.SA
2021-11-08,7.72448205947876,7.884176259968502,7.606189390598952,7.632805184690784,59704100,PETR4.SA
2021-11-09,7.878259658813477,7.969936512016573,7.748138656180058,7.748138656180058,73021700,PETR4.SA
2021-11-10,7.816157341003418,7.964022593571591,7.736309969241923,7.866431549439044,68176300,PETR4.SA
2021-11-11,7.822072982788086,7.94923664075662,7.75996927628137,7.94923664075662,60848900,PETR4.SA
2021-11-12,7.981766223907471,8.032040432078333,7.688993093051689,7.7806693912240235,85962500,PETR4.SA
2021-11-16,8.064570426940918,8.150331973913477,7.875302533786299,8.06161305441619,60978200,PETR4.SA
2021-11-17,7.860517501831055,8.114845939327578,7.833901708880897,8.100059074321253,82106800,PETR4.SA
2021-11-18,7.848689079284668,7.910792224126536,7.703780613197786,7.893048549037611,63993000,PETR4.SA
2021-11-19,7.718567371368408,7.771798959953079,7.623933686800663,7.718567371368409,85893800,PETR4.SA
2021-11-22,7.7954583168029785,8.023170436103992,7.774757266326643,7.777714075770701,59195200,PETR4.SA
2021-11-23,8.221306800842285,8.295239417986771,7.8368574173154055,7.869387949358533,108382300,PETR4.SA
2021-11-24,8.389875411987305,8.410576458905856,8.135546974848012,8.215394353586333,64263300,PETR4.SA
2021-11-25,8.759535789489746,8.809809986327053,8.446061120240168,8.590968966639217,104052200,PETR4.SA
2021-11-26,8.419448852539062,8.623503097176775,8.301156741177085,8.395790430266667,108871800,PETR4.SA
2021-11-29,8.715178489685059,8.818684287684324,8.519996385600146,8.682648515045054,84672200,PETR4.SA
2021-11-30,8.703350067138672,8.765453211107133,8.53478374601142,8.664904780248552,129384600,PETR4.SA
2021-12-01,8.753622055053711,9.070053568797123,8.718134150344222,8.824597300411579,135078600,PETR4.SA
2021-12-02,9.421531677246094,9.464718954566916,8.703953872335473,8.966400999287648,191410300,PETR4.SA
2021-12-03,9.554414749145508,9.614212995214196,9.375020010939446,9.461395184856,105133000,PETR4.SA
2021-12-06,9.597604751586914,9.723845670036281,9.527840533741834,9.561061861420304,66142300,PETR4.SA
2021-12-07,9.753745079040527,9.823509298870142,9.56770589220661,9.727168142870559,98989300,PETR4.SA
2021-12-08,9.750420570373535,9.989612939175641,9.707232663312327,9.753742765812396,71167700,PETR4.SA
2021-12-09,9.730487823486328,9.79692982991201,9.56438185695616,9.66736737878455,67668200,PETR4.SA
2021-12-10,9.850085258483887,9.999580905646264,9.793609195516332,9.80025358731112,38517500,PETR4.SA
2021-12-13,9.790285110473633,9.982967999833662,9.73048749679138,9.85672774831252,45448700,PETR4.SA
2021-12-14,9.67401123046875,9.916525776014938,9.637467717102304,9.836794992560462,56833800,PETR4.SA
2021-12-15,9.733807563781738,9.733807563781738,9.497937439594958,9.667365569788945,55085100,PETR4.SA
2021-12-16,9.863375663757324,9.959716826045366,9.800255198617046,9.840120922296217,56545700,PETR4.SA
2021-12-17,9.630824089050293,9.846761723870543,9.561059885622024,9.740454004183281,93593700,PETR4.SA
2021-12-20,9.35508918762207,9.484651655415004,9.195627591316299,9.4481087689558,106282500,PETR4.SA
2021-12-21,9.368379592895508,9.541129368648907,9.341802655576203,9.484653297639863,40454500,PETR4.SA
2021-12-22,9.35508918762207,9.434819985774956,9.29196873480118,9.434819985774956,33734500,PETR4.SA
2021-12-23,9.411566734313965,9.441465867545892,9.35176846785011,9.411566734313965,28713600,PETR4.SA
2021-12-27,9.551092147827148,9.561058732962778,9.351764880621973,9.408240929102707,44227900,PETR4.SA
2021-12-28,9.56105899810791,9.727164953111316,9.534482070653121,9.637467585334933,30688100,PETR4.SA
2021-12-29,9.481328964233398,9.6009248303993,9.44146325308211,9.534482823339129,35508400,PETR4.SA
2021-12-30,9.451430320739746,9.534483309028692,9.431497147326708,9.484651009140112,43229100,PETR4.SA
2022-01-03,9.664046287536621,9.707233564965275,9.478007761188195,9.481329956935637,52704700,PETR4.SA
2022-01-04,9.700587272644043,9.767029269301457,9.604245522071551,9.68729849312623,51739200,PETR4.SA
2022-01-05,9.325189590454102,9.723844194827445,9.282002314574935,9.69726726344549,78459800,PETR4.SA
2022-01-06,9.3185453414917,9.517872646722095,9.248781133165279,9.398276770499086,61163100,PETR4.SA
2022-01-07,9.361734390258789,9.398277913527968,9.242137865846283,9.338479651321716,47507600,PETR4.SA
2022-01-10,9.305256843566895,9.38166544038672,9.208915073420497,9.298612452458038,37455200,PETR4.SA
2022-01-11,9.58099365234375,9.657402256454333,9.252103864801438,9.335156860654871,73623800,PETR4.SA
2022-01-12,9.87333869934082,9.93645914581282,9.617535985279753,9.617535985279753,81378200,PETR4.SA
2022-01-13,10.072664260864258,10.175649767886473,9.800250616302597,9.810217200973348,76717500,PETR4.SA
2022-01-14,10.448068618774414,10.497900296649636,10.046091732140077,10.059380517517022,96458800,PETR4.SA
2022-01-17,10.464675903320312,10.567661425266008,10.381622919960627,10.431454583247643,35675900,PETR4.SA
2022-01-18,10.511184692382812,10.62413679314862,10.288602686008304,10.484607764769914,78198800,PETR4.SA
2022-01-19,10.461356163024902,10.70054858312276,10.444745815912432,10.597563037008365,77480200,PETR4.SA
2022-01-20,10.537762641906738,10.630782214394529,10.33511378682276,10.464676242294614,85353100,PETR4.SA
2022-01-21,10.554372787475586,10.590915667579575,10.474642003188773,10.487930150414602,61345400,PETR4.SA
2022-01-24,10.614171981811523,10.713835312657714,10.311859160114873,10.527796799377622,79117100,PETR4.SA
2022-01-25,10.959673881530762,11.039404047803986,10.49125440234503,10.531120119125713,98358500,PETR4.SA
2022-01-26,11.252018928527832,11.384904221783406,11.062658209375892,11.062658209375892,98679900,PETR4.SA
2022-01-27,11.255340576171875,11.507821086103895,11.019469142042919,11.378258635790889,90631000,PETR4.SA
2022-01-28,10.810178756713867,11.41148166412336,10.703871018366723,11.228765318044719,117400500,PETR4.SA
2022-01-31,10.747056007385254,10.962994280430143,10.654037067507707,10.796888306484231,62450300,PETR4.SA
2022-02-01,10.962995529174805,11.069303263226175,10.614173197613237,10.747057231533372,57315200,PETR4.SA
2022-02-02,10.803532600402832,11.125778592493369,10.750378739909467,11.099201028602687,36271700,PETR4.SA
2022-02-03,10.65403938293457,10.936419093096585,10.504544354080116,10.747058343027792,51087800,PETR4.SA
2022-02-04,10.840076446533203,11.039403112618771,10.590916846638208,10.766989410900745,59346800,PETR4.SA
2022-02-07,10.680617332458496,10.88991000010708,10.673972939745923,10.813501384844978,48868100,PETR4.SA
2022-02-08,10.57430648803711,10.61417220138669,10.384945775325644,10.597561223472692,62590000,PETR4.SA
2022-02-09,10.614171981811523,10.860008113412926,10.514508017321328,10.544407143303985,50960500,PETR4.SA
2022-02-10,10.776958465576172,10.929776971996121,10.610853073915194,10.730448981256867,49534600,PETR4.SA
2022-02-11,11.215474128723145,11.26530642482521,10.840075562629204,10.8865850297709,88013400,PETR4.SA
2022-02-14,10.962995529174805,11.275274339539685,10.90319727035989,11.248698039670918,55687000,PETR4.SA
2022-02-15,10.790244102478027,10.856686746665638,10.594238999132996,10.850042355518074,65689000,PETR4.SA
2022-02-16,10.939740180969238,11.195543547780565,10.886586316910268,10.906519491165414,65811600,PETR4.SA
2022-02-17,10.896551132202148,11.059335536728764,10.813498149079741,10.913161475369039,43255200,PETR4.SA
2022-02-18,10.962995529174805,10.992894658582262,10.720480931664607,10.820144273926747,60304700,PETR4.SA
2022-02-21,11.24537467956543,11.295206981989443,10.96299501193093,10.979605356976238,51263800,PETR4.SA
2022-02-22,11.208830833435059,11.52110958465891,11.032757652586538,11.368292404312426,80206700,PETR4.SA
2022-02-23,11.368292808532715,11.494532431244362,11.228763136998843,11.355004026998449,86530100,PETR4.SA
2022-02-24,11.092556953430176,11.723760173635982,10.856686769981241,11.560975758391148,139674100,PETR4.SA
2022-02-25,11.295207023620605,11.295207023620605,10.92977436212459,11.112490692872598,86189100,PETR4.SA
2022-03-02,11.51778793334961,11.723760259002125,11.424768990982693,11.713793038542782,58071800,PETR4.SA
2022-03-03,11.3749361038208,11.604161860415164,11.348358543311859,11.567618348359286,69237400,PETR4.SA
2022-03-04,11.371615409851074,11.52111104755837,11.23540855489289,11.321784375474026,55418000,PETR4.SA
2022-03-07,10.564342498779297,11.494535946776455,10.507866427273772,11.461315250068406,110954100,PETR4.SA
2022-03-08,10.783599853515625,10.953028661792404,10.467998873573219,10.630782656970801,111633500,PETR4.SA
2022-03-09,10.816822052001953,10.903196605418,10.544407708053672,10.830109567481909,87779300,PETR4.SA
2022-03-10,11.19554328918457,11.494533292377147,10.803533075571323,10.830109373342905,136437700,PETR4.SA
2022-03-11,10.793566703796387,11.421447080171532,10.654037027219685,11.265307059720653,92153700,PETR4.SA
2022-03-14,10.58759593963623,10.926451673129487,10.471321621464323,10.77363446852485,52274100,PETR4.SA
2022-03-15,10.331792831420898,10.477966281833668,10.122498926613787,10.345080981288929,66272000,PETR4.SA
2022-03-16,10.242094993591309,10.477965821413989,10.08927779178161,10.464677038485817,72034900,PETR4.SA
2022-03-17,9.969679832458496,10.43145420021644,9.800251676588672,10.381622538759187,178319300,PETR4.SA
2022-03-18,10.169008255004883,10.23877246215827,9.91984928606731,9.996257884466932,93097100,PETR4.SA
2022-03-21,10.551051139831543,10.660681053120927,10.178973493539226,10.268670868133443,67700800,PETR4.SA
2022-03-22,10.504541397094727,10.664002336132057,10.414844024845012,10.627459455086738,56128600,PETR4.SA
2022-03-23,10.647395133972168,10.786924843280978,10.527799236005425,10.607530045864637,52956100,PETR4.SA
2022-03-24,10.77031135559082,10.83010961099916,10.52115301412947,10.647393282712823,49402800,PETR4.SA
2022-03-25,10.730446815490723,10.813499811380415,10.604206540541782,10.680615778329795,51780100,PETR4.SA
2022-03-28,10.497896194458008,10.657358388448587,10.291924537110631,10.650713998356498,68610500,PETR4.SA
2022-03-29,10.730446815490723,10.883264023778604,10.604206540541782,10.673971386584041,93809000,PETR4.SA
2022-03-30,10.959673881530762,10.959673881530762,10.757024369046755,10.796889452183366,69648400,PETR4.SA
2022-03-31,11.112491607666016,11.152356692661044,10.796889955508885,10.820144694030002,94269500,PETR4.SA
2022-04-01,10.966317176818848,11.225443389463983,10.933096484902165,11.14571195466052,72545400,PETR4.SA
2022-04-04,10.86333179473877,10.929774442944288,10.713836153098379,10.929774442944288,56053000,PETR4.SA
2022-04-05,10.760347366333008,10.9829300837143,10.76034736633301,10.850044765819053,45847200,PETR4.SA
2022-04-06,10.750378608703613,10.889907015562791,10.64407088901434,10.830108764826578,56947100,PETR4.SA
2022-04-07,11.308496475219727,11.315140867112799,10.796889705046809,10.843399181010133,118469400,PETR4.SA
2022-04-08,11.364971160888672,11.431413808178723,11.245374649224196,11.318461687972063,60772700,PETR4.SA
2022-04-11,11.278595924377441,11.328426956365103,11.222119234045808,11.261985580381554,48125400,PETR4.SA
2022-04-12,11.24537467956543,11.52111122301228,11.228764334520122,11.428092276928087,68522800,PETR4.SA
2022-04-13,11.484566688537598,11.560975282823518,11.328426670877509,11.418124046940454,101438800,PETR4.SA
2022-04-14,11.364723205566406,11.655473757557528,11.32474474471613,11.484657894913244,119382100,PETR4.SA
2022-04-18,11.16483211517334,11.40833597377282,11.073972476788517,11.324745272827752,76350600,PETR4.SA
2022-04-19,11.502830505371094,11.630034142444895,11.310208508537444,11.324745690749392,88494100,PETR4.SA
2022-04-20,11.55734634399414,11.611862684506807,11.38653046423944,11.502830696685539,34694700,PETR4.SA
2022-04-22,11.106681823730469,11.375626265846787,11.019456655466044,11.28476662892084,74560900,PETR4.SA
2022-04-25,10.943134307861328,11.063068994460366,10.735974457663351,10.89225244252563,66413900,PETR4.SA
2022-04-26,10.92496395111084,11.11395218652534,10.863179362348566,10.943136296749218,48764100,PETR4.SA
2022-04-27,10.92496395111084,11.106683248269988,10.88498617711462,11.037630414456467,41881300,PETR4.SA
2022-04-28,10.997651100158691,11.128489205860747,10.994016631310961,11.066704621857449,43298500,PETR4.SA
2022-04-29,11.004919052124023,11.481023337266254,11.004919052124023,11.175734913442719,76243900,PETR4.SA
2022-05-02,10.895886421203613,11.023090039018866,10.65965152709183,10.964939932566857,72456200,PETR4.SA
2022-05-03,10.994013786315918,11.044894950609166,10.837735132325088,10.946767089929885,52531000,PETR4.SA
2022-05-04,11.655475616455078,11.69181892134726,11.048533135820643,11.121221132013217,109417000,PETR4.SA
2022-05-05,11.6336669921875,11.811752485839678,11.2738636159304,11.560979700504731,99439900,PETR4.SA
2022-05-06,12.015277862548828,12.037083286252194,11.593688545382172,11.880804613141132,129570200,PETR4.SA
2022-05-09,11.688183784484863,12.008010098647656,11.651840483824385,11.884440935430762,92314500,PETR4.SA
2022-05-10,11.789948463439941,11.938958243823443,11.7027239700687,11.760874094452303,60330600,PETR4.SA
2022-05-11,12.200632095336914,12.324201258631332,11.880805780973473,11.913515306151643,108895400,PETR4.SA
2022-05-12,12.295125961303711,12.385985592517338,12.087964726641333,12.087964726641333,114415900,PETR4.SA
2022-05-13,12.455038070678711,12.5168219527294,12.320566208374105,12.393252802220113,67000100,PETR4.SA
2022-05-16,12.578609466552734,12.676738049450936,12.360545486865124,12.4477713560218,92075300,PETR4.SA
2022-05-17,12.415060997009277,12.771230614932355,12.407792059532309,12.72034943900164,90914700,PETR4.SA
2022-05-18,12.211535453796387,12.560437536276838,12.149751562087134,12.422330490845162,80986200,PETR4.SA
2022-05-19,12.418697357177734,12.462310991116606,12.113410238055735,12.182463078846423,63983100,PETR4.SA
2022-05-20,12.658564567565918,12.658564567565918,12.44776955631886,12.571338711020388,79589900,PETR4.SA
2022-05-23,13.156476020812988,13.196454483847903,12.7748658138209,12.785768526863853,93807400,PETR4.SA
2022-05-24,12.798240661621094,12.99669429830481,12.437783362550844,12.636237771725275,154453100,PETR4.SA
2022-05-25,12.980494499206543,13.073646070622695,12.660538866627785,12.838742443786643,69991900,PETR4.SA
2022-05-26,13.012895584106445,13.187048988599766,12.939994087110101,12.968344497610735,78303600,PETR4.SA
2022-05-27,12.39323616027832,13.020998578314016,12.381085650803378,13.020998578314016,118295600,PETR4.SA
2022-05-30,12.146180152893066,12.502587341610674,11.79382390613932,12.490436833191605,98110100,PETR4.SA
2022-05-31,12.174529075622559,12.401333903388588,12.073277168670462,12.31628189985364,83598000,PETR4.SA
2022-06-01,12.158329010009766,12.283881156658053,12.089477683301208,12.109727755425187,46353200,PETR4.SA
2022-06-02,12.053028106689453,12.170479926904758,11.96797609602454,12.138079344863556,50738300,PETR4.SA
2022-06-03,12.263630867004395,12.32843202364058,11.959875155588252,12.03277587743592,60396900,PETR4.SA
2022-06-06,12.27173137664795,12.364883722410848,12.113778641752548,12.352733214922441,39213900,PETR4.SA
2022-06-07,12.417534828186035,12.67673948410674,12.215030997625284,12.22718150555562,80333700,PETR4.SA
2022-06-08,12.356782913208008,12.615987549823679,12.283881416037161,12.320332164622585,65923900,PETR4.SA
2022-06-09,12.178581237792969,12.417535839107403,12.142130483525285,12.356784839491553,53879000,PETR4.SA
2022-06-10,12.008476257324219,12.154279253534957,11.769521690196958,12.154279253534957,63101700,PETR4.SA
2022-06-13,11.854574203491211,11.98012635978036,11.61156945689001,11.753322290114943,64507100,PETR4.SA
2022-06-14,11.988225936889648,12.251480740450772,11.84242294369055,12.012526178259249,68816900,PETR4.SA
2022-06-15,11.777623176574707,12.158330607969317,11.680421427121136,12.15023026905881,72785700,PETR4.SA
2022-06-17,11.060757637023926,11.52246683872868,10.582848532578867,11.40906442958369,184606500,PETR4.SA
2022-06-20,11.186311721801758,11.441466203433711,10.49374823310224,10.538299322153371,92581800,PETR4.SA
2022-06-21,10.963555335998535,11.405013670829218,10.809652791718337,11.25921069125485,85179500,PETR4.SA
2022-06-22,10.93115520477295,11.15795924807482,10.68815048641845,10.765102147937027,57874700,PETR4.SA
2022-06-23,10.72865104675293,11.089107557355538,10.578798669925392,10.92710467464036,69262300,PETR4.SA
2022-06-24,10.647651672363281,10.971657488937678,10.603100582900252,10.83800499303939,53413400,PETR4.SA
2022-06-27,11.332113265991211,11.368564014374638,10.797503319688605,10.862304478483422,90417700,PETR4.SA
2022-06-28,11.473867416381836,11.676371254138305,11.348315253270261,11.575119335260071,51388000,PETR4.SA
2022-06-29,11.372618675231934,11.672324346156133,11.275416898647684,11.534621636205681,52048800,PETR4.SA
2022-06-30,11.31186294555664,11.364513596239114,11.097208628948062,11.198460533906513,49910100,PETR4.SA
2022-07-01,11.5548677444458,11.684470060007175,11.145809953148502,11.372614005380909,64948200,PETR4.SA
2022-07-04,11.801920890808105,11.858622478535555,11.55891695551296,11.55891695551296,37324200,PETR4.SA
2022-07-05,11.35236644744873,11.724973573453749,11.157962158561531,11.704722724355651,78428500,PETR4.SA
2022-07-06,11.206562042236328,11.534618032270044,10.898756126313149,11.405015703984667,57617200,PETR4.SA
2022-07-07,11.534619331359863,11.712822939067896,11.340215817037045,11.340215817037045,52147300,PETR4.SA
2022-07-08,11.664220809936523,11.733072146052079,11.490068157400318,11.554869324039567,43097800,PETR4.SA
2022-07-11,11.60752010345459,11.660171534705537,11.441467015646248,11.469817429785598,39577600,PETR4.SA
2022-07-12,11.433365821838379,11.514367661172889,11.32806373969983,11.46171623385822,46462000,PETR4.SA
2022-07-13,11.441465377807617,11.534616945928274,11.33211313393168,11.39286412303251,35497200,PETR4.SA
2022-07-14,11.133659362792969,11.3402133413522,11.032407457959467,11.3402133413522,47151000,PETR4.SA
2022-07-15,11.324014663696289,11.360465417666669,11.133661327121642,11.218713343882818,38610800,PETR4.SA
2022-07-18,11.583218574523926,11.619669323658933,11.461715819910317,11.498166569045324,46782300,PETR4.SA
2022-07-19,11.81812572479248,11.84242597237684,11.502219416232023,11.562970421438395,48562300,PETR4.SA
2022-07-20,11.814074516296387,11.83432459208817,11.676371837937813,11.773573592221945,43520800,PETR4.SA
2022-07-21,11.75331974029541,11.797870047222279,11.421213660068409,11.737119066874275,58843200,PETR4.SA
2022-07-22,11.878872871398926,11.93557368817469,11.68446940889,11.761421069150458,55676200,PETR4.SA
2022-07-25,12.433737754821777,12.453987832544984,11.992279262535542,11.992279262535542,79106600,PETR4.SA
2022-07-26,12.559288024902344,12.806342952481353,12.38918477144465,12.63623969902366,78360100,PETR4.SA
2022-07-27,12.696990013122559,12.745590498646852,12.401334613295601,12.676739167078445,56097200,PETR4.SA
2022-07-28,13.0777006149292,13.215403311693029,12.729393702821747,12.794194881005788,114996500,PETR4.SA
2022-07-29,13.831010818481445,14.037564024553419,13.296400884550085,13.60825539185883,181480600,PETR4.SA
2022-08-01,13.640657424926758,13.831011509927272,13.454354281511787,13.770259745996437,81365100,PETR4.SA
2022-08-02,13.701410293579102,13.972764692390857,13.55965668130498,13.67710927705111,69147100,PETR4.SA
2022-08-03,13.709508895874023,13.835061828708438,13.592057846750723,13.77431006072819,65544500,PETR4.SA
2022-08-04,13.85531234741211,13.932264795319345,13.600158621667651,13.802662461454375,54387500,PETR4.SA
2022-08-05,14.122618675231934,14.199571130337688,13.818862887137005,13.831014169248448,77882600,PETR4.SA
2022-08-08,14.835428237915039,14.892129052491024,14.227916861775798,14.231966257824945,109484600,PETR4.SA
2022-08-09,15.078433990478516,15.171585560666324,14.924530657350976,14.98933181682865,79051200,PETR4.SA
2022-08-10,15.02983283996582,15.248537322863095,14.82732903246422,15.248537322863095,78369600,PETR4.SA
2022-08-11,14.681527137756348,15.333589693692367,14.681527137756348,15.167536620968042,128896500,PETR4.SA
2022-08-12,15.771775245666504,15.831460717767552,14.463678214524878,14.473625951319786,171288300,PETR4.SA
2022-08-15,15.77674674987793,16.030408308125853,15.194817515936993,15.358951353783501,96759000,PETR4.SA
2022-08-16,15.920989036560059,15.950832249819529,15.667328364533967,15.776750633813233,64218800,PETR4.SA
2022-08-17,16.294017791748047,16.323860999746337,15.717063333805914,15.741931725136169,72924700,PETR4.SA
2022-08-18,16.62228775024414,16.74165870112958,16.34873161374709,16.46312774728815,84552500,PETR4.SA
2022-08-19,15.78172492980957,16.487999150702663,15.582774912704446,16.373601112113754,125178200,PETR4.SA
2022-08-22,16.11993980407715,16.204494625298814,15.160004941758157,15.786698182681464,92400300,PETR4.SA
2022-08-23,16.63223648071289,16.662079694550425,16.22438871161832,16.229363529259746,73215800,PETR4.SA
2022-08-24,16.731706619262695,16.970446561706034,16.537730534611008,16.681969842754818,61067900,PETR4.SA
2022-08-25,16.552656173706055,17.089822628998782,16.24925681255038,16.960503935389653,99511600,PETR4.SA
2022-08-26,16.731706619262695,16.746627272747777,16.199515141815507,16.55265118809609,63545400,PETR4.SA
2022-08-29,17.149507522583008,17.44793396986451,16.637211349488066,16.686948142033142,73339500,PETR4.SA
2022-08-30,16.129884719848633,17.020187160310577,16.050304730034732,16.91076396281523,99361100,PETR4.SA
2022-08-31,16.52778434753418,16.632232726383304,15.826485108018298,15.95082895826818,114235400,PETR4.SA
2022-09-01,16.83616065979004,16.885899350389383,16.294021264947958,16.5924477165329,69184700,PETR4.SA
2022-09-02,16.62228775024414,17.194270315286342,16.542707748766148,17.12961097116769,81792300,PETR4.SA
2022-09-05,16.582496643066406,16.965475945633525,16.487995995940754,16.836157273422984,76337600,PETR4.SA
2022-09-06,15.96574878692627,16.20946355563195,15.672298188297379,16.05030358733552,111813500,PETR4.SA
2022-09-08,15.816540718078613,16.30396848648607,15.617590705327455,16.070203288755515,63159800,PETR4.SA
2022-09-09,15.811569213867188,16.24925833244897,15.766805338405739,16.159732478863226,49871900,PETR4.SA
2022-09-12,15.657379150390625,16.27909847131149,15.647431413575477,15.990621693019342,71374500,PETR4.SA
2022-09-13,15.244559288024902,15.637486398766837,15.179900888730769,15.388798642196551,88327800,PETR4.SA
2022-09-14,15.478321075439453,15.63250716598164,15.234606322795502,15.294291781307287,49039700,PETR4.SA
2022-09-15,15.448482513427734,15.533036385000981,15.319164771688154,15.378850248132755,45553200,PETR4.SA
2022-09-16,15.309219360351562,15.393773239532912,15.090373858587734,15.349009365338754,107303600,PETR4.SA
2022-09-19,15.55293083190918,15.607641487309236,14.861578298746934,15.169951500766782,65559900,PETR4.SA
2022-09-20,15.46340274810791,15.71706434032796,15.339058886157005,15.627536607936369,67798200,PETR4.SA
2022-09-21,15.503194808959961,15.652407083689027,15.363929323522592,15.592722553264803,58812200,PETR4.SA
2022-09-22,15.886175155639648,15.955808376958498,15.433563486075672,15.65738191188097,69764300,PETR4.SA
2022-09-23,14.8914213180542,15.612615155199833,14.806867453156475,15.577799025301074,138630800,PETR4.SA
2022-09-26,14.568129539489746,14.961055709769065,14.558181801338744,14.782000217725134,42934600,PETR4.SA
2022-09-27,14.757131576538086,14.861579979387656,14.712367704268695,14.752157707544985,71087600,PETR4.SA
2022-09-28,14.558181762695312,14.831737920442054,14.21499238674492,14.757131781844626,104670700,PETR4.SA
2022-09-29,14.578073501586914,14.622837365916045,14.224937403733048,14.418913516713715,87536500,PETR4.SA
2022-09-30,14.821786880493164,15.164976179991859,14.423886930834032,14.533309179823215,121637100,PETR4.SA
2022-10-03,16.005544662475586,16.23433695027556,15.746909159917633,15.87125304207028,179694100,PETR4.SA
2022-10-04,15.602668762207031,16.4034426161599,15.453455553431935,16.363653565555303,115917200,PETR4.SA
2022-10-05,16.189573287963867,16.323864910120708,15.518117074516763,15.622565481526383,92893700,PETR4.SA
2022-10-06,16.74165916442871,16.80631851033671,16.134860450531242,16.41339141208058,82671900,PETR4.SA
2022-10-07,16.72673797607422,17.06992637530846,16.522814104528617,16.701869581463658,73500100,PETR4.SA
2022-10-10,16.537734985351562,16.856054994277656,16.41339111328125,16.73668593959883,52222600,PETR4.SA
2022-10-11,16.413387298583984,16.57752208229133,16.219411206810918,16.358675704014868,58332400,PETR4.SA
2022-10-13,16.880922317504883,17.15448033656172,16.11993847589498,16.164702342891843,91143900,PETR4.SA
2022-10-14,16.62228775024414,16.980398705563562,16.562603223469868,16.895845784078087,62246100,PETR4.SA
2022-10-17,16.607364654541016,16.985371029064115,16.333808558208304,16.53275948136116,100936400,PETR4.SA
2022-10-18,17.015214920043945,17.025162657443992,16.49297103923144,16.861029733685502,82313200,PETR4.SA
2022-10-19,17.617036819458008,17.68667097341917,16.92071235587664,16.975423956749204,113700900,PETR4.SA
2022-10-20,18.139286041259766,18.17907509672645,17.791122793575234,17.955255730548036,114347400,PETR4.SA
2022-10-21,18.761003494262695,19.094244151260167,18.099493202844744,18.129336414338475,139601400,PETR4.SA
2022-10-24,17.035110473632812,18.313365326728672,17.025162736186758,18.154205322265625,142110900,PETR4.SA
2022-10-25,16.676998138427734,17.159452929387257,16.517838147101518,16.930660679022914,113161200,PETR4.SA
2022-10-26,16.269153594970703,16.677001389416443,15.866279669807053,16.214441981536275,121334800,PETR4.SA
2022-10-27,16.39349365234375,16.681972311319868,16.24925432285569,16.31888847654201,111008800,PETR4.SA
2022-10-28,16.199520111083984,16.473076260464577,15.846383956477457,16.264179458247867,129745400,PETR4.SA
2022-10-31,14.826760292053223,15.717062706429356,14.5034664743232,15.224661178132564,262409400,PETR4.SA
2022-11-01,14.85163402557373,15.254507949994084,14.70242079339202,15.204770205933514,115944200,PETR4.SA
2022-11-03,14.896393775939941,15.11523827134444,14.642732205264986,14.82178670617155,139062100,PETR4.SA
2022-11-04,14.075726509094238,15.368903020745261,14.016041979337027,15.319165280168589,195361000,PETR4.SA
2022-11-07,13.503745079040527,14.075726733103892,13.463955075679646,13.906618981653017,117206600,PETR4.SA
2022-11-08,13.603216171264648,13.692743887098201,13.30479076804221,13.458976862717659,94745400,PETR4.SA
2022-11-09,13.379399299621582,13.901644086808593,13.250081569899134,13.503743161046817,103303500,PETR4.SA
2022-11-10,12.991449356079102,13.374427795993459,12.737787720082707,12.971553879372618,145470100,PETR4.SA
2022-11-11,13.424163818359375,13.608193159630979,12.78254995551514,12.832286743568917,146365800,PETR4.SA
2022-11-14,13.777298927307129,14.016038891069451,13.473899630441498,13.558453486190857,66639500,PETR4.SA
2022-11-16,13.503745079040527,13.981226068039618,13.394322806965231,13.832012843934928,85549900,PETR4.SA
2022-11-17,13.508718490600586,13.578350756957054,13.20531913233001,13.429138486573628,101525800,PETR4.SA
2022-11-18,13.279923439025879,13.727561105232398,13.041182528203224,13.62808564666727,127683500,PETR4.SA
2022-11-21,13.319719314575195,13.712645557216426,12.956634394545544,13.48882709961128,164898100,PETR4.SA
2022-11-22,12.414419174194336,12.467631632711452,11.866332576871534,12.238818771548114,164261300,PETR4.SA
2022-11-23,12.472953796386719,12.584699053137253,12.132394648554218,12.23881957255374,77317300,PETR4.SA
2022-11-24,12.903973579406738,13.10617972912752,12.371850957575534,12.515524309056364,94233800,PETR4.SA
2022-11-25,12.696446418762207,12.946543692283292,12.558094411619678,12.909295270157108,58635900,PETR4.SA
2022-11-28,12.962503433227539,13.063605969734748,12.526163178995867,12.584695959357136,56067400,PETR4.SA
2022-11-29,13.505268096923828,13.771329336945474,13.02635806787348,13.090213212053632,96151500,PETR4.SA
2022-11-30,14.186385154724121,14.186385154724123,13.569123162638748,13.622335613323985,120774700,PETR4.SA
2022-12-01,13.617016792297363,14.255564289064914,13.601052749648032,14.143818020406123,71259400,PETR4.SA
2022-12-02,13.7872953414917,14.074642008836237,13.468021604978842,13.67022874457905,66301000,PETR4.SA
2022-12-05,13.632981300354004,14.143818503252561,13.595731866233928,13.835187439432191,56065400,PETR4.SA
2022-12-06,13.643622398376465,14.042714326705978,13.526555798112714,13.73940462356647,74991200,PETR4.SA
2022-12-07,13.489306449890137,13.872434309274656,13.446736687736303,13.48398510275301,57008400,PETR4.SA
2022-12-08,13.185996055603027,13.723439908111528,13.111498214649474,13.595729613603474,55567700,PETR4.SA
2022-12-09,13.1487455368042,13.329667254913934,13.03167896065092,13.29774019140723,61586200,PETR4.SA
2022-12-12,12.723051071166992,13.122143014465689,12.30799508475676,13.079573247778224,111293100,PETR4.SA
2022-12-13,12.409099578857422,12.877368061989799,12.40377823076008,12.824155595959752,102533100,PETR4.SA
2022-12-14,11.424671173095703,12.02597024348894,11.052185984347044,11.972757783683916,319501600,PETR4.SA
2022-12-15,11.727980613708496,11.90358100150264,11.084111848501207,11.17457271584626,132385600,PETR4.SA
2022-12-16,11.733302116394043,11.76523020095555,11.44595645994319,11.685411004495027,90767300,PETR4.SA
2022-12-19,11.90890121459961,11.97807770861355,11.515130682716771,11.759907562772291,63074100,PETR4.SA
2022-12-20,12.276067733764648,12.36652861278225,11.818441991094037,11.914224217694237,71875500,PETR4.SA
2022-12-21,12.54212760925293,12.621945784106748,12.158999760988701,12.504879195317358,74252800,PETR4.SA
2022-12-22,12.76562213897705,13.06893188440766,12.611307099610338,12.717731019704491,81894800,PETR4.SA
2022-12-23,13.36691951751709,13.420130963010497,12.840117275631641,12.840117275631641,68387900,PETR4.SA
2022-12-26,13.271136283874512,13.462699705978121,13.207281133211183,13.36691850239791,28765200,PETR4.SA
2022-12-27,13.361598014831543,13.468021919525883,13.063608645823582,13.436094849611907,50803200,PETR4.SA
2022-12-28,13.196639060974121,13.473343035319155,13.170033338993852,13.356276437685441,57293500,PETR4.SA
2022-12-29,13.037001609802246,13.329668586902178,12.999753196165143,13.297741520205113,57901800,PETR4.SA
2023-01-02,12.196249008178711,12.669837757617953,12.13239385496714,12.52616543904257,78424700,PETR4.SA
2023-01-03,11.887618064880371,12.292031332045115,11.775871799573011,12.206891803688666,96750300,PETR4.SA
2023-01-04,12.265423774719238,12.552770424910445,11.616234660686644,11.685410142245729,129504000,PETR4.SA
2023-01-05,12.707087516784668,12.792228068377492,12.318638253953454,12.419741834328475,73886000,PETR4.SA
2023-01-06,12.632589340209961,12.941220381666227,12.531485770525412,12.739014257240354,51851500,PETR4.SA
2023-01-09,12.701765060424805,12.770940541784476,12.371848649853712,12.5048792804973,46385200,PETR4.SA
2023-01-10,12.81883430480957,12.829477001051535,12.435706374589262,12.744337461002576,52741100,PETR4.SA
2023-01-11,12.91993522644043,13.100856965492584,12.797546274768795,12.850758730068224,53536500,PETR4.SA
2023-01-12,13.10617733001709,13.116820024091952,12.829474388672805,12.925256605460245,58130000,PETR4.SA
2023-01-13,13.07425308227539,13.122144200997111,12.903974000128553,13.00507758575701,40002700,PETR4.SA
2023-01-16,12.792226791381836,13.03700268107831,12.680480526344969,12.989111569625829,31973700,PETR4.SA
2023-01-17,13.579769134521484,13.632981598054565,12.829476342040676,12.829476342040676,91797500,PETR4.SA
2023-01-18,13.340313911437988,13.851152154042028,13.303065490455648,13.750048572130426,69692900,PETR4.SA
2023-01-19,13.776650428771973,13.808578507743157,13.191316523503207,13.30306175507315,75553300,PETR4.SA
2023-01-20,14.032071113586426,14.154459047983105,13.526554320287936,13.77665153600417,114219500,PETR4.SA
2023-01-23,14.25556468963623,14.686583703846859,13.904362846085268,13.978860698932221,87678100,PETR4.SA
2023-01-24,14.154458999633789,14.64933309739612,14.032071065655165,14.61740501596793,65794000,PETR4.SA
2023-01-25,14.335381507873535,14.409878338671389,13.84050738341762,14.12785302716877,51832900,PETR4.SA
2023-01-26,13.968216896057129,14.473733723034577,13.728761343290293,14.415199917926415,73344800,PETR4.SA
2023-01-27,13.632981300354004,13.95757539242539,13.5371990710747,13.930969668711496,47681900,PETR4.SA
2023-01-30,13.702156066894531,13.872435125529098,13.574446772918607,13.755368526453646,40683200,PETR4.SA
2023-01-31,13.8724365234375,13.946933365361266,13.579769488785548,13.638302286749928,54048900,PETR4.SA
2023-02-01,13.68087100982666,14.09060563897079,13.542520032528673,13.872435462921219,56349200,PETR4.SA
2023-02-02,13.047645568847656,13.734083151582347,12.994433109230698,13.574446787674722,83823000,PETR4.SA
2023-02-03,13.191316604614258,13.505267930216794,12.99443084285361,13.058285986245545,71170700,PETR4.SA
2023-02-06,13.718120574951172,13.766011688685868,13.170033948289248,13.233889104916605,82794500,PETR4.SA
2023-02-07,13.632981300354004,13.909684277785738,13.547840751594276,13.787296324792539,55311800,PETR4.SA
2023-02-08,13.861791610717773,13.915004067129425,13.601051690738188,13.72876097716024,48713100,PETR4.SA
2023-02-09,13.79793643951416,14.005463887508226,13.723439615094366,13.861790570461666,38198300,PETR4.SA
2023-02-10,14.218311309814453,14.255560733371958,13.797935107667035,13.824540823836525,54683100,PETR4.SA
2023-02-13,14.260886192321777,14.308777310601089,14.032074312140313,14.202353392714139,36726900,PETR4.SA
2023-02-14,14.207673072814941,14.399236508498525,14.15446061264712,14.28749125559504,35839000,PETR4.SA
2023-02-15,14.228957176208496,14.260884245722226,13.994822964906936,14.143817647543063,72554100,PETR4.SA
2023-02-16,14.287492752075195,14.340705217816518,14.095928281383777,14.15446209519357,44115700,PETR4.SA
2023-02-17,14.069323539733887,14.191711509036132,14.032075115593502,14.191711509036132,61085700,PETR4.SA
2023-02-22,13.707479476928711,13.893722605938255,13.670231054115483,13.835188790121238,38608500,PETR4.SA
2023-02-23,14.127853393554688,14.25556369958185,13.712798451267695,13.712798451267695,73913400,PETR4.SA
2023-02-24,13.781973838806152,14.207672487673081,13.766010811873524,14.191708445797236,64409100,PETR4.SA
2023-02-27,13.915005683898926,14.228958096767954,13.734083920044121,13.750047963305418,76250600,PETR4.SA
2023-02-28,13.43077278137207,14.32473881053468,13.43077278137207,13.946931279545225,130248100,PETR4.SA
2023-03-01,13.462702751159668,13.53187926460418,12.872047294901346,13.468024099497201,109257700,PETR4.SA
2023-03-02,13.111501693725586,13.659588385365874,12.967829350431721,13.526557723652122,124516200,PETR4.SA
2023-03-03,13.675552368164062,13.696836746171217,13.010399062610233,13.212605220923502,87591800,PETR4.SA
2023-03-06,13.8139009475708,13.899041489545027,13.499949575983484,13.675549977352834,50227400,PETR4.SA
2023-03-07,13.356276512145996,13.718120016777034,13.265815635988236,13.68619193229083,59052500,PETR4.SA
2023-03-08,13.526556015014648,13.792617304834021,13.37223997974664,13.382882674925801,66220400,PETR4.SA
2023-03-09,13.468024253845215,13.9575771421311,13.452061223593093,13.489309647439285,68042300,PETR4.SA
2023-03-10,13.2924222946167,13.611696057370049,13.27113791840291,13.388204524937036,48118600,PETR4.SA
2023-03-13,12.87204647064209,13.228568666879626,12.82415535361441,13.063609923809459,58605500,PETR4.SA
2023-03-14,12.643232345581055,13.159390871492485,12.558092815841915,12.91993632470488,58916700,PETR4.SA
2023-03-15,12.4197416305542,12.49423847016438,12.132394937869252,12.414420282733,93708800,PETR4.SA
2023-03-16,12.377169609069824,12.515521582397476,12.222853595185589,12.451666435114278,66821000,PETR4.SA
2023-03-17,12.510200500488281,12.51020050048828,12.164321067315626,12.292030349643538,93502700,PETR4.SA
2023-03-20,12.201570510864258,12.584698390181629,12.180285121208337,12.510201556272394,57575200,PETR4.SA
2023-03-21,12.451666831970215,12.558091742519778,12.281387787045444,12.345242936363816,43391200,PETR4.SA
2023-03-22,12.414419174194336,12.56873520239965,12.260104160932253,12.446346243327316,46435600,PETR4.SA
2023-03-23,12.132394790649414,12.595341896043122,12.020649532590113,12.435705523117461,74711200,PETR4.SA
2023-03-24,12.1270751953125,12.307995955323598,11.962116449655369,12.084504410670634,52556800,PETR4.SA
2023-03-27,12.334600448608398,12.430382666716268,12.148357359503448,12.297352033776045,39148700,PETR4.SA
2023-03-28,12.552770614624023,12.57937633525427,12.318636416293744,12.355884831153364,29091100,PETR4.SA
2023-03-29,12.717729568481445,12.792227420484126,12.488916694720974,12.616625993227062,49148600,PETR4.SA
2023-03-30,12.75497817993164,12.919936914405731,12.600663155839818,12.90397287124728,56116900,PETR4.SA
2023-03-31,12.47827434539795,12.888007942201176,12.350564038795413,12.770941345249287,59547800,PETR4.SA
2023-04-03,13.031681060791016,13.037002408056876,12.664516218992253,12.818832244872606,73931200,PETR4.SA
2023-04-04,12.9146146774292,13.175354608070416,12.824153802313411,13.106178107423691,57505700,PETR4.SA
2023-04-05,12.957184791564941,13.052967016622956,12.38249245616011,12.872045261500762,93626400,PETR4.SA
2023-04-06,12.770939826965332,12.99443131453495,12.744334108303065,12.951861555709456,29565400,PETR4.SA
2023-04-10,13.042323112487793,13.122141287655186,12.786904545974869,12.786904545974869,41455900,PETR4.SA
2023-04-11,13.654267311096191,13.675552704570345,13.106180608457773,13.143430047037546,80565000,PETR4.SA
2023-04-12,13.755369186401367,13.91500555779441,13.3988470096765,13.824544676686807,71563400,PETR4.SA
2023-04-13,13.851150512695312,13.883077581904944,13.728761553329138,13.755368290123188,38852800,PETR4.SA
2023-04-14,13.99482250213623,14.048034959528346,13.686191467193813,13.728761230118863,38421100,PETR4.SA
2023-04-17,14.212990760803223,14.260881864548942,13.946929524412807,13.962893563975738,49427100,PETR4.SA
2023-04-18,14.574835777282715,14.697224730584578,14.1118897443805,14.212992294358623,99478800,PETR4.SA
2023-04-19,14.106571197509766,14.532268900192287,14.074644123544424,14.452450707807238,73217800,PETR4.SA
2023-04-20,14.202348709106445,14.356663694383176,13.989499928581791,14.111887850515586,54738400,PETR4.SA
2023-04-24,14.473734855651855,14.505661926871428,14.101248636631444,14.154461098626259,43820900,PETR4.SA
2023-04-25,14.41519832611084,14.633368465676384,14.218312558361319,14.45244673799621,53854100,PETR4.SA
2023-04-26,14.234280586242676,14.484377861069937,14.234280586242678,14.431166409150844,40249400,PETR4.SA
2023-04-27,13.88840103149414,14.463093438972495,13.787297446259572,14.28749300932476,115632700,PETR4.SA
2023-04-28,14.206192016601562,14.415987179842947,13.876511779669016,14.146250051404929,81138500,PETR4.SA
2023-05-02,13.63074779510498,14.230165030474405,13.57080584290851,14.206188935574403,67911100,PETR4.SA
2023-05-03,13.582794189453125,13.780601827423894,13.438934193046896,13.546829476175972,51133700,PETR4.SA
2023-05-04,13.798583984375,14.014373395272978,13.552823028006777,13.720659109449919,57854400,PETR4.SA
2023-05-05,14.38601016998291,14.487911121085517,13.894488338769406,13.966417749372795,83365200,PETR4.SA
2023-05-08,14.691715240478516,14.763644661937072,14.511889400237044,14.655750529749238,59352300,PETR4.SA
2023-05-09,14.739670753479004,14.86554783133389,14.52987448042315,14.631775462004695,33978200,PETR4.SA
2023-05-10,14.703704833984375,14.877535233456374,14.583820932536531,14.739669547099684,41500700,PETR4.SA
2023-05-11,15.243178367614746,15.27314876791409,14.34405263906458,14.463935383559445,136878100,PETR4.SA
2023-05-12,15.734701156616211,16.028415441010676,15.273149648297391,15.333091595648773,117237500,PETR4.SA
2023-05-15,15.381047248840332,15.674761577613001,15.22519861949811,15.620813931175396,81996700,PETR4.SA
2023-05-16,15.76467227935791,16.20224771471938,15.632800903794138,15.650783831810944,117782700,PETR4.SA
2023-05-17,15.381047248840332,16.04040648273505,15.291134885876899,15.944499809801027,107129200,PETR4.SA
2023-05-18,15.470959663391113,15.494936903353434,15.195228263610806,15.339088273491539,63010500,PETR4.SA
2023-05-19,15.446979522705078,15.69274045148997,15.369054656526009,15.632798510574707,69245500,PETR4.SA
2023-05-22,15.35706901550293,15.590841355340773,15.285138449161828,15.512916479863115,38010200,PETR4.SA
2023-05-23,15.734701156616211,15.842596433189188,15.297126884556963,15.375050615805474,58285300,PETR4.SA
2023-05-24,15.974467277526855,16.12432156932973,15.614816748540456,15.73470063930176,54796400,PETR4.SA
2023-05-25,15.854585647583008,16.08835799341787,15.698737035927234,16.064380756256554,49182700,PETR4.SA
2023-05-26,16.064380645751953,16.130316904194412,15.90253886921673,16.070374955001046,39866600,PETR4.SA
2023-05-29,15.99844741821289,16.076371161049927,15.920522532078133,16.034412134653238,17977100,PETR4.SA
2023-05-30,15.818618774414062,16.064379723022654,15.740695045246898,16.016426395081893,45736700,PETR4.SA
2023-05-31,15.656777381896973,15.800637369162333,15.506923085583361,15.74668973102563,49207600,PETR4.SA
2023-06-01,16.16028594970703,16.184263184689364,15.68075268303523,15.764670718878422,63148200,PETR4.SA
2023-06-02,16.292160034179688,16.543915309401136,16.250201012192377,16.442014337447276,39919300,PETR4.SA
2023-06-05,16.465991973876953,16.51993961957054,16.322131966459956,16.507952143092403,39321700,PETR4.SA
2023-06-06,16.81365203857422,16.933535936149173,16.310141498035534,16.45400263244451,75426600,PETR4.SA
2023-06-07,17.30517578125,17.419064230776016,17.04143188224175,17.17330326009706,82330400,PETR4.SA
2023-06-09,18.150352478027344,18.216287589862052,17.39508670002204,17.4430400283098,80442400,PETR4.SA
2023-06-12,18.46804428100586,18.575939563842706,18.00649388918925,18.114388028728477,119350400,PETR4.SA
2023-06-13,18.432004928588867,18.674698839052517,18.259563845325818,18.674698839052517,79174900,PETR4.SA
2023-06-14,19.223957061767578,19.223957061767578,18.444779294828436,18.483100351611668,98326000,PETR4.SA
2023-06-15,18.770498275756836,19.702956481565344,18.70024545139716,19.287821504626134,120579500,PETR4.SA
2023-06-16,18.9301700592041,19.10899801885462,18.54696920278499,18.66831557217366,94572000,PETR4.SA
2023-06-19,19.428333282470703,19.453879438286457,18.872690080029432,18.923783609826778,34573900,PETR4.SA
2023-06-20,19.524133682250977,19.63909442991801,19.096224909360277,19.35169256075043,55605300,PETR4.SA
2023-06-21,20.341629028320312,20.437429234222588,19.702959364750857,19.754052889109783,89294300,PETR4.SA
2023-06-22,20.086164474487305,20.239445070976174,19.849856126879946,20.092550100112515,43455800,PETR4.SA
2023-06-23,19.262279510498047,19.97759016455819,19.08983838610419,19.926496633422886,76023400,PETR4.SA
2023-06-26,19.696575164794922,19.830695227421014,19.236733383863626,19.236733383863626,53635000,PETR4.SA
2023-06-27,19.54329490661621,19.926497006386313,19.37724062277697,19.75405587876488,48399600,PETR4.SA
2023-06-28,19.72850799560547,19.913722806021795,19.5113601852664,19.530520716119565,36794600,PETR4.SA
2023-06-29,19.81791877746582,19.87539914080703,19.64547768744219,19.798758250296874,32071800,PETR4.SA
2023-06-30,18.85991668701172,19.84985423513761,18.72579541651238,19.798760707843996,104262900,PETR4.SA
2023-07-03,19.211181640625,19.275048844661548,18.98126019335966,18.98126019335966,31266900,PETR4.SA
2023-07-04,19.255889892578125,19.409170463900423,19.134542316802506,19.134542316802506,18308000,PETR4.SA
2023-07-05,19.2303466796875,19.511360494323267,18.942944803166963,19.262279680116055,53585500,PETR4.SA
2023-07-06,18.936555862426758,19.160090495170227,18.617221020840585,19.064290286327523,47685700,PETR4.SA
2023-07-07,18.84075927734375,19.2878286288183,18.751345894315232,19.0068135730867,55533500,PETR4.SA
2023-07-10,18.87268829345703,18.949329189980805,18.527807304514354,18.591674515256546,25590200,PETR4.SA
2023-07-11,18.617219924926758,18.85991507241867,18.521419721723394,18.85991507241867,40877000,PETR4.SA
2023-07-12,18.62999153137207,19.013193519591645,18.610831005603153,18.649152057140988,40181800,PETR4.SA
2023-07-13,18.923782348632812,18.981262718094726,18.546968352844157,18.56612766388762,35886500,PETR4.SA
2023-07-14,18.55335235595703,18.8918477000701,18.43200600273639,18.840754178144135,34451100,PETR4.SA
2023-07-17,18.515033721923828,18.578900933021977,17.850817893734,18.144605359353452,52160800,PETR4.SA
2023-07-18,18.412845611572266,18.64915391358356,18.336204719032867,18.52141949873978,35640400,PETR4.SA
2023-07-19,18.58528709411621,18.604446404026753,18.246791740430307,18.40007231054307,46517700,PETR4.SA
2023-07-20,18.604450225830078,18.744958357588136,18.44478278022569,18.566130379971487,33177100,PETR4.SA
2023-07-21,18.95571517944336,19.070675909970372,18.604446145259075,18.61721983046556,52059200,PETR4.SA
2023-07-24,19.35169219970703,19.421946259340793,19.00681118130621,19.03235733688569,45268100,PETR4.SA
2023-07-25,19.79875946044922,19.830692456183662,19.287824219703907,19.479424630441972,56261000,PETR4.SA
2023-07-26,19.79875946044922,19.939266347112753,19.562451150250947,19.766826464714775,45880200,PETR4.SA
2023-07-27,18.770498275756836,19.728502630923717,18.764111433875858,19.702956481565344,86471900,PETR4.SA
2023-07-28,19.00680923461914,19.128156811149204,18.725794243031626,18.79604829546993,43608600,PETR4.SA
2023-07-31,19.869016647338867,19.894562804323364,19.351693264036477,19.351693264036477,91290800,PETR4.SA
2023-08-01,19.54329490661621,19.856242942948125,19.128159806101056,19.856242942948125,75752400,PETR4.SA
2023-08-02,19.498584747314453,19.530517742375032,19.032354979536525,19.485811062023952,62068400,PETR4.SA
2023-08-03,19.74766731262207,19.881787365852624,19.556066888531056,19.75405415584721,57304400,PETR4.SA
2023-08-04,19.16008949279785,19.88817250371115,18.994035237680386,19.607158734896075,120685800,PETR4.SA
2023-08-07,19.28143882751465,19.47942609592782,19.070677872580422,19.070677872580422,44984900,PETR4.SA
2023-08-08,19.300600051879883,19.40917396173727,18.981265166201197,19.102612763845553,34771300,PETR4.SA
2023-08-09,19.45387840270996,19.619932670253338,19.262277980710714,19.294210978322,48561500,PETR4.SA
2023-08-10,19.56245231628418,19.70934727264922,19.236731842247817,19.351691364643475,54020200,PETR4.SA
2023-08-11,19.517744064331055,19.824306420588552,19.26227644925454,19.549678277569168,39403200,PETR4.SA
2023-08-14,19.568838119506836,19.63270532955421,19.332531025946984,19.466651070697328,27992700,PETR4.SA
2023-08-15,19.709346771240234,20.533231245526906,19.702959928241995,20.469362815544514,87366200,PETR4.SA
2023-08-16,20.143644332885742,20.424658143478897,19.72212118066428,19.79876208602251,74461000,PETR4.SA
2023-08-17,20.07977294921875,20.5587739402166,19.996745217457672,20.27776018791994,57570600,PETR4.SA
2023-08-18,20.13086700439453,20.233054047611507,19.913719233017048,20.060612955370743,45579700,PETR4.SA
2023-08-21,19.9903621673584,20.45659078036205,19.77960120407142,20.24583103524091,42236900,PETR4.SA
2023-08-22,20.29488754272461,20.29488754272461,20.049571460619855,20.221955495282536,31372200,PETR4.SA
2023-08-23,21.37560272216797,21.37560272216797,20.61313453149499,20.68606657937517,95507400,PETR4.SA
2023-08-24,21.34244728088379,21.69384687403773,21.1103930932169,21.39548968332248,49332300,PETR4.SA
2023-08-25,21.196582794189453,21.52809146025129,21.083870227108545,21.468420026820198,34079000,PETR4.SA
2023-08-28,21.435272216796875,21.441901252727504,21.12365441483557,21.282776569181014,24956100,PETR4.SA
2023-08-29,21.48168182373047,21.54798229603792,21.20984457594804,21.48168182373047,40607500,PETR4.SA
2023-08-30,21.62754249572754,21.68058489479335,21.415377957865896,21.488309991980984,34637900,PETR4.SA
2023-08-31,21.17669677734375,21.740259709029278,21.136914971859646,21.68721730171714,48971500,PETR4.SA
2023-09-01,21.634174346923828,21.673953617549575,21.189953101063306,21.35570680653946,50089200,PETR4.SA
2023-09-04,21.408750534057617,21.693847127494074,21.355708130999215,21.667325925964875,21667400,PETR4.SA
2023-09-05,22.124805450439453,22.204369055672565,21.362339869296346,21.395490106876306,75082900,PETR4.SA
2023-09-06,22.224260330200195,22.40990369768979,22.025356360861174,22.111546479080662,57856500,PETR4.SA
2023-09-08,22.144697189331055,22.323708974651147,22.05187298501569,22.19773706259602,39074100,PETR4.SA
2023-09-11,22.124805450439453,22.33697000599241,22.09828677789609,22.191108454800382,30276200,PETR4.SA
2023-09-12,22.23088836669922,22.396642088560565,22.204369693394224,22.244148967952256,31963000,PETR4.SA
2023-09-13,21.899381637573242,22.34360294184155,21.899381637573242,22.310452702227774,47685700,PETR4.SA
2023-09-14,22.456314086914062,22.54250673259737,21.945792307406986,21.945792307406986,46502100,PETR4.SA
2023-09-15,22.469575881958008,22.53587889339034,22.283932508350027,22.45631527967154,54801500,PETR4.SA
2023-09-18,22.62870216369629,23.013249540108415,22.44305624789598,22.54250950740334,52363400,PETR4.SA
2023-09-19,22.68174171447754,22.953577753379907,22.588920022540353,22.68174171447754,43247200,PETR4.SA
2023-09-20,22.734783172607422,22.94694775361899,22.549137267321317,22.641961484565023,39102300,PETR4.SA
2023-09-21,22.383384704589844,22.73478436530116,22.297194577858157,22.542509413297044,60109400,PETR4.SA
2023-09-22,22.562395095825195,22.66847737328857,22.416533545063675,22.55576606000917,31020500,PETR4.SA
2023-09-25,22.70825958251953,22.76130198680177,22.49609502379266,22.50935562486322,26767200,PETR4.SA
2023-09-26,22.184478759765625,22.60217887024524,22.184478759765625,22.54250742589101,60687500,PETR4.SA
2023-09-27,22.88727378845215,22.88727378845215,22.39664166810481,22.449684072121183,53708700,PETR4.SA
2023-09-28,22.840866088867188,22.900537536986544,22.681741384148435,22.840866088867188,30765000,PETR4.SA
2023-09-29,22.966835021972656,22.99998526010855,22.70825962363121,22.87401334351173,40227600,PETR4.SA
2023-10-02,22.622066497802734,23.053027171965148,22.49609458389727,22.9071630922423,34403400,PETR4.SA
2023-10-03,22.52261734008789,22.695000104130557,22.297192169139073,22.52261734008789,37947300,PETR4.SA
2023-10-04,21.62754249572754,22.35022874319401,21.475049392214533,22.27729670907892,88895900,PETR4.SA
2023-10-05,21.700477600097656,21.839710123543284,21.40875195156379,21.554613511230144,35342000,PETR4.SA
2023-10-06,22.217632293701172,22.423167861212566,21.43527689392597,21.614288724324314,48132800,PETR4.SA
2023-10-09,23.1723690032959,23.258561640074984,22.60880487567988,22.641957640810908,77528400,PETR4.SA
2023-10-10,23.344757080078125,23.430949736545394,23.033141756114308,23.139224052842696,48326500,PETR4.SA
2023-10-11,23.285083770751953,23.37127642033664,22.867386183413394,23.29834437293431,41578500,PETR4.SA
2023-10-13,24.054182052612305,24.10722446367848,23.722674571052814,23.72930613703677,66943700,PETR4.SA
2023-10-16,24.31938934326172,24.398950431620527,23.84201775470608,24.133745960690703,49626600,PETR4.SA
2023-10-17,24.975767135620117,24.97576713562012,24.286233642797566,24.332644478010597,68814800,PETR4.SA
2023-10-18,25.539337158203125,25.599008607162535,25.134897618500617,25.187940030554056,85931700,PETR4.SA
2023-10-19,25.41998863220215,25.5061812681049,25.14152108897821,25.43324923227956,56016600,PETR4.SA
2023-10-20,25.095111846923828,25.76475828275302,24.79012561337836,25.652044439537775,66242400,PETR4.SA
2023-10-23,23.437576293945312,24.39894842901207,23.377904850273552,24.259715903511687,104499100,PETR4.SA
2023-10-24,23.788976669311523,23.99450968127912,23.318234141421623,23.636483537167372,78634900,PETR4.SA
2023-10-25,23.914945602416992,24.05417811487087,23.702781051287,23.921577167315338,32846500,PETR4.SA
2023-10-26,23.669633865356445,23.82212699806206,23.304976154173342,23.76908458884205,47858600,PETR4.SA
2023-10-27,23.49724578857422,24.173521251024958,23.31823147240776,24.007767535596862,45843100,PETR4.SA
2023-10-30,23.258562088012695,23.68289118617286,23.11269801206979,23.590069512100442,31346900,PETR4.SA
2023-10-31,23.033138275146484,23.32486391476107,22.86738455348343,23.212150068845634,36965200,PETR4.SA
2023-11-01,23.285083770751953,23.563551358178913,23.13922220514855,23.21878328904143,46335300,PETR4.SA
2023-11-03,23.56355094909668,23.79560516025612,23.238672524272253,23.72930467969663,30959700,PETR4.SA
2023-11-06,23.543659210205078,23.954730290601802,23.543659210205078,23.69615487083044,33583600,PETR4.SA
2023-11-07,23.15247917175293,23.483986622866468,22.98009641002239,23.251932418767446,48919900,PETR4.SA
2023-11-08,22.65521812438965,23.072918223353092,22.482835361675214,22.9403147363106,59742900,PETR4.SA
2023-11-09,23.125965118408203,23.304979481280593,22.781196996861564,22.874018697046882,56231100,PETR4.SA
2023-11-10,23.019878387451172,23.24530355706842,22.880643334745553,22.980096582506544,40004800,PETR4.SA
2023-11-13,23.66300392150879,23.702785731150513,22.986728332808152,22.993359899015832,44120000,PETR4.SA
2023-11-14,23.98788070678711,24.027662513658527,23.530401309171566,23.663002273673733,50888600,PETR4.SA
2023-11-16,23.570180892944336,24.193416562684018,23.537030651388278,23.855277522888805,72361200,PETR4.SA
2023-11-17,24.339275360107422,24.478507876310683,23.749192528311788,23.755824093388714,87666300,PETR4.SA
2023-11-20,24.35917091369629,24.677417793218986,24.047553070971382,24.37906055329103,67796900,PETR4.SA
2023-11-21,24.107219696044922,24.226562568140263,23.80886251580657,24.226562568140263,49597800,PETR4.SA
2023-11-22,24.225217819213867,24.225217819213867,23.598228495701903,24.046079138920742,58578300,PETR4.SA
2023-11-23,24.232097625732422,24.287218816556546,23.984060151992985,24.2045396586434,24068100,PETR4.SA
2023-11-24,24.30099868774414,24.679947668878235,23.915158243716462,24.10118831699822,53456200,PETR4.SA
2023-11-27,24.16320037841797,24.390571363259923,23.942720857050553,24.114970647389047,36996000,PETR4.SA
2023-11-28,24.52837371826172,24.542154019486176,24.218326139844393,24.23210381274514,36875900,PETR4.SA
2023-11-29,24.273441314697266,24.824640144811106,24.073630917429956,24.73507214188991,37528600,PETR4.SA
2023-11-30,24.741960525512695,24.748849360871844,24.28033233507411,24.431910367885056,58808800,PETR4.SA
2023-12-01,24.576595306396484,24.803966258696164,24.480135858144322,24.611047362191837,36388100,PETR4.SA
2023-12-04,24.052961349487305,24.49392040563724,24.011620452352012,24.418130075050854,35601900,PETR4.SA
2023-12-05,23.942724227905273,24.232102654819887,23.89449449008617,24.05985284023064,43234200,PETR4.SA
2023-12-06,23.081472396850586,23.97717080001894,23.081472396850586,23.80492100601259,64179200,PETR4.SA
2023-12-07,23.026350021362305,23.549990840172622,22.764532240280285,23.184822136652922,64723900,PETR4.SA
2023-12-08,23.76358413696289,23.798033572128155,23.067693456336748,23.226162960755715,53290700,PETR4.SA
2023-12-11,23.674015045166016,23.901383434727887,23.59133586971839,23.742913919985103,30613300,PETR4.SA
2023-12-12,23.481094360351562,23.83937163696198,23.288172794111258,23.80492220209445,30371500,PETR4.SA
2023-12-13,23.81870460510254,23.853154043012253,23.52243470809646,23.570664446834783,38992900,PETR4.SA
2023-12-14,24.3354549407959,24.624836012038564,24.00473559389266,24.11497537619374,57950000,PETR4.SA
2023-12-15,24.39057731628418,24.659286634264575,24.11497653314724,24.30789550434878,56570100,PETR4.SA
2023-12-18,24.693735122680664,25.01067417123765,24.514596460377426,24.631725080282667,44474300,PETR4.SA
2023-12-19,24.976221084594727,24.976221084594727,24.673062381764336,24.77641068512036,32183000,PETR4.SA
2023-12-20,25.0657958984375,25.313836073188728,25.00378585474969,25.058904433403402,38947900,PETR4.SA
2023-12-21,25.072677612304688,25.27248798834879,24.852198103677768,25.265596525272475,30511900,PETR4.SA
2023-12-22,25.31383514404297,25.355173419434976,25.058903513614926,25.1484741575038,31234700,PETR4.SA
2023-12-26,25.720346450805664,25.747904426694152,25.3758467831227,25.396515922120035,23466800,PETR4.SA
2023-12-27,25.741012573242188,25.789242310799903,25.582543060077757,25.713451972259616,19588500,PETR4.SA
2023-12-28,25.658334732055664,25.741013910976562,25.52053434830503,25.651443267290094,21421900,PETR4.SA
2024-01-02,26.030391693115234,26.10618203367771,25.768573861765855,25.79613183516014,24043800,PETR4.SA
2024-01-03,26.843408584594727,26.953648353036296,25.95459897310265,26.04416960631249,52300200,PETR4.SA
2024-01-04,26.616037368774414,27.112114959605492,26.5333555800333,26.953645473669706,45344900,PETR4.SA
2024-01-05,26.67805290222168,26.967431337570698,26.46446217970907,26.78140121699333,35783700,PETR4.SA
2024-01-08,26.478240966796875,26.478240966796875,25.91326180104518,26.443791530509284,35158100,PETR4.SA
2024-01-09,26.25086784362793,26.698718364293793,26.202638111042166,26.64359716801103,27279000,PETR4.SA
2024-01-10,26.009721755981445,26.368001682323595,25.8443607790837,26.25087044278695,27382000,PETR4.SA
2024-01-11,26.230201721191406,26.28532292380372,25.975272729918462,26.168191682414353,26564400,PETR4.SA
2024-01-12,26.299095153808594,26.684935607278305,26.299095153808594,26.526466125046923,24479500,PETR4.SA
2024-01-15,26.581584930419922,26.60914289522617,26.085504767387878,26.175075380895958,13818300,PETR4.SA
2024-01-16,26.25086784362793,26.72627896243517,26.237090172880542,26.602258899122265,31277700,PETR4.SA
2024-01-17,26.099292755126953,26.285322871085,26.057951853250636,26.161302793779637,27577300,PETR4.SA
2024-01-18,25.995941162109375,26.27843074703152,25.878812552218417,26.27843074703152,22987200,PETR4.SA
2024-01-19,25.858137130737305,26.11306870737102,25.651437912422715,26.051058679044328,31745200,PETR4.SA
2024-01-22,25.975276947021484,26.051067298756227,25.65144639990905,25.837476546442318,22753700,PETR4.SA
2024-01-23,26.299095153808594,26.436895503499425,25.7892372767725,26.071726810893324,32498500,PETR4.SA
2024-01-24,26.099292755126953,26.55403216247209,26.02350241584883,26.381782347139485,25415300,PETR4.SA
2024-01-25,27.063886642456055,27.063886642456055,26.271539171434547,26.36110717142616,48655300,PETR4.SA
2024-01-26,27.53240966796875,27.62198030727372,26.808960974071287,26.939869886652716,41378200,PETR4.SA
2024-01-29,27.952699661254883,27.96647996180112,27.442841682661925,27.55997029481959,30547500,PETR4.SA
2024-01-30,27.78044891357422,28.06982995867577,27.594418804935398,27.677097977111487,34829000,PETR4.SA
2024-01-31,28.08360481262207,28.414326724789902,27.683986663597725,27.7184360961876,57978900,PETR4.SA
2024-02-01,28.641691207885742,28.855281866365523,28.02159099186243,28.097381310301152,61629200,PETR4.SA
2024-02-02,28.269641876220703,28.786391377511542,28.262753039332665,28.648593613159758,36485600,PETR4.SA
2024-02-05,28.39365577697754,28.71748623492171,28.200736846282272,28.255855414342356,27703000,PETR4.SA
2024-02-06,28.655479431152344,29.179117714165187,28.434999877428663,28.559019954938684,35474600,PETR4.SA
2024-02-07,29.07576560974121,29.07576560974121,28.5383444678468,28.607245962101604,30648100,PETR4.SA
2024-02-08,28.84150505065918,29.248014657267866,28.84150505065918,29.14466373268204,25589100,PETR4.SA
2024-02-09,28.45566749572754,29.165338485458047,28.45566749572754,29.034426950448115,30388000,PETR4.SA
2024-02-14,28.242080688476562,28.52457027858943,28.152510049175337,28.317868398921433,18315300,PETR4.SA
2024-02-15,29.144670486450195,29.144670486450195,28.14562095445998,28.25586073968018,33246400,PETR4.SA
2024-02-16,29.413373947143555,29.551174308335685,28.979306357624765,28.999975491890435,37268900,PETR4.SA
2024-02-19,29.558069229125977,29.585627201928997,29.323809376196973,29.461607125182844,12826700,PETR4.SA
2024-02-20,29.248016357421875,29.502945323676265,29.006865062144826,29.46849588958621,42375400,PETR4.SA
2024-02-21,29.289358139038086,29.434049984883405,29.02754030590089,29.24801986450256,20873800,PETR4.SA
2024-02-22,29.068876266479492,29.40648704214568,28.80016699009388,29.399595578055894,32162800,PETR4.SA
2024-02-23,28.869070053100586,29.10332990669659,28.66925963684914,29.034428403683886,43924500,PETR4.SA
2024-02-26,29.413373947143555,29.440934545046638,28.820836862166956,28.869066594335713,25885700,PETR4.SA
2024-02-27,29.37203598022461,29.502944879123593,29.19978618404648,29.420265712888618,27678100,PETR4.SA
2024-02-28,27.85623550415039,29.58562219304191,27.442837070534537,29.29624381517544,112322000,PETR4.SA
2024-02-29,27.65642547607422,28.41432611849579,27.45661509166391,27.96647561941381,61899800,PETR4.SA
2024-03-01,27.683988571166992,28.145616781990963,27.656427971866734,27.801117175707972,31248500,PETR4.SA
2024-03-04,27.615089416503906,28.076717622568086,27.573748517979784,27.74599831934523,21988000,PETR4.SA
2024-03-05,27.53240966796875,27.81489925809342,27.29126097944412,27.6288691433786,30293300,PETR4.SA
2024-03-06,28.138729095458984,28.138729095458984,27.63575996514434,27.697770001940587,45481000,PETR4.SA
2024-03-07,27.828678131103516,28.207627177199146,27.7528877962197,28.000927936449116,50199800,PETR4.SA
2024-03-08,25.286270141601562,25.534310264087978,24.183869889253412,24.735071329589115,230369800,PETR4.SA
2024-03-11,24.562824249267578,26.00283278311555,24.321672935407296,24.576601921306636,127528700,PETR4.SA
2024-03-12,25.36894989013672,25.651439452064217,24.914210531221155,25.045119430735692,76139100,PETR4.SA
2024-03-13,25.0657958984375,25.720345775514616,25.017566156494073,25.42407585881996,45140600,PETR4.SA
2024-03-14,24.955554962158203,25.437852359354753,24.907325222438548,25.313834906021132,39983400,PETR4.SA
2024-03-15,25.02445411682129,25.114024760860996,24.762633649494912,25.01067381555951,59362500,PETR4.SA
2024-03-18,25.038232803344727,25.300053253786064,24.459473329293296,25.086462540488718,35326100,PETR4.SA
2024-03-19,24.85219955444336,25.389618059553293,24.500811138407606,25.072679075940933,48540800,PETR4.SA
2024-03-20,25.286270141601562,25.313830739283,24.67306129896751,24.962439689652825,39017900,PETR4.SA
2024-03-21,24.597272872924805,25.534312240018846,24.58349257301772,25.389620405156194,47220200,PETR4.SA
2024-03-22,24.838420867919922,24.955552099749593,24.411242095833206,24.735072563942037,34426800,PETR4.SA
2024-03-25,25.217369079589844,25.375841204812478,24.91421038486808,24.927990683944973,26951500,PETR4.SA
2024-03-26,24.983112335205078,25.265601930336437,24.921102295867772,25.265601930336437,24837800,PETR4.SA
2024-03-27,25.182918548583984,25.2587088760423,24.8866487021505,24.996888461638086,19995700,PETR4.SA
2024-03-28,25.741012573242188,25.851252348848906,25.127803657159607,25.148472793734747,31958200,PETR4.SA
2024-04-01,25.940826416015625,25.982164694628853,25.637665021791058,25.837475462834718,23697800,PETR4.SA
2024-04-02,26.609149932861328,26.62982169733685,26.02350162975073,26.057951066111908,45930700,PETR4.SA
2024-04-03,26.471345901489258,26.877855502359296,26.333548175084356,26.664267449437805,31437200,PETR4.SA
2024-04-04,26.168193817138672,27.201692795516934,25.789244717398077,26.505804639871386,165566800,PETR4.SA
2024-04-05,26.25086784362793,26.574698300980884,25.610098392619015,26.113070109567634,65469200,PETR4.SA
2024-04-08,26.616037368774414,26.91230720762227,25.995937094831664,26.20263631003821,36384400,PETR4.SA
2024-04-09,26.684940338134766,26.967429922336933,26.223312107401952,26.802071576050725,36989300,PETR4.SA
2024-04-10,27.277482986450195,27.373942470020037,26.636713413223312,26.684943155008234,55821500,PETR4.SA
2024-04-11,27.077669143676758,27.394608157863786,27.008770272183398,27.28436838648032,33195300,PETR4.SA
2024-04-12,26.829631805419922,27.59442144922584,26.66427344522195,27.367053046872694,39613500,PETR4.SA
2024-04-15,27.084558486938477,27.181017950805227,26.616038838165757,26.829626900064053,28692000,PETR4.SA
2024-04-16,27.208581924438477,27.360159974325935,26.836521693369683,26.877859966828265,37303000,PETR4.SA
2024-04-17,27.408390045166016,27.525521287476476,27.10523131338512,27.208582254934136,39221700,PETR4.SA
2024-04-18,27.456615447998047,27.966475982364955,27.318817718790477,27.559966373226928,45078800,PETR4.SA
2024-04-19,27.92514419555664,28.29720449375572,27.44973556674052,27.59442480659881,80546900,PETR4.SA
2024-04-22,28.593467712402344,28.655477747513984,27.91824879025527,28.083607131670682,51775500,PETR4.SA
2024-04-23,28.538347244262695,28.683039082112813,28.221408224826284,28.524569572394604,35456900,PETR4.SA
2024-04-24,28.407440185546875,28.93108111364677,28.39365988445754,28.62791974632882,45388300,PETR4.SA
2024-04-25,29.08954429626465,29.268682914751608,28.304085703557845,28.524565216306314,66372400,PETR4.SA
2024-04-26,29.5003719329834,29.592447975854935,29.089561150004357,29.2453863024337,31899100,PETR4.SA
2024-04-29,29.854524612426758,29.854524612426758,29.266640645723516,29.37996731736353,27886000,PETR4.SA
2024-04-30,29.762441635131836,29.897016194307895,29.479123645168915,29.74827546544163,36635400,PETR4.SA
2024-05-02,29.875768661499023,30.01742765823851,29.634949177618086,29.92534890506975,33244700,PETR4.SA
2024-05-03,29.495718002319336,30.087258545298937,29.17037140885251,30.087258545298937,45114200,PETR4.SA
2024-05-06,29.695363998413086,29.843249841989106,29.370017399096124,29.48092966626225,22977200,PETR4.SA
2024-05-07,30.057682037353516,30.057682037353516,29.57705378507105,29.68796886504013,23808600,PETR4.SA
2024-05-08,30.516124725341797,30.560491320222603,29.806276131374297,29.835851040607263,25352000,PETR4.SA
2024-05-09,30.81189727783203,30.93760123480812,30.272116334788628,30.360849535249837,27206400,PETR4.SA
2024-05-10,30.745349884033203,31.122456092434017,30.686194420377053,30.93759949954018,27968700,PETR4.SA
2024-05-13,30.77492904663086,31.033730004847406,30.693591683211036,30.863662254373295,18394300,PETR4.SA
2024-05-14,30.220355987548828,30.538309563197906,29.695363923826065,30.139018632751924,53613200,PETR4.SA
2024-05-15,28.39397621154785,28.697140936849028,27.72849129225845,27.802432807429277,131281100,PETR4.SA
2024-05-16,27.565818786621094,28.57883511403648,27.53624387059174,28.320034148790004,83168500,PETR4.SA
2024-05-17,27.129552841186523,27.669333759595318,26.996455867256927,27.61757413869912,67207900,PETR4.SA
2024-05-20,27.173917770385742,27.536237915093437,27.08518740011171,27.15912890522547,40400400,PETR4.SA
2024-05-21,27.12215805053711,27.425322733462103,27.04082070280569,27.20349539826853,27967400,PETR4.SA
2024-05-22,27.49187469482422,27.69891319111121,26.922516009347035,26.989064500394704,36528800,PETR4.SA
2024-05-23,27.218286514282227,27.883768574897264,27.040822939038847,27.684123110506402,47987800,PETR4.SA
2024-05-24,27.070398330688477,27.499264134349925,27.040820600591108,27.410533764745416,23684700,PETR4.SA
2024-05-27,27.366172790527344,27.41793523917338,27.129556542523343,27.151741254996836,13623300,PETR4.SA
2024-05-28,27.9503173828125,28.312637560264516,27.661941537844505,27.684123427245776,46437700,PETR4.SA
2024-05-29,27.913349151611328,28.03905029717173,27.684125931209977,27.883771415942483,29246800,PETR4.SA
2024-05-31,28.68235206604004,28.756293581201486,28.024262990763972,28.046444881174807,53929400,PETR4.SA
2024-06-03,28.527069091796875,28.785867178354742,28.423547036486138,28.711925673820378,43454500,PETR4.SA
2024-06-04,28.209117889404297,28.416156375856698,27.87637544997163,28.393974486790462,34090200,PETR4.SA
2024-06-05,28.24609375,28.416161511851122,28.14996751219255,28.29045753615087,18627100,PETR4.SA
2024-06-06,28.379186630249023,28.630591724466722,28.297849273195073,28.30524229625092,25944100,PETR4.SA
2024-06-07,27.314407348632812,28.44573154057808,27.255254709566678,28.260874959879107,46003600,PETR4.SA
2024-06-10,27.728487014770508,28.142566769638606,27.447504223228318,27.499263840000882,32560900,PETR4.SA
2024-06-11,27.846797943115234,28.098203030425502,27.728489832656745,27.957713030721,31131300,PETR4.SA
2024-06-12,27.24087142944336,28.17627789716523,27.08116852299004,28.10022972296419,52182400,PETR4.SA
2024-06-13,26.96709442138672,27.52225423783681,26.503192997777905,27.30171336355806,46233500,PETR4.SA
2024-06-14,26.3739070892334,26.997511344544378,25.970846580595033,26.989907688233984,53534900,PETR4.SA
2024-06-17,26.472774505615234,26.716132145050636,26.06210740117353,26.168576005795032,40941800,PETR4.SA
2024-06-18,27.30171012878418,27.48422689284169,26.480375987370397,26.533610285308143,36180700,PETR4.SA
2024-06-19,27.324522018432617,27.469014687925686,27.050743991139267,27.301708149841986,20776200,PETR4.SA
2024-06-20,27.758007049560547,28.054598989483438,27.52985962662385,27.545069841626546,39442900,PETR4.SA
2024-06-21,27.902496337890625,28.107829863809467,27.666745286727586,27.796027746907118,43340200,PETR4.SA
2024-06-24,28.183881759643555,28.183881759643555,27.742794268518875,28.01657231114087,24599400,PETR4.SA
2024-06-25,28.16106605529785,28.22951056854562,27.955732515554544,28.17627626946977,18572600,PETR4.SA
2024-06-26,28.206695556640625,28.22950942644965,27.91770730116938,27.986151811648053,25553200,PETR4.SA
2024-06-27,28.67820167541504,28.86832500060509,28.38160975228683,28.526102435052653,37731000,PETR4.SA
2024-06-28,28.936771392822266,29.028029782545183,28.678203537730752,28.746648055285913,22019700,PETR4.SA
2024-07-01,29.37785530090332,29.4767173354576,29.035632755384338,29.134497690990166,24963500,PETR4.SA
2024-07-02,29.286592483520508,29.735283597183702,29.23335819046313,29.529952981706032,33346200,PETR4.SA
2024-07-03,28.777069091796875,29.499538369865803,28.71622822999858,29.431093850868706,38509400,PETR4.SA
2024-07-04,28.381610870361328,28.86832613785341,28.229511624007095,28.822698394683417,32698800,PETR4.SA
2024-07-05,28.533708572387695,28.63257351232486,28.221906439710487,28.480474274202685,32758800,PETR4.SA
2024-07-08,29.233360290527344,29.29420114470725,28.358794769578132,28.50328744667802,48845900,PETR4.SA
2024-07-09,29.225757598876953,29.431091136933787,29.104078787552723,29.240967812923945,34832500,PETR4.SA
2024-07-10,28.951980590820312,29.32462359576283,28.883536075669717,29.271389295207012,32899700,PETR4.SA
2024-07-11,29.149709701538086,29.240968085619393,28.982400246512587,29.020424331458823,17229400,PETR4.SA
2024-07-12,29.012819290161133,29.286594429338262,29.0052127329039,29.22575647653832,15779100,PETR4.SA
2024-07-15,29.278989791870117,29.453902889253815,29.050842399676235,29.126890563390365,22969200,PETR4.SA
2024-07-16,29.202945709228516,29.27899388357028,28.982401942164753,29.16491872100574,19637000,PETR4.SA
2024-07-17,29.355037689208984,29.423482196351213,29.157310724715572,29.225755231857804,24606100,PETR4.SA
2024-07-18,29.301809310913086,29.400674263646344,29.164920268990745,29.278995437610046,21315500,PETR4.SA
2024-07-19,29.423486709594727,29.484327570187467,29.195339284475775,29.278994017264836,30593100,PETR4.SA
2024-07-22,28.837900161743164,29.347432103869625,28.80748263916423,29.347432103869625,25807800,PETR4.SA
2024-07-23,28.465267181396484,28.898748171890684,28.465267181396484,28.83790730955017,25284700,PETR4.SA
2024-07-24,28.693416595458984,28.898750168466453,28.518503455723476,28.640182287759142,23863800,PETR4.SA
2024-07-25,28.65538787841797,28.708622177523942,28.343585740346533,28.56412949438655,19562600,PETR4.SA
2024-07-26,28.624969482421875,28.997612503672958,28.457660015608905,28.647783354786576,32043200,PETR4.SA
2024-07-29,28.046993255615234,28.685807733164605,27.697164138561966,28.526101937988514,39790000,PETR4.SA
2024-07-30,27.872081756591797,27.963340144066464,27.674351865836208,27.76561025331088,16040700,PETR4.SA
2024-07-31,28.45005226135254,28.45005226135254,28.107829719906537,28.176274228195737,28561100,PETR4.SA
2024-08-01,28.016572952270508,28.76946258671007,27.97854886793656,28.70862173093441,29756300,PETR4.SA
2024-08-02,27.17242431640625,27.986151887038318,27.17242431640625,27.925313933699833,36483900,PETR4.SA
2024-08-05,27.149612426757812,27.149612426757812,26.31306802418828,26.465167270205633,44765900,PETR4.SA
2024-08-06,27.621116638183594,27.879684478231475,26.875833546528348,27.07356052959944,36009000,PETR4.SA
2024-08-07,27.583093643188477,27.948130096320316,27.377760094354596,27.910106009732974,25020500,PETR4.SA
2024-08-08,28.0241756439209,28.10022671102224,27.499436335653723,27.64392901156891,29870300,PETR4.SA
2024-08-09,27.765613555908203,28.10023251820316,27.05835734253972,27.476628144356237,66082100,PETR4.SA
2024-08-12,28.39682388305664,28.75425671204937,27.986156747752506,27.986156747752506,39655100,PETR4.SA
2024-08-13,28.221908569335938,28.617365457874104,28.115439964931795,28.541314382548368,28557200,PETR4.SA
2024-08-14,28.71622657775879,28.89874625160011,28.25993174473319,28.282745616068933,37955500,PETR4.SA
2024-08-15,29.15731430053711,29.32462376097043,28.898746453072807,28.936770539248066,33409000,PETR4.SA
2024-08-16,29.278989791870117,29.48432331516006,28.921557040100424,29.028025629720805,35472700,PETR4.SA
2024-08-19,29.233360290527344,29.49953467598705,29.202942764488988,29.35503909783556,28138200,PETR4.SA
2024-08-20,29.119293212890625,29.41588517707143,28.815094690060395,29.278996131903043,27322600,PETR4.SA
2024-08-21,28.944374084472656,29.499533807793366,28.853112805888678,29.415879086283812,38491900,PETR4.SA
2024-08-22,29.03291130065918,29.173696134835755,28.82955708663441,29.158053043970078,26334300,PETR4.SA
2024-08-23,28.853025436401367,29.353592499950555,28.853025436401367,29.22845073406326,29239000,PETR4.SA
2024-08-26,30.949148178100586,30.980434361357176,29.49437347643038,29.61169517183526,102270300,PETR4.SA
2024-08-27,30.534618377685547,30.792721944759478,30.46422595328087,30.69886637342485,35073100,PETR4.SA
2024-08-28,30.97260856628418,31.175965755732726,30.33125678469609,30.456398522966587,43284500,PETR4.SA
2024-08-29,30.761436462402344,31.15250479484917,30.722327242265983,31.011719956479144,25356600,PETR4.SA
2024-08-30,30.7927188873291,31.01171917685163,30.409473601990083,30.675400180713176,84437200,PETR4.SA
2024-09-02,30.503332138061523,30.816188020102953,30.41729662131939,30.761438688287924,15288400,PETR4.SA
2024-09-03,30.13572883605957,30.36254921574868,30.01841011056227,30.339086067372218,35866300,PETR4.SA
2024-09-04,30.143545150756836,30.440754909279526,30.12790206079022,30.299973066808658,28851300,PETR4.SA
2024-09-05,29.955833435058594,30.417294183091194,29.955833435058594,30.229583055804977,26206600,PETR4.SA
2024-09-06,29.36923599243164,30.073160299865403,29.30666660044591,30.010587924264588,32971700,PETR4.SA
2024-09-09,29.689908981323242,29.916729344710163,29.416162324556122,29.596053410948056,30521800,PETR4.SA
2024-09-10,29.197162628173828,29.658620388218434,28.93905610108324,29.658620388218434,37263500,PETR4.SA
2024-09-11,29.165878295898438,29.588232830499326,28.837379330003944,29.533480516504632,32907000,PETR4.SA
2024-09-12,28.83738136291504,29.18934349989426,28.74352578759223,29.165880351967292,22103300,PETR4.SA
2024-09-13,28.704416275024414,29.36923124851471,28.61838076427787,29.02509218914314,34729600,PETR4.SA
2024-09-16,29.103303909301758,29.502195269965675,29.06419767368743,29.126770037561975,22614800,PETR4.SA
2024-09-17,28.97034454345703,29.087663260148545,28.704417941895585,29.07202016786672,23443700,PETR4.SA
2024-09-18,28.27424430847168,28.88431001013871,28.27424430847168,28.868666917324827,38777000,PETR4.SA
2024-09-19,28.368099212646484,28.766987627340182,28.305526842866794,28.602739632090707,25059700,PETR4.SA
2024-09-20,28.360275268554688,28.469776912170758,28.211670370497803,28.36809830633462,48336200,PETR4.SA
2024-09-23,28.649669647216797,28.90777322016773,28.3289937028748,28.461955516658485,28218500,PETR4.SA
2024-09-24,28.766983032226562,29.181517456764055,28.720056746002406,29.118945096979402,35104100,PETR4.SA
2024-09-25,28.97816276550293,29.27537553283528,28.90777034649302,29.017269001927414,38655300,PETR4.SA
2024-09-26,28.352455139160156,28.876485291666125,28.13345781973852,28.876485291666125,58048200,PETR4.SA
2024-09-27,28.24295425415039,28.454131502788627,28.102169421724902,28.454131502788627,34537400,PETR4.SA
2024-09-30,28.16474151611328,28.375918785110787,28.094349093114115,28.282063215650147,21146300,PETR4.SA
2024-10-01,28.915592193603516,29.345766743793412,28.023956911926234,28.164738760536018,49748200,PETR4.SA
2024-10-02,29.314485549926758,29.666447690368596,29.21280693521801,29.52566283419186,32014500,PETR4.SA
2024-10-03,29.674272537231445,29.752488016413192,29.10331296547423,29.283204092169072,31033000,PETR4.SA
2024-10-04,29.596054077148438,29.877623778226848,29.463089281143695,29.838517538324815,22526800,PETR4.SA
2024-10-07,30.010583877563477,30.018406915266244,29.642981663129866,29.75248032205114,36418000,PETR4.SA
2024-10-08,29.408336639404297,29.52565832952371,29.291017932899404,29.30666102382296,34142000,PETR4.SA
2024-10-09,29.11113166809082,29.34577210344735,28.946880678087737,29.22845039396158,30789800,PETR4.SA
2024-10-10,29.447444915771484,29.51783733086664,29.18933839921777,29.251910760908764,20630100,PETR4.SA
2024-10-11,29.423974990844727,29.4474411152575,29.189334632015246,29.40833190244089,16343000,PETR4.SA
2024-10-14,29.49437141418457,29.642979282455382,29.212801751791922,29.3066602949991,22279000,PETR4.SA
2024-10-15,29.251914978027344,29.25973503255889,28.98598836973201,29.103307089394306,28204600,PETR4.SA
2024-10-16,29.103303909301758,29.392696616799746,29.08766081833312,29.36923048853953,23041200,PETR4.SA
2024-10-17,28.884309768676758,29.10330709901062,28.696595640094262,29.10330709901062,22174300,PETR4.SA
2024-10-18,28.80609703063965,28.993808173924524,28.477598054468874,28.92341574928899,32000800,PETR4.SA
2024-10-21,28.352455139160156,28.97816389723247,28.313348901208393,28.93905765928071,28390000,PETR4.SA
2024-10-22,28.24295425415039,28.3915591401042,28.14909869373822,28.31334667036314,29144300,PETR4.SA
2024-10-23,27.890993118286133,28.109990427874298,27.82060069968785,28.08652728287973,30769100,PETR4.SA
2024-10-24,28.078706741333008,28.180382356952986,27.81278016276053,28.039597522201994,23058900,PETR4.SA
2024-10-25,28.27424430847168,28.540170919077926,28.039600899878316,28.12563641854723,32585900,PETR4.SA
2024-10-28,28.227313995361328,28.258600179842304,27.640711462609527,27.758033162605795,27507100,PETR4.SA
2024-10-29,28.16474151611328,28.485417446750656,28.00049352365348,28.415028007366246,26090200,PETR4.SA
2024-10-30,28.039600372314453,28.44631182697851,28.039600372314453,28.250777645906258,26144700,PETR4.SA
2024-10-31,28.086532592773438,28.19603126826877,27.86753524178277,28.05524640445616,25597000,PETR4.SA
2024-11-01,27.703277587890625,28.446307971994205,27.609422029107208,28.313346179018897,30605300,PETR4.SA
2024-11-04,27.765853881835938,28.117816006638513,27.671998309760195,28.078709766908194,24003600,PETR4.SA
2024-11-05,27.67981719970703,27.844065189832996,27.398247511711247,27.76585271366293,23990600,PETR4.SA
2024-11-06,27.687644958496094,27.734571258753622,27.40607522249003,27.413895277994545,28440800,PETR4.SA
2024-11-07,27.773670196533203,28.07088294896983,27.585959077657556,27.758030089638932,34081200,PETR4.SA
2024-11-08,28.297710418701172,28.407209096248163,27.79714333070626,28.03960383567025,49865100,PETR4.SA
2024-11-11,28.352455139160156,28.485416944919088,28.078708489883113,28.149100911642165,21446300,PETR4.SA
2024-11-12,28.884309768676758,29.025094619209913,28.422848977176933,28.438492069860043,39412300,PETR4.SA
2024-11-13,28.845199584960938,28.99380446971045,28.571449975856744,28.899948910058885,34090000,PETR4.SA
2024-11-14,29.150232315063477,29.197161586573362,28.82955641878202,28.876482706677468,30262100,PETR4.SA
2024-11-18,29.877626419067383,29.95583890578454,29.09548961743533,29.09548961743533,39004100,PETR4.SA
2024-11-19,29.56476593017578,29.95583427047867,29.447447218253707,29.799406337634583,26002700,PETR4.SA
2024-11-21,29.650808334350586,29.822879398836143,29.369238586507073,29.697737620196285,36048400,PETR4.SA
2024-11-22,30.831825256347656,31.152504146550584,30.08879782705312,30.276508951897064,85234900,PETR4.SA
2024-11-25,30.644121170043945,31.175974451952182,30.62065801995292,30.800549132419643,41119500,PETR4.SA
2024-11-26,30.605010986328125,30.90222079461274,30.55026165408544,30.78490207564192,35188200,PETR4.SA
2024-11-27,30.49551010131836,30.78489983404567,30.30779598757264,30.65975808608673,30600700,PETR4.SA
2024-11-28,30.182655334472656,30.737971674708334,30.018407343746283,30.354726363013462,33113500,PETR4.SA
2024-11-29,30.42511558532715,30.675399064000516,30.041867330325445,30.112259745178232,44011700,PETR4.SA
2024-12-02,30.620655059814453,30.816189247977725,30.323442258394095,30.425120871651178,31711800,PETR4.SA
2024-12-03,30.8944034576416,30.8944034576416,30.56590743529053,30.81619097144804,22536200,PETR4.SA
2024-12-04,30.69886589050293,31.17596976133879,30.48768862061092,30.894400068149448,31584400,PETR4.SA
2024-12-05,31.003896713256836,31.136861496885963,30.66757771089529,30.808362548331036,25214200,PETR4.SA
2024-12-06,30.526796340942383,31.050829513947082,30.47204700723345,31.00390023493303,31118500,PETR4.SA
2024-12-09,31.316757202148438,31.418432834744586,30.784903956203117,30.800547049744452,28548700,PETR4.SA
2024-12-10,31.434070587158203,31.621784694143717,31.371501207239373,31.520106095209293,21837600,PETR4.SA
2024-12-11,31.74692726135254,31.879889061889163,31.246360274555336,31.559213149496294,46900900,PETR4.SA
2024-12-12,31.179092407226562,31.626366193558493,31.00018165180909,31.48811922961717,38310600,PETR4.SA
2024-12-13,30.983911514282227,31.49624479853798,30.837530575923438,31.390524542565252,23235400,PETR4.SA
2024-12-16,30.853797912597656,31.114030023129384,30.764345645149184,31.057104442838785,21349400,PETR4.SA
2024-12-17,31.14655876159668,31.301073704781853,30.764344607143265,30.853796871573568,39617200,PETR4.SA
2024-12-18,30.341466903686523,31.227883476654917,30.341466903686523,31.13029411107594,58126400,PETR4.SA
2024-12-19,30.219482421875,30.845666905022824,30.073101472452837,30.62609548088958,43268400,PETR4.SA
2024-12-20,29.96738052368164,30.373993573404384,29.85352936611309,30.219481731305837,59277400,PETR4.SA
2024-12-23,29.975515365600586,30.130027212048,29.8616642048276,30.08936652637357,43785600,PETR4.SA
2024-12-26,30.200847625732422,30.395037758250577,30.0573138281826,30.08264521644086,22920700,PETR4.SA
2024-12-27,30.107975006103516,30.395039395895726,30.06576031776407,30.395039395895726,24167200,PETR4.SA
2024-12-30,30.555456161499023,30.70743161445734,30.200848918445768,30.20929056771046,22355600,PETR4.SA
2025-01-02,31.045162200927734,31.31534012604026,30.55546269867695,30.749652881053148,30046800,PETR4.SA
2025-01-03,30.715883255004883,31.273125631756734,30.66522368592746,31.13803666832522,23314200,PETR4.SA
2025-01-06,30.572343826293945,30.977610642442674,30.44569975793304,30.90162291311639,23760200,PETR4.SA
2025-01-07,31.222461700439453,31.450424898275596,30.648332880876087,30.85940955804572,37753300,PETR4.SA
2025-01-08,30.96917152404785,31.340665330687035,30.75809483875351,31.2309077732917,24483500,PETR4.SA
2025-01-09,31.104257583618164,31.214018351589218,30.98605516616056,30.98605516616056,11526600,PETR4.SA
2025-01-10,31.18868637084961,31.67838577192657,31.15491655276871,31.450422590815666,40328800,PETR4.SA
2025-01-13,31.29844856262207,31.686828864827223,31.21401918241205,31.49263871372465,22897100,PETR4.SA
2025-01-14,31.087373733520508,31.349109980920776,30.88474192069899,31.332223459723217,29173100,PETR4.SA
2025-01-15,31.484193801879883,31.50952196916371,31.070482151857604,31.180242911377647,32512700,PETR4.SA
2025-01-16,31.281557083129883,31.44197738918048,31.04515227940129,31.41664600251392,26733200,PETR4.SA
2025-01-17,31.408212661743164,31.577074660831382,31.112703358145094,31.24779231326072,39941100,PETR4.SA
2025-01-20,31.484193801879883,31.602396210236513,31.332218356628765,31.425092597701568,13912800,PETR4.SA
2025-01-21,31.492637634277344,31.534852322935397,31.002941448450198,31.323775658870836,23612200,PETR4.SA
2025-01-22,31.31533432006836,31.771260691956012,31.264674760711625,31.543297506012188,21832200,PETR4.SA
2025-01-23,31.09581756591797,31.585513781193132,30.986056792187103,31.340664063168308,26725700,PETR4.SA
2025-01-24,30.93539810180664,31.154919655452794,30.732766290044353,31.138033134343505,16216500,PETR4.SA
2025-01-27,31.391321182250977,31.492637077393596,30.79186423989365,30.87629361571679,29809700,PETR4.SA
2025-01-28,31.349105834960938,31.653056734769905,31.138029179068504,31.577069009817663,27621700,PETR4.SA
2025-01-29,31.1549129486084,31.51796502236593,31.036707326289992,31.408204269171495,18204400,PETR4.SA
2025-01-30,31.568628311157227,31.669944217555845,31.070487208600007,31.27312224217184,30916000,PETR4.SA
2025-01-31,31.821916580200195,32.3960453616876,31.450422812497752,31.5686252285497,37044800,PETR4.SA
2025-02-03,31.661500930786133,31.92323716462609,31.560185029624456,31.881019253432168,24877600,PETR4.SA
2025-02-04,31.349105834960938,31.534851102019843,31.08736962217562,31.492636414996188,34290300,PETR4.SA
2025-02-05,31.121145248413086,31.298448881123065,31.028270996772306,31.28156236075434,20539800,PETR4.SA
2025-02-06,31.062042236328125,31.340661754319836,30.986054509462342,31.10425692441484,17512400,PETR4.SA
2025-02-07,30.884735107421875,31.26467047784084,30.70742828434929,31.12113991048681,21438700,PETR4.SA
2025-02-10,31.09581756591797,31.26467633070455,31.00294331282066,31.078931045284413,17483300,PETR4.SA
2025-02-11,31.09581756591797,31.31533589260522,30.969170271553548,31.247789810070994,16624300,PETR4.SA
2025-02-12,30.63144874572754,31.02827396035827,30.48791814004606,30.943844571225018,37364500,PETR4.SA
2025-02-13,30.665220260620117,30.6736651315772,30.411928885075568,30.563904354557213,15351300,PETR4.SA
2025-02-14,31.6108455657959,31.729051223745135,30.73276893788271,30.76653876223621,40322000,PETR4.SA
2025-02-17,31.80503273010254,32.01610941098968,31.636173962012467,31.77970455904394,22615200,PETR4.SA
2025-02-18,32.387603759765625,32.455146617276746,31.83880314640672,31.847248016579535,44062600,PETR4.SA
2025-02-19,32.45514678955078,32.64089528504732,31.973892251922745,32.176527267080274,32648200,PETR4.SA
2025-02-20,32.50580978393555,32.564910998608,32.345392661363825,32.438263698152944,26641200,PETR4.SA
2025-02-21,32.412933349609375,32.531135771016146,32.22718484695621,32.531135771016146,30115200,PETR4.SA
2025-02-24,32.18496322631836,32.514242249556276,31.914785401057824,32.505800601605394,27830300,PETR4.SA
2025-02-25,32.04143524169922,32.45514366080088,31.94011935427469,32.18496581381947,31960900,PETR4.SA
2025-02-26,32.04143524169922,32.29472657064754,31.87257328214234,32.29472657064754,27420200,PETR4.SA
2025-02-27,30.910070419311523,31.01983119787025,29.956002896584877,30.698993733269543,129693500,PETR4.SA
2025-02-28,30.3359375,30.859406709239437,30.234621606128478,30.80875037269077,55476800,PETR4.SA
2025-03-05,29.229900360107422,29.643612107067607,29.17079914208094,29.56762436663716,48552000,PETR4.SA
2025-03-06,28.925945281982422,29.65204953814829,28.73175513313389,29.390316530070617,47749600,PETR4.SA
2025-03-07,29.23834228515625,29.4916336541403,28.900618312661184,28.951277874767793,28074700,PETR4.SA
2025-03-10,29.229900360107422,29.229900360107422,28.70643104868367,29.196130536074307,35037200,PETR4.SA
2025-03-11,28.790861129760742,29.466309159004023,28.63044399424166,29.339661848327182,28805400,PETR4.SA
2025-03-12,28.790861129760742,29.044155751114424,28.67265869087564,28.84152069818646,20149100,PETR4.SA
2025-03-13,29.077919006347656,29.16235160131456,28.74019828880256,28.858400700982052,19263600,PETR4.SA
2025-03-14,29.972883224487305,30.19240151546977,29.018815898905224,29.21300602344424,41529400,PETR4.SA
2025-03-17,30.530132293701172,30.741208983569344,30.057319348917584,30.065764220146136,31175900,PETR4.SA
2025-03-18,30.555456161499023,30.741204653064575,30.319051332796853,30.555456161499023,15086400,PETR4.SA
2025-03-19,30.530132293701172,30.673666117614367,30.420371513152812,30.623006552567116,21180500,PETR4.SA
2025-03-20,30.59767723083496,30.800309041861432,30.19240716723289,30.530131146643093,46921900,PETR4.SA
2025-03-21,31.07048988342285,31.26468006272723,30.547020564394757,30.58079360969331,61175700,PETR4.SA
2025-03-24,31.028268814086914,31.188685915143616,30.817192155487685,30.98605412652191,20348000,PETR4.SA
2025-03-25,31.27312469482422,31.67839157297709,30.926959035103547,31.112704341272668,28036100,PETR4.SA
2025-03-26,31.568628311157227,31.771263344729057,31.365996498359987,31.365996498359987,26870300,PETR4.SA
2025-03-27,31.80503273010254,32.05832732378675,31.5686278781568,31.602400920084634,28444400,PETR4.SA
2025-03-28,31.602401733398438,31.982340412928234,31.315337311173103,31.788150248007366,22057700,PETR4.SA
2025-03-31,31.374441146850586,31.77970803194875,31.306898276388345,31.534858282376454,26049400,PETR4.SA
2025-04-01,31.492637634277344,32.05832476877299,31.408208256961238,31.492637634277344,19075600,PETR4.SA
2025-04-02,31.408212661743164,31.4926420508999,31.095820056933544,31.467313878307827,16959200,PETR4.SA
2025-04-03,30.395044326782227,30.64833571868379,30.06576519523272,30.521691633120405,65896000,PETR4.SA
2025-04-04,29.170795440673828,29.559175744360072,28.546010294878464,29.3312157727688,87263200,PETR4.SA
2025-04-07,28.014097213745117,29.17079651777014,27.954996001035596,28.638882382609918,85724900,PETR4.SA
2025-04-08,27.01781463623047,28.655768489073125,26.916497122774217,28.45313668293511,62128500,PETR4.SA
2025-04-09,28.11540985107422,28.351817895214587,26.207278303673778,26.43523986757875,106391600,PETR4.SA
2025-04-10,26.367698669433594,27.879008482128373,26.34237049829862,27.862121961113537,71250600,PETR4.SA
2025-04-11,26.891170501708984,27.271107575691154,25.987762530416305,26.59566281502018,65329400,PETR4.SA
2025-04-14,26.789852142333984,27.76080616963376,26.545004028163998,27.524398095231238,56015200,PETR4.SA
2025-04-15,26.173507690429688,26.90805522773148,26.156621169942927,26.78985119471139,58276900,PETR4.SA
2025-04-16,26.173507690429688,26.57033125954519,26.046862007553443,26.418357406326027,73227700,PETR4.SA
2025-04-17,26.69099998474121,26.976511422332425,26.35357617652465,26.535266173289266,65752700,PETR4.SA
2025-04-22,26.75156593322754,27.03707740461175,26.24110577981149,26.647742829900444,41683900,PETR4.SA
2025-04-23,26.448749542236328,27.495626006025017,26.38818675470211,27.123595568072314,71566500,PETR4.SA
2025-04-24,26.327621459960938,26.68234773906228,26.007501777492582,26.65639155392851,61589200,PETR4.SA
2025-04-25,26.405492782592773,26.58718115828817,26.128633362364184,26.249758946161112,35581500,PETR4.SA
2025-04-28,26.301666259765625,26.630438016257003,26.171888629660966,26.44009595190554,27362000,PETR4.SA
2025-04-29,26.44009780883789,26.656394424273895,26.085371491539817,26.215149130758977,33041100,PETR4.SA
2025-04-30,25.946941375732422,26.45740151203473,25.920985188217795,26.310319749876232,52798300,PETR4.SA
2025-05-02,26.656394958496094,26.656394958496094,25.929638184049168,26.12863232839963,33146600,PETR4.SA
2025-05-05,25.661428451538086,26.492008252339303,25.661428451538086,26.448747942280225,59011700,PETR4.SA
2025-05-06,26.085371017456055,26.293015566475358,25.920985130652873,26.0507644177256,52751300,PETR4.SA
2025-05-07,26.20649528503418,26.215145696331586,25.869071487015354,26.215145696331586,35050400,PETR4.SA
2025-05-08,26.569875717163086,26.846736773903547,26.344928687018072,26.466054264821114,44665000,PETR4.SA
2025-05-09,26.74291229248047,26.976513023523758,26.50931156143718,26.90729817546043,25075600,PETR4.SA
2025-05-12,27.383150100708008,27.833045788852942,27.383150100708008,27.599446707585972,53493600,PETR4.SA
2025-05-13,27.798439025878906,27.902260466285878,27.123593062385424,27.486971404233906,56165300,PETR4.SA
2025-05-14,27.60809898376465,27.789787342847834,27.426410624681463,27.685965894860917,28060100,PETR4.SA
2025-05-15,27.57349395751953,27.763834389828865,27.331241148043077,27.42641218930387,32468300,PETR4.SA
2025-05-16,27.703269958496094,27.824395530951076,27.391802314797964,27.54753613664703,48111800,PETR4.SA
2025-05-19,27.66866111755371,27.772482563091977,27.426409977823013,27.547535547688362,30200500,PETR4.SA
2025-05-20,27.781137466430664,28.040692741615448,27.642707766303822,27.729225091223952,33485800,PETR4.SA
2025-05-21,27.469669342041016,28.02338813299379,27.417758617942233,27.867654310485282,28724100,PETR4.SA
2025-05-22,27.106290817260742,27.3831502111472,27.002467719447246,27.37449814881173,42207300,PETR4.SA
2025-05-23,27.166854858398438,27.166854858398438,26.708307084920456,26.89864751445733,25732400,PETR4.SA
2025-05-26,27.08033561706543,27.27932975760833,26.941905915077804,27.218765319053055,21277100,PETR4.SA
2025-05-27,27.279329299926758,27.40045487458068,27.132247537756058,27.270677237421165,34361500,PETR4.SA
2025-05-28,27.19281005859375,27.443713267948336,27.19281005859375,27.400454606056496,30516200,PETR4.SA
2025-05-29,27.028425216674805,27.253373897665128,26.864039324756448,27.236069772155357,20778800,PETR4.SA
2025-05-30,26.73426055908203,27.054380266695645,26.73426055908203,26.950557168217344,45127700,PETR4.SA
2025-06-02,26.889995574951172,27.383151601629795,26.829432785739726,27.374499538854984,35111000,PETR4.SA
2025-06-03,26.898162841796875,27.005112834442322,26.194068307133175,26.630784460304294,59828700,PETR4.SA
2025-06-04,26.15842056274414,27.13880462487965,26.087119996403715,26.951639575773793,41952900,PETR4.SA
2025-06-05,26.167333602905273,26.41688473757672,26.033643552257445,26.292109170240998,23774000,PETR4.SA
2025-06-06,26.443622589111328,26.586223720503362,26.16733310953171,26.24754645843218,28069300,PETR4.SA
2025-06-09,25.997995376586914,26.265372090940033,25.721705878430065,26.04255759566587,43834800,PETR4.SA
2025-06-10,26.78230094909668,26.933814869904324,26.158421398666096,26.21189640014537,46241800,PETR4.SA
2025-06-11,27.673561096191406,27.77160002327611,27.005117575027946,27.005117575027946,52432400,PETR4.SA
2025-06-12,28.297441482543945,28.4400426264608,27.388357915119204,27.450745703090362,51729500,PETR4.SA
2025-06-13,28.992618560791016,29.5630230759927,28.671765171020297,29.509549777616975,74902600,PETR4.SA
2025-06-16,28.707414627075195,29.349121369149863,28.582639071644877,28.992616868024182,45972200,PETR4.SA
2025-06-17,29.358034133911133,29.491724179463258,28.850017400619596,28.858931883591918,57633400,PETR4.SA
2025-06-18,29.331298828125,29.598675531596008,28.95697212324144,29.375861045390295,49342900,PETR4.SA
2025-06-20,29.25108528137207,29.554113116579405,29.081747496945322,29.170871930879567,85062700,PETR4.SA
2025-06-23,28.520254135131836,29.71453991303565,28.350914650221398,29.669977695925354,54592400,PETR4.SA
2025-06-24,27.95876121520996,28.377651818392746,27.753770605198387,27.88746065083971,48728300,PETR4.SA
2025-06-25,27.816158294677734,28.110275034165802,27.816158294677734,27.914197207840424,23127700,PETR4.SA
2025-06-26,28.038972854614258,28.163750117180964,27.90528450895093,27.940935641095578,17227000,PETR4.SA
2025-06-27,27.816158294677734,28.0300616870217,27.75377051355222,27.97658498896594,16482100,PETR4.SA
2025-06-30,27.967674255371094,28.065713175717878,27.718123112582433,27.81616033298955,23091100,PETR4.SA
2025-07-01,28.065710067749023,28.13701062921284,27.860721166032985,28.030060636986853,17014100,PETR4.SA
2025-07-02,28.5648136138916,28.734154782507854,28.056796907800653,28.145923033416835,28311600,PETR4.SA
2025-07-03,28.66285514831543,28.86784406605727,28.466779013945793,28.520254014239402,14322300,PETR4.SA
2025-07-04,28.6272029876709,28.796544165727113,28.493514641763863,28.52025299092109,9356900,PETR4.SA
2025-07-07,28.573728561401367,28.751977415655684,28.43112573813106,28.627201857726078,17938800,PETR4.SA
2025-07-08,28.983707427978516,29.046095209229254,28.546989559344244,28.58264069145298,28778300,PETR4.SA
2025-07-09,28.805458068847656,29.08174927070214,28.573732486557667,29.028272567152406,22338900,PETR4.SA
2025-07-10,28.73415756225586,28.903495347374978,28.270701324228973,28.529165243586355,23102800,PETR4.SA
2025-07-11,29.081745147705078,29.144132926395173,28.653941779596323,28.698503992963683,23946700,PETR4.SA
2025-07-14,28.698505401611328,29.206522138668586,28.62720313682057,29.08174657516387,24106300,PETR4.SA
2025-07-15,28.475692749023438,28.85893394713868,28.35091547758194,28.73415837563685,18688300,PETR4.SA
2025-07-16,28.33308982849121,28.475690958365917,28.047885868802236,28.431127042817845,27588900,PETR4.SA
2025-07-17,28.04788589477539,28.315264288492738,27.98549811288988,28.315264288492738,27497600,PETR4.SA
2025-07-18,27.620084762573242,28.163752677628654,27.272494692260278,27.9855004005791,57635000,PETR4.SA
2025-07-21,27.673561096191406,27.878551734635767,27.424009936251842,27.530959947671718,16412000,PETR4.SA
2025-07-22,27.940937042236328,28.145925962528874,27.620083636603034,27.67355863756204,24557100,PETR4.SA
2025-07-23,28.511343002319336,28.546992438083493,27.896374510945304,27.94093843057514,27418600,PETR4.SA
2025-07-24,28.466777801513672,28.538078365514913,28.208312194546956,28.457865018521073,17856300,PETR4.SA
2025-07-25,28.50242805480957,28.680680319918583,28.44004027200329,28.511340838058977,13341000,PETR4.SA
2025-07-28,28.53807830810547,28.90349391036918,28.235050486724894,28.66285386987175,27972800,PETR4.SA
2025-07-29,28.91240692138672,29.055008058611488,28.511341860419417,28.689592431980557,33284000,PETR4.SA
2025-07-30,29.20652198791504,29.25999868623208,28.760893034910318,28.78762968412929,27110400,PETR4.SA
2025-07-31,29.09065818786621,29.18869710379857,28.894580356001494,28.92132040572434,23544900,PETR4.SA
2025-08-01,28.707414627075195,29.33129580410569,28.555902424018065,29.233256896302183,24191800,PETR4.SA
2025-08-04,28.66285514831543,28.760894065470055,28.48460288075059,28.707417365236836,15215600,PETR4.SA
2025-08-05,28.796545028686523,28.885669462002348,28.546990495619664,28.636118328814685,20635500,PETR4.SA
2025-08-06,28.83219337463379,29.358035702078894,28.68959223837135,29.055007862536304,32854600,PETR4.SA
2025-08-07,28.992618560791016,29.27782081839186,28.903494130245413,29.090657474318636,21111400,PETR4.SA
2025-08-08,27.210105895996094,28.564816691552846,27.210105895996094,28.07462549775832,107235300,PETR4.SA
2025-08-11,27.37944221496582,27.6557333893244,27.25466665231327,27.370529431927846,28045800,PETR4.SA
2025-08-12,27.450742721557617,27.869635023763102,27.317054376148448,27.441831638477943,37973300,PETR4.SA
2025-08-13,27.24575424194336,27.504219853761285,27.103153111264355,27.45074315480198,38340700,PETR4.SA
2025-08-14,26.898162841796875,27.388353991290717,26.75556171830996,27.388353991290717,43087500,PETR4.SA
2025-08-15,26.889251708984375,26.933813925331023,26.506010528620678,26.82686392612323,55416100,PETR4.SA
2025-08-18,27.058589935302734,27.227927709513324,26.75556211837709,26.96055102396223,31498100,PETR4.SA
2025-08-19,26.77338981628418,26.94272760398075,26.60405032864797,26.915990953260053,39294300,PETR4.SA
2025-08-20,26.933813095092773,27.058590356908375,26.82686309918173,26.844688665146748,23706600,PETR4.SA
2025-08-21,26.996204376220703,27.120979946417464,26.74665153588753,26.933814891182674,23327000,PETR4.SA
2025-08-22,27.772708892822266,27.772708892822266,27.16201911611049,27.244052200930334,49813600,PETR4.SA
2025-08-25,27.936777114868164,28.055270129870827,27.727137766484834,27.77271093317517,21075300,PETR4.SA
2025-08-26,27.736251831054688,27.87297306511298,27.553955693307092,27.78182499623918,21789700,PETR4.SA
2025-08-27,27.945890426635742,27.96412038762491,27.672447965817337,27.75448105176381,16349100,PETR4.SA
2025-08-28,28.191991806030273,28.374286214125974,27.991465697068634,28.055270565332272,25802500,PETR4.SA
2025-08-29,28.346940994262695,28.57481029206464,28.119071696460754,28.191989802217183,27713400,PETR4.SA
2025-09-01,28.410743713378906,28.5930398444166,28.30136568705534,28.438088654585986,9889700,PETR4.SA
2025-09-02,28.556581497192383,28.656844548641306,28.25579408135046,28.25579408135046,19812000,PETR4.SA
2025-09-03,28.31048011779785,28.57480932881997,28.182873871651843,28.365169999150183,29788800,PETR4.SA
2025-09-04,28.31048011779785,28.547464388143805,28.19198885187723,28.255791974950235,24816500,PETR4.SA
2025-09-05,27.88208770751953,28.337826307853614,27.517497174953224,28.328711327226358,46121900,PETR4.SA
2025-09-08,27.991464614868164,28.228448900884743,27.809170213820295,28.10084264630075,18164200,PETR4.SA
2025-09-09,28.210220336914062,28.39251473575956,28.082612345366925,28.128187248956905,31283900,PETR4.SA
2025-09-10,28.72064781188965,28.747992754733247,28.18287610549956,28.219334290786165,35949600,PETR4.SA
2025-09-11,28.611270904541016,28.693303997794,28.50189460587365,28.52923781128803,17607900,PETR4.SA
2025-09-12,28.419858932495117,28.893827486370444,28.401628971537274,28.665958189911702,19318400,PETR4.SA
2025-09-15,28.66596031188965,28.75710664641638,28.310483000916808,28.529237333089768,21978400,PETR4.SA
2025-09-16,28.73887825012207,28.875599489596453,28.565697086251916,28.80268137930979,19154700,PETR4.SA
2025-09-17,28.91205596923828,28.97586083316543,28.675071690166067,28.74799153465424,29148100,PETR4.SA
2025-09-18,28.629501342773438,29.003206890020966,28.42897696621536,28.957633721236615,25702900,PETR4.SA
2025-09-19,28.31048011779785,28.66595739256914,28.173758891426456,28.647727432118366,48871300,PETR4.SA
2025-09-22,28.593042373657227,28.68418870873381,28.10995880062877,28.25579502295719,22016100,PETR4.SA
2025-09-23,29.076122283935547,29.24930343842883,28.675071829821288,28.70241677163753,39895300,PETR4.SA
2025-09-24,29.732385635375977,29.74150235460711,29.22196062274044,29.313106952994037,36414400,PETR4.SA
2025-09-25,29.495405197143555,29.896453946716715,29.386028897625398,29.80530760995323,29556300,PETR4.SA
2025-09-26,29.395139694213867,29.84176505201017,29.30399336503564,29.613895752055026,27819700,PETR4.SA
2025-09-29,28.994091033935547,29.659470752248104,28.92117292297724,29.404254756136684,35720000,PETR4.SA
2025-09-30,28.675073623657227,29.076124102860128,28.40163114240814,28.884714713686748,48611500,PETR4.SA
2025-10-01,28.602155685424805,28.757106889336015,28.529237574084522,28.665960554039344,24817000,PETR4.SA
2025-10-02,28.328710556030273,28.629497954522204,28.274022412260308,28.602153013384847,25497100,PETR4.SA
2025-10-03,28.25579261779785,28.556580018060025,28.25579261779785,28.401628827712557,19756800,PETR4.SA
2025-10-06,28.000577926635742,28.465431490131753,27.982349704570886,28.438088287782108,21245400,PETR4.SA
2025-10-07,28.100841522216797,28.128186463607307,27.663332890997243,28.00057847562303,29068800,PETR4.SA
2025-10-08,27.936777114868164,28.328712607022574,27.80005587629229,28.328712607022574,17687400,PETR4.SA
2025-10-09,27.53572654724121,28.109958181197374,27.517498323730514,27.945892000067044,22879700,PETR4.SA
2025-10-10,27.289627075195312,27.490151427605184,27.22582395117875,27.435463283948806,50214400,PETR4.SA
2025-10-13,27.553955078125,27.590415000262425,27.316970799746066,27.481036972354925,13890500,PETR4.SA
2025-10-14,27.362546920776367,27.76359565111668,27.23493892611822,27.29874379269972,28138200,PETR4.SA
2025-10-15,27.116445541381836,27.499266018565063,27.04352743803764,27.389887994296405,40261000,PETR4.SA
2025-10-16,26.84300422668457,27.17113483639475,26.80654430421411,27.107331710576236,28660900,PETR4.SA
2025-10-17,27.098217010498047,27.298743109151975,26.715396513118954,26.888577669636945,36238600,PETR4.SA
2025-10-20,27.116445541381836,27.253166767839122,26.870346290655895,27.070872378730982,31442800,PETR4.SA
2025-10-21,26.89769172668457,27.335200354806723,26.861231805088682,27.307855413609808,25509900,PETR4.SA
2025-10-22,27.207595825195312,27.37166200573294,26.997956478288284,27.1255627349265,27088800,PETR4.SA
2025-10-23,27.517498016357422,28.0005798348397,27.44457990761454,27.81828543223492,40060800,PETR4.SA
2025-10-24,27.1984806060791,27.75448227114292,27.17113566339397,27.617759296222093,24370300,PETR4.SA
2025-10-27,27.344316482543945,27.490152698037125,27.06175903233901,27.490152698037125,24771400,PETR4.SA
2025-10-28,27.335203170776367,27.663335544923317,27.125563815518007,27.25317007723963,25324800,PETR4.SA
2025-10-29,27.362546920776367,27.490153176929663,27.162020817101357,27.426350048853013,24854900,PETR4.SA
2025-10-30,27.24405288696289,27.490152147619455,27.125561616186463,27.27139782875966,22657200,PETR4.SA
2025-10-31,27.116445541381836,27.426347915220862,26.93414941376898,27.34431483164555,29516300,PETR4.SA
2025-11-03,27.43546485900879,27.77271045917312,27.162020648019094,27.234938756582046,54977300,PETR4.SA
2025-11-04,27.572185516357422,27.581300497049522,27.262283126845254,27.344316214569346,35035200,PETR4.SA
2025-11-05,28.11907196044922,28.21022002812667,27.5357253704164,27.572185292889298,40375900,PETR4.SA
2025-11-06,28.264909744262695,28.511009019118294,28.164646690394513,28.23756480088822,43435700,PETR4.SA
2025-11-07,29.331336975097656,29.331336975097656,28.119072352067118,28.456317947114325,97315600,PETR4.SA
2025-11-10,29.495405197143555,29.66858462779813,29.103469690442797,29.44071530887954,41064200,PETR4.SA
2025-11-11,30.261045455932617,30.479798049244714,29.57743751706521,29.659470608809688,68221300,PETR4.SA
2025-11-12,29.486286163330078,30.31573028002286,29.240190377979015,30.31573028002286,67646400,PETR4.SA
2025-11-13,29.6138973236084,30.024059303686517,29.45894438337086,29.49540430778084,38517200,PETR4.SA
2025-11-14,29.805307388305664,30.233699340320154,29.695931089600883,29.71415757521014,27371300,PETR4.SA
2025-11-17,29.969371795654297,30.151667934012988,29.83264882263287,29.8599920264333,63708200,PETR4.SA
2025-11-18,30.06963348388672,30.23369617626929,29.777957589515694,29.805304269087355,26520500,PETR4.SA
2025-11-19,29.914682388305664,30.060518605917377,29.6594698767376,29.89645242647799,48719300,PETR4.SA
2025-11-21,29.686813354492188,29.841766292950233,29.495403969052596,29.677700111999233,40869300,PETR4.SA
2025-11-24,29.659467697143555,29.850877066753448,29.495401529760947,29.67769765763156,38665600,PETR4.SA
2025-11-25,29.422483444213867,29.568319659814307,29.249304024753854,29.486286571225957,28431100,PETR4.SA
2025-11-26,29.376909255981445,29.540975427445964,29.258416248366064,29.513632224538384,25042100,PETR4.SA
2025-11-27,29.531862258911133,29.531862258911133,29.349566126051773,29.422482492989797,16087400,PETR4.SA
2025-11-28,28.975862503051758,29.449831088511115,28.520123879765045,29.413371164165834,60420500,PETR4.SA
2025-12-01,29.03055191040039,29.322222625290806,28.775337644426962,29.12169998671268,29489100,PETR4.SA
2025-12-02,29.2310733795166,29.2310733795166,28.656843511333143,29.103467128476893,25574100,PETR4.SA
2025-12-03,29.4498291015625,29.623008515003708,29.303992891030553,29.303992891030553,36630000,PETR4.SA
2025-12-04,29.641237258911133,29.850876585630157,29.577434136736187,29.61389405712455,33009700,PETR4.SA
2025-12-05,28.593042373657227,29.996716448194483,28.593042373657227,29.623010911164798,74495100,PETR4.SA
2025-12-08,28.85736846923828,29.15815588045441,28.70241727324786,28.775335380860717,30271600,PETR4.SA
2025-12-09,29.03966522216797,29.07612340749365,28.556581662442486,28.81179591374168,23863000,PETR4.SA
2025-12-10,29.11258316040039,29.15815632641614,28.747992616759856,29.057893274975676,22123700,PETR4.SA
2025-12-11,28.629501342773438,29.0761250031789,28.483665116457573,29.057895040263176,64927900,PETR4.SA
2025-12-12,28.79356575012207,28.912057024731553,28.565696443292047,28.62949957104368,39659900,PETR4.SA
2025-12-15,28.893827438354492,29.07612183211569,28.79356439175774,28.875597477426943,31898900,PETR4.SA
2025-12-16,28.018808364868164,28.738876173099833,27.900317096155295,28.738876173099833,52661900,PETR4.SA
2025-12-17,28.328710556030273,28.328710556030273,28.09172628168743,28.128186203203903,39337100,PETR4.SA
2025-12-18,28.16464614868164,28.511008470743562,28.100843020539934,28.438090361652346,34311000,PETR4.SA
2025-12-19,28.264909744262695,28.474549094618997,28.228449819763394,28.319597892506753,45807700,PETR4.SA
2025-12-22,28.346940994262695,28.738876464642804,28.346940994262695,28.483662225242906,35896900,PETR4.SA
2025-12-23,28.4993839263916,28.743852632244902,28.395956169099556,28.725046933315383,35703900,PETR4.SA
2025-12-26,28.593408584594727,28.61221428218056,28.320733143240304,28.499381890075604,20178600,PETR4.SA
2025-12-29,28.89429473876953,28.969515741342757,28.696840279543622,28.73444988412515,20588100,PETR4.SA
2025-12-30,28.978918075561523,29.110554379371482,28.819073223759375,28.960112376900064,16880600,PETR4.SA
2026-01-02,28.87548828125,29.110554132292712,28.546397524518298,29.110554132292712,21625200,PETR4.SA
2026-01-05,28.39595603942871,28.931905902601525,27.954031083653817,28.86608775005892,48211400,PETR4.SA
2026-01-06,27.869407653808594,28.612216628676613,27.85060374809068,28.555801324702518,38095000,PETR4.SA
2026-01-07,28.048057556152344,28.048057556152344,27.76597924943438,27.89761555344808,28132900,PETR4.SA
2026-01-08,28.39595603942871,28.52759234451392,28.01044818018475,28.123278786426315,34125800,PETR4.SA
2026-01-09,28.48998260498047,28.903699036568725,28.33954059229569,28.367749142202932,27982800,PETR4.SA
2026-01-12,28.546398162841797,28.74385262129608,28.40535721433427,28.489981066074723,18947400,PETR4.SA
2026-01-13,29.279802322387695,29.449050024918744,28.54639800263334,28.54639800263334,54097100,PETR4.SA
2026-01-14,30.07902717590332,30.586768500010262,29.336219992222194,29.477259149284667,82309300,PETR4.SA
2026-01-15,29.890975952148438,30.022612261326802,29.561883385792314,29.6182986906673,26456600,PETR4.SA
2026-01-16,30.126041412353516,30.276483418950697,29.975597612346153,30.04141755946633,70947300,PETR4.SA
2026-01-19,30.248271942138672,30.285883339082226,30.00380503564603,30.05081748841536,12852900,PETR4.SA
2026-01-20,30.361106872558594,30.57736703002173,30.032014314926343,30.248272678979315,26300000,PETR4.SA
2026-01-21,31.43300437927246,31.54583497804628,30.492741020243837,30.558559168430236,93270900,PETR4.SA
2026-01-22,31.574047088623047,32.09119124772779,31.27315949698474,31.385993688906705,71516300,PETR4.SA
2026-01-23,32.946834564208984,33.360549221283556,31.85612902572087,31.921947185100443,68642600,PETR4.SA
2026-01-26,33.24771499633789,33.567404701564996,32.946830989867706,33.25711605230621,39869600,PETR4.SA
2026-01-27,33.971717834472656,34.272601837193584,33.25711563789529,33.38875194073316,47268200,PETR4.SA
2026-01-28,35.10943603515625,35.20346094186275,34.31961462363271,34.366627076985964,46054700,PETR4.SA
2026-01-29,35.44792938232422,36.27536214326951,35.32569414123888,35.730007672904186,58722800,PETR4.SA
2026-01-30,35.50434494018555,35.711204039081515,34.808552022332286,35.00600647846738,45794700,PETR4.SA
2026-02-02,35.015411376953125,35.015411376953125,34.43244547341065,34.5828874773009,38505600,PETR4.SA
2026-02-03,35.33510208129883,36.030895023880106,34.92138386880362,35.26928034009426,57152800,PETR4.SA
2026-02-04,35.278682708740234,35.42912470717925,34.761538563282386,35.21286455859943,37955800,PETR4.SA
2026-02-05,34.78974533081055,35.36330657096649,34.695720426806695,35.1658521204663,35933100,PETR4.SA
2026-02-06,34.460655212402344,35.04361751892918,34.27260181412329,34.9872004233994,27681100,PETR4.SA
2026-02-09,35.09062957763672,35.212864823168125,34.36662633382793,34.47005588106064,27089800,PETR4.SA
2026-02-10,35.11883544921875,35.33509918080941,34.7051208575038,35.09062869588958,24585300,PETR4.SA
2026-02-11,35.805233001708984,36.16253052125753,35.438527252456026,35.476138650351764,55863800,PETR4.SA
2026-02-12,34.89317321777344,35.777019468562145,34.60169029031227,35.777019468562145,39856000,PETR4.SA
2026-02-13,34.68631362915039,34.9401851583712,34.34781825685597,34.9401851583712,27507000,PETR4.SA
2026-02-18,34.96839141845703,35.156444798954716,34.648701747656936,34.85556082488638,32276700,PETR4.SA
2026-02-19,35.551361083984375,35.95567464019404,35.20346103722331,35.2598781334922,48355000,PETR4.SA
2026-02-20,35.70180130004883,35.70180130004883,35.212863917321265,35.419719419645155,51949800,PETR4.SA
2026-02-23,36.284767150878906,36.90534089247704,35.58897061062866,35.70180480860683,55061500,PETR4.SA
2026-02-24,37.20622253417969,37.29084638384156,36.53863637952504,36.53863637952504,43263600,PETR4.SA
2026-02-25,37.20622253417969,37.58232932974806,36.698479436208444,37.55411898864729,26012300,PETR4.SA
2026-02-26,37.24383544921875,37.422484211644615,36.642067421236504,36.952352491430936,29919100,PETR4.SA
2026-02-27,36.980560302734375,37.86440658499037,36.980560302734375,37.53531225127176,38799000,PETR4.SA
2026-03-02,38.673038482666016,39.04914172788323,38.09947717787763,38.832881554848704,83817000,PETR4.SA
2026-03-03,38.5037841796875,39.49105996135744,38.31573079584085,39.20898167899745,93893800,PETR4.SA
2026-03-04,38.08066940307617,38.71064418757674,37.54471952805258,38.50378866936332,50915600,PETR4.SA
2026-03-05,38.25931930541992,38.33454210469843,37.59173310251539,38.108877293683406,53107600,PETR4.SA
2026-03-06,39.64150619506836,40.54415822998573,38.945709676390166,39.3970392806692,87228000,PETR4.SA
2026-03-09,40.58177185058594,41.62546489235038,40.1210411649454,40.6663957076701,107124400,PETR4.SA
2026-03-10,40.365509033203125,40.525352093426974,39.519270517840674,39.78254671529805,56706200,PETR4.SA
2026-03-11,42.123802185058594,42.199024983343875,40.647588843504145,40.66639454307547,73234300,PETR4.SA
2026-03-12,42.31185531616211,43.33674262173752,41.55964527234998,42.67855748834425,86124400,PETR4.SA
2026-03-13,42.00156784057617,42.63154623598269,41.64427030144703,41.94515432746132,42520400,PETR4.SA
2026-03-16,43.120479583740234,43.24271482859241,42.12379910036897,42.19902189314575,40474100,PETR4.SA
2026-03-17,43.60941696166992,44.4368461610153,43.06406247468212,43.11107492674171,51025600,PETR4.SA
2026-03-18,44.1923828125,44.33342376684255,43.76926353629282,43.91030449063537,55074700,PETR4.SA
2026-03-19,43.98552322387695,45.25488103868277,43.90089936955657,44.38043573964557,84865000,PETR4.SA
2026-03-20,42.941829681396484,44.42744764167003,42.236632099782675,43.99492731911712,78125700,PETR4.SA
2026-03-23,43.28032684326172,43.42136780001158,41.672477153051815,41.766502066338035,65252400,PETR4.SA
2026-03-24,44.44625473022461,45.08563417781904,43.60001617110831,43.628226514292514,57455300,PETR4.SA
2026-03-25,44.66250991821289,44.70952236918383,43.53419316080981,43.72224655151367,40532900,PETR4.SA
2026-03-26,45.15144729614258,45.574566528491516,44.681315612826,44.756534817010206,59986800,PETR4.SA
2026-03-27,46.45841598510742,46.48662274025666,45.25487994113558,45.602776406317375,54170900,PETR4.SA
2026-03-30,46.702880859375,47.66194994758826,46.53363674905048,46.778103652248284,51454300,PETR4.SA
2026-03-31,45.76261901855469,47.530315255895594,44.80355348469494,47.078989243837974,78931700,PETR4.SA
2026-04-01,44.54027557373047,45.19846066104654,43.976118977071074,44.85056421266725,66488400,PETR4.SA
2026-04-02,45.273685455322266,46.50542824941413,45.085632052514406,46.3549862445319,38536900,PETR4.SA
2026-04-06,46.0164909362793,46.072908033289664,45.01981399683845,45.1232435479473,27848100,PETR4.SA
2026-04-07,45.612178802490234,46.59945830356328,45.508752834964326,46.15753333019993,33362800,PETR4.SA
2026-04-08,43.825679779052734,43.85388653464191,41.86993009027455,42.02977674119411,87580500,PETR4.SA
2026-04-09,45.03861999511719,45.64978907609915,44.220588223722636,44.70012458444639,58206500,PETR4.SA
2026-04-10,46.10111618041992,46.10111618041992,44.69072099395646,44.69072099395646,42860900,PETR4.SA
2026-04-13,46.80630874633789,47.2388326163809,46.30797031509492,46.778101993420755,60941100,PETR4.SA
2026-04-14,45.01980972290039,46.68407626509627,44.82235169551987,46.64646487065998,58646800,PETR4.SA
2026-04-15,44.088951110839844,45.22666898616259,43.93850910738246,45.08563162550771,61852100,PETR4.SA
2026-04-16,45.678001403808594,45.77202631671756,43.966718576937325,44.465060658452245,54484300,PETR4.SA
2026-04-17,43.45897674560547,43.76926181138234,42.18961896700828,43.722249357394375,105186900,PETR4.SA
2026-04-20,44.211185455322266,44.6437057580638,43.731649113170384,44.4180445509031,41904500,PETR4.SA
2026-04-22,44.82235336303711,45.11383630053235,44.42744446722433,44.79414660957052,51063000,PETR4.SA
2026-04-23,45.54999542236328,45.84559016799903,44.72042776515026,45.159049410350924,38666800,PETR4.SA
2026-04-24,44.968345642089844,45.31161603924912,44.29134215736897,45.29254505747162,34880200,PETR4.SA
2026-04-27,45.168582916259766,45.93140395672619,44.97787674678875,45.025556017219735,31543600,PETR4.SA
2026-04-28,45.31161880493164,45.80745344915728,45.25440585610704,45.435578375342565,29389700,PETR4.SA
2026-04-29,46.684696197509766,47.00889562821822,45.76931085342166,45.86466212939908,47685000,PETR4.SA
2026-04-30,46.79911804199219,47.0851754825773,46.04583065976448,46.54166525424027,36666100,PETR4.SA
2026-05-04,47.04703903198242,47.53333637420405,46.64655565831332,46.98982608219594,41319600,PETR4.SA
2026-05-05,46.39863967895508,46.751443772172365,46.083977551874284,46.60841685528767,28066500,PETR4.SA
2026-05-06,45.07323455810547,45.283011721799,44.42483572252354,44.53925797662097,62009100,PETR4.SA
2026-05-07,44.0720329284668,44.48204995807408,43.09943464689263,44.24366813329859,71214500,PETR4.SA
2026-05-08,43.54758834838867,44.386693358173474,43.54758834838867,44.23412914161422,32914200,PETR4.SA
2026-05-11,44.27227020263672,44.34855049065248,43.52852011674864,44.06249304511228,50622200,PETR4.SA
2026-05-12,43.557125091552734,44.10063533331585,43.29013862540041,44.10063533331585,81072700,PETR4.SA
2026-05-13,42.49871063232422,43.70015704359685,42.29847077625141,43.64294409725409,57251900,PETR4.SA
2026-05-14,42.90872573852539,43.26152979834296,42.31753986904934,42.39382015668283,47760000,PETR4.SA
2026-05-15,43.35688400268555,43.42363061731584,42.88965406285583,43.28060007886939,59380500,PETR4.SA
2026-05-18,44.28180694580078,44.300877928481846,42.40336061944132,43.004080205513716,57388200,PETR4.SA
2026-05-19,43.94807434082031,44.14831420511526,43.47131068064106,43.85272306375169,40943000,PETR4.SA
2026-05-20,42.52731704711914,44.25320280701064,42.470107735826225,43.6429459037658,52780200,PETR4.SA
2026-05-21,42.861053466796875,43.528523313691366,42.43196544826341,43.00408038136268,57725900,PETR4.SA
2026-05-22,42.41289138793945,42.67034418037824,41.83123918695751,42.660810508399514,39634300,PETR4.SA
2026-05-25,41.38308334350586,41.78356303517637,40.97306634255687,41.4689009399235,26720900,PETR4.SA
2026-05-26,41.42122268676758,41.76449308087795,41.154236219089654,41.344942397752945,36040500,PETR4.SA
2026-05-27,40.83003616333008,41.182840223977344,40.191174657903474,40.286525927024,53745400,PETR4.SA
2026-05-28,40.53444290161133,41.17330806797784,40.28652741031939,41.09702413993854,37534800,PETR4.SA
2026-05-29,40.04814529418945,40.38187838334055,39.87651009479235,40.23885147545488,73281800,PETR4.SA
2026-06-01,40.40094757080078,41.0207417230308,40.010001553408564,40.42955586104157,73925300,PETR4.SA
2026-06-02,40.304935455322266,40.702458128113975,40.17889059850309,40.624894622953754,27318300,PETR4.SA
2026-06-03,39.99467468261719,40.5958057270851,39.99467468261719,40.382503310497846,42895100,PETR4.SA
2026-06-05,39.6456298828125,40.16919742384789,39.4129356636465,39.781368793760656,34730900,PETR4.SA
2026-06-08,39.96559143066406,40.06254674463931,39.58746052810918,39.94619962814738,34043600,PETR4.SA
2026-06-09,39.91710662841797,40.11102093823305,39.46141225375153,39.63593476272432,56680400,PETR4.SA
2026-06-10,40.382503509521484,40.760634389334385,39.7619769621326,39.955891277028634,44953200,PETR4.SA
2026-06-11,40.48915481567383,40.8672894122746,39.90741554162481,40.38250545103105,52321500,PETR4.SA
2026-06-12,39.92680740356445,40.266154697498735,39.57776235917027,39.81046028830243,34082200,PETR4.SA
2026-06-15,37.87132263183594,38.705147899769486,37.87132263183594,38.62758439283498,54174000,PETR4.SA
2026-06-16,37.367149353027344,37.599843587766465,37.03749610497344,37.27988809034813,36250100,PETR4.SA
2026-06-17,37.39623260498047,37.67740817611155,37.10536298249669,37.5319715155657,66882000,PETR4.SA
2026-06-18,37.66770935058594,37.90040726109324,36.271532983365525,37.13444777482446,53332600,PETR4.SA
2026-06-19,37.619232177734375,37.91979954542937,37.44470966728023,37.677407580755045,44775800,PETR4.SA
2026-06-22,37.97797393798828,38.01675754274723,37.308973399632954,37.57075718384368,35488200,PETR4.SA
2026-06-23,38.13310623168945,38.365800450057776,37.65801634639159,37.77436345557575,27398600,PETR4.SA
2026-06-24,37.124755859375,37.793756380330514,36.96962514298207,37.71619287143806,59191400,PETR4.SA
2026-06-25,37.27988815307617,37.49319058551124,36.766014628163624,36.95992895651129,25152300,PETR4.SA
2026-06-26,36.901756286621094,37.08597285952243,36.77571142168435,36.9114503384125,23383000,PETR4.SA
2026-06-29,36.97932052612305,37.20232070780441,36.76601439642428,37.03749593384312,14924800,PETR4.SA
2026-06-30,36.64966583251953,37.01810266964966,36.591494125704465,37.00840491944181,31974300,PETR4.SA
2026-07-01,36.67875671386719,36.68845076581837,36.261842206411785,36.35879752035614,21094300,PETR4.SA
2026-07-02,36.8047981262207,37.289582096372,36.504234431836124,36.73692866628818,21888800,PETR4.SA
2026-07-03,37.08597183227539,37.08597183227539,36.707840946547115,36.911449315999576,10369500,PETR4.SA
2026-07-06,36.62057876586914,36.86297073252281,36.46544805515511,36.795101277748415,20811400,PETR4.SA
2026-07-07,37.27018737792969,37.59014654852972,36.766011644583145,36.843578849070866,39823600,PETR4.SA
2026-07-08,38.44336700439453,38.54032231063853,37.813146417984974,38.44336700439453,40215300,PETR4.SA
2026-07-09,38.01675796508789,38.76332572125498,37.70649652078574,38.53063148733245,33386500,PETR4.SA
2026-07-10,38.44336700439453,38.75362842270475,38.14279963726557,38.43366925460542,27316800,PETR4.SA
2026-07-13,39.422630310058594,39.67471633439466,39.01541357106772,39.277193646928716,43045700,PETR4.SA
2026-07-14,39.422630310058594,40.052850918810734,38.88936870959569,39.946197858996555,32649500,PETR4.SA
2026-07-15,39.354759216308594,39.558367577333435,39.00571419820438,39.18023670725649,25608800,PETR4.SA
2026-07-16,38.676063537597656,39.61654559870285,38.676063537597656,39.15115344333552,20551700,PETR4.SA
2026-07-17,39.65532684326172,39.85893520563011,39.180236965794286,39.180236965794286,32168300,PETR4.SA
2026-07-20,39.89772033691406,40.1788922153685,39.23841387278532,39.946197991916,26987600,PETR4.SA
2026-07-21,40.39219665527344,40.43098025710468,39.87832687613699,39.95589038119162,38631400,PETR4.SA
2026-07-22,41.284202575683594,41.43933329030518,40.692765570373794,40.81880673321085,38292200,PETR4.SA
2026-07-23,41.642940521240234,42.16650805575176,41.555679265488315,42.079246799999844,25257900,PETR4.SA
2026-07-24,40.92546081542969,41.60415909583282,40.86728910762329,41.08059153392685,29151600,PETR4.SA
2026-07-27,39.76197814941406,40.21767624823556,39.57776157899654,39.94619841843962,32902600,PETR4.SA
2026-07-28,39.95589065551758,40.49884998905919,39.645629235953194,39.77167409346618,29946800,PETR4.SA
2026-07-29,40.72185134887695,41.109679984023735,40.47945937656221,40.87698206321407,31465400,PETR4.SA
2026-07-30,41.53628921508789,41.53628921508789,40.547329507751506,40.721852026611344,25268900,PETR4.SA
2026-07-31,42.098636627197266,42.22468149036,41.555680967926484,41.69141988274418,24997300,PETR4.SA
2026-08-03,41.739898681640625,41.77868228653897,41.061200390352134,41.10968174577913,24400900,PETR4.SA
2026-08-04,41.206634521484375,41.778679713374004,40.498850419418886,41.778679713374004,27216700,PETR4.SA
2026-08-05,40.65398025512695,41.68172350784668,40.479457746200815,41.235719485808865,32365700,PETR4.SA
2026-08-06,40.847896575927734,41.177549809172504,40.64428450641772,40.74124351537678,46662600,PETR4.SA
2026-08-07,39.62623977661133,41.65263687335778,39.58745987082999,41.59446516538173,97926700,PETR4.SA
2026-08-10,40.94485092163086,41.177548839042295,39.81045828309592,40.062544303234375,74915200,PETR4.SA
2026-08-11,40.39219665527344,41.20663380069022,39.76197607064327,41.109678494719965,53988900,PETR4.SA
2026-08-12,40.18859100341797,40.69276676539623,39.897721367286536,40.23706865967186,63890300,PETR4.SA
2026-08-13,40.62489700317383,40.68306871080032,39.820153860665435,39.89772106897817,37063800,PETR4.SA
2026-08-14,40.809112548828125,41.16785163173362,40.363112208069076,40.363112208069076,34127900,PETR4.SA
2026-08-17,41.17755126953125,41.45872315896423,40.45037532028514,41.06120045465401,47636500,PETR4.SA
2026-08-18,41.303592681884766,41.88533566388527,41.129070157145435,41.49750700921827,36838100,PETR4.SA
2026-08-19,41.798072814941406,42.63190180179921,41.53628903776921,41.53628903776921,49580800,PETR4.SA
2026-08-20,42.971248626708984,43.27181600437223,42.14711739892727,42.418595224811504,44893400,PETR4.SA
2026-08-21,42.95185852050781,43.262119961939106,42.81611960220764,42.99064212533876,52792400,PETR4.SA
2026-08-24,42.11000061035156,42.63999938964844,41.619998931884766,42.599998474121094,49502500,PETR4.SA
2026-08-25,41.349998474121094,41.90999984741211,41.0099983215332,41.18000030517578,85920800,PETR4.SA
2026-08-26,41.45000076293945,42.27000045776367,40.970001220703125,41.13999938964844,74631000,PETR4.SA
2021-08-30,59.94038772583008,60.89296137969105,59.880473638505414,60.4016960309294,13031600,VALE3.SA
2021-08-31,59.1196174621582,59.46709908227637,58.53249318779289,59.31133067139522,20433600,VALE3.SA
2021-09-01,59.221458435058594,59.66479433195021,57.34626364389562,58.328794318521915,20847500,VALE3.SA
2021-09-02,59.035743713378906,59.91043552352596,58.658309615069946,59.17353515543306,24448600,VALE3.SA
2021-09-03,59.07767868041992,60.4376435060426,59.01776916124243,60.00629222548267,38716500,VALE3.SA
2021-09-06,58.14905548095703,58.44261984655235,57.60986532707722,58.04720885818441,11916100,VALE3.SA
2021-09-08,56.93887710571289,57.951364904456845,56.735179252996005,57.79559649600315,22635100,VALE3.SA
2021-09-09,56.73518753051758,57.34627660702124,55.81855848656615,57.01077958983746,28997700,VALE3.SA
2021-09-10,56.80107879638672,57.62784567864076,56.801078796386726,57.22045456050487,18022000,VALE3.SA
2021-09-13,56.7711296081543,56.91491337263915,56.27986422292786,56.73518023893048,18832800,VALE3.SA
2021-09-14,56.36972427368164,57.26239301727798,55.75863986760668,57.00477797228093,25571600,VALE3.SA
2021-09-15,54.96183395385742,56.579418505048366,54.961833953857415,56.24391694768823,35084400,VALE3.SA
2021-09-16,52.67924499511719,54.17700585069222,52.67325267186994,54.17700585069222,39726500,VALE3.SA
2021-09-17,51.61283493041992,53.19446987297303,50.97179352999728,52.8949177312652,74648800,VALE3.SA
2021-09-20,49.57588577270508,50.2888214235135,48.611327387777294,49.60584281901604,49636100,VALE3.SA
2021-09-21,50.39665985107422,50.74413690221887,49.432101476482316,50.74413690221887,32380300,VALE3.SA
2021-09-22,52.18797302246094,53.607851779608865,51.82851137670785,52.781084966493665,62161000,VALE3.SA
2021-09-23,52.1861572265625,53.13186523756069,51.333031038805835,52.37794070802799,47485400,VALE3.SA
2021-09-24,51.37931823730469,52.10678856664394,50.92299369222224,51.77611977643471,26631600,VALE3.SA
2021-09-27,52.1134147644043,52.46392295146597,50.59233597819,51.98114419199942,38386300,VALE3.SA
2021-09-28,49.501121520996094,51.45207059330073,49.30933299924105,51.240442749572026,35896000,VALE3.SA
2021-09-29,50.129390716552734,50.790728298324645,49.501116986506226,50.1095463507911,39704900,VALE3.SA
2021-09-30,50.420379638671875,51.80918765641363,50.08310107926986,51.18753371349641,39151000,VALE3.SA
2021-10-01,50.393924713134766,51.12800987625603,50.05003137020497,50.757662423007694,23191700,VALE3.SA
2021-10-04,49.924381256103516,50.92300258978991,49.89131739866867,50.6518517125507,25090000,VALE3.SA
2021-10-05,49.56725311279297,50.32779239277055,49.56725311279297,50.255044850170606,21889400,VALE3.SA
2021-10-06,50.96266555786133,51.10154582581487,48.8860662350432,48.978653080345566,27318400,VALE3.SA
2021-10-07,52.483760833740234,53.15171333061272,51.39255260801551,51.80919354702766,33115300,VALE3.SA
2021-10-08,52.80781173706055,54.12387228252383,52.635862530752895,53.87256578530956,37172600,VALE3.SA
2021-10-11,53.97837829589844,54.957155146782114,53.396397961810784,54.16355202197882,28327900,VALE3.SA
2021-10-13,52.3779411315918,53.436085433729794,52.358101808907755,53.436085433729794,32052800,VALE3.SA
2021-10-14,52.3779411315918,53.065732909739104,52.33164769679371,52.90039849323079,24030000,VALE3.SA
2021-10-15,53.35671615600586,53.53527508253879,52.444072112027506,52.56972282121538,26927200,VALE3.SA
2021-10-18,52.85409927368164,53.17154353870074,51.901776569835185,52.84748953058103,20912800,VALE3.SA
2021-10-19,52.24566650390625,53.06572365398294,52.12001075468297,52.72183034769436,20804500,VALE3.SA
2021-10-20,50.70475769042969,51.82903475108319,50.44683640408813,51.82903475108319,27576600,VALE3.SA
2021-10-21,49.70612716674805,49.70612716674805,48.244566903224154,49.269642010270246,37556500,VALE3.SA
2021-10-22,50.31456756591797,50.989129721273045,49.362239774258434,49.382079095650404,35142600,VALE3.SA
2021-10-25,50.92299270629883,51.299954918014755,50.50635185511972,51.0552582015796,17950000,VALE3.SA
2021-10-26,50.38070297241211,50.96929308419844,50.30795542640653,50.929614439324816,16674100,VALE3.SA
2021-10-27,49.2365837097168,50.74443771914367,49.2365837097168,50.248434504960066,20087300,VALE3.SA
2021-10-28,48.74058151245117,49.38869461257305,48.641384904029316,49.23658473698333,22719000,VALE3.SA
2021-10-29,47.358394622802734,48.38347010899235,46.968202743546264,48.290878186058606,30268500,VALE3.SA
2021-11-01,47.82793426513672,48.18505716889696,47.054170496458894,47.616306438346065,19649600,VALE3.SA
2021-11-03,44.19718933105469,46.88883293663503,44.05169426389818,46.69042965494796,77316900,VALE3.SA
2021-11-04,43.694576263427734,44.71965159060203,43.396976353270354,44.2368729089095,30122100,VALE3.SA
2021-11-05,42.398353576660156,44.08476646046432,42.325606037634536,43.93265659370019,35954600,VALE3.SA
2021-11-08,44.70642852783203,45.0701662893486,42.54385641970597,42.59014985793477,27722000,VALE3.SA
2021-11-09,43.608604431152344,44.50802400117203,43.139055324769444,44.47495510181319,20961500,VALE3.SA
2021-11-10,43.443267822265625,43.83345457776165,42.590141727252764,42.729022015426196,22492600,VALE3.SA
2021-11-11,44.977577209472656,45.80424931277921,44.70642633769718,45.275177148420575,28795100,VALE3.SA
2021-11-12,45.16936492919922,46.02248608430948,44.31623872848295,44.428664921561854,24542500,VALE3.SA
2021-11-16,43.86652374267578,45.01724974141254,43.77393688332946,44.97095631173938,17207900,VALE3.SA
2021-11-17,42.98694610595703,44.77917048428655,42.98694610595703,44.30300658166212,25487600,VALE3.SA
2021-11-18,41.2211799621582,42.75548322099196,40.90373564678291,42.4644930190318,51343900,VALE3.SA
2021-11-19,42.34544372558594,42.854676479132365,41.53861360710582,41.84282828330001,26849500,VALE3.SA
2021-11-22,44.699798583984375,45.64551139770974,43.08613853734596,43.350674542802885,44693500,VALE3.SA
2021-11-23,45.876991271972656,47.59646802823202,45.77117483375092,46.69704848576919,30391600,VALE3.SA
2021-11-24,46.94175720214844,46.94175720214844,45.96958987155381,46.36639152500288,20764100,VALE3.SA
2021-11-25,46.62430191040039,47.146759232315844,46.16136759761737,47.146759232315844,17199200,VALE3.SA
2021-11-26,45.39421463012695,45.87037853218375,44.64029013373894,44.64029013373894,22664200,VALE3.SA
2021-11-29,45.96296310424805,46.690433453611455,45.73811074260709,46.478805623876546,18164000,VALE3.SA
2021-11-30,46.260562896728516,47.25256929233189,45.4272811572576,45.63229419775522,42668700,VALE3.SA
2021-12-01,46.44574737548828,47.58324394406122,46.27379816632944,47.153378489573214,28194700,VALE3.SA
2021-12-02,48.6016960144043,48.64798944191608,46.366376871455614,46.93512757837481,24888400,VALE3.SA
2021-12-03,47.53034210205078,49.16384197540864,46.9549764892154,48.33716985411964,34451500,VALE3.SA
2021-12-06,50.109554290771484,50.25504938911221,47.58985931956244,48.19167903622523,28848800,VALE3.SA
2021-12-07,50.47990036010742,52.78135238900414,50.32779049161565,51.76950666547149,37125100,VALE3.SA
2021-12-08,50.102935791015625,50.916378177795096,49.58709329293981,50.916378177795096,24281000,VALE3.SA
2021-12-09,49.719364166259766,50.22859193093138,49.23658546715573,49.52757564445711,16925200,VALE3.SA
2021-12-10,50.03019332885742,50.39392600243058,49.494506411011585,49.93099167402629,16827100,VALE3.SA
2021-12-13,51.49174499511719,52.067110512981024,51.18091552152197,51.25366305983597,31699100,VALE3.SA
2021-12-14,51.485130310058594,52.1729220082987,51.07510423394236,51.92822528387695,21063500,VALE3.SA
2021-12-15,51.19415283203125,51.7033806315461,50.39392978969827,51.63724787189051,22112200,VALE3.SA
2021-12-16,53.198001861572266,53.21122639442638,51.8885511023583,52.24567403668938,30125700,VALE3.SA
2021-12-17,52.35809326171875,53.35009959882871,52.29196051503245,52.84087189917853,38744500,VALE3.SA
2021-12-20,51.76951217651367,52.17954334972748,51.10817450426264,51.58433843558035,19195400,VALE3.SA
2021-12-21,53.131866455078125,53.16493535711253,52.34487805184089,52.77474855025796,19590300,VALE3.SA
2021-12-22,52.85409927368164,53.006209140287865,51.96790932007925,52.83425995316896,18655600,VALE3.SA
2021-12-23,52.34486770629883,52.94668224865409,52.11340057462373,52.8739347150412,13121200,VALE3.SA
2021-12-27,52.21260070800781,52.5432695029809,51.756281201956625,52.15969753547222,11371400,VALE3.SA
2021-12-28,50.9560661315918,51.934842993109825,50.6386218508581,51.92161846064852,18923700,VALE3.SA
2021-12-29,51.08833312988281,51.57111183130619,50.4931282396368,50.512967561710695,12113500,VALE3.SA
2021-12-30,51.5578727722168,52.23243987232253,51.32640564790792,51.57771209064257,26568500,VALE3.SA
2022-01-03,51.584327697753906,52.88716344818628,51.584327697753906,52.24566523234049,18557200,VALE3.SA
2022-01-04,50.97591018676758,52.29197077272497,50.85686920113886,51.9216232821495,18178700,VALE3.SA
2022-01-05,51.458675384521484,52.03404089441363,51.008965629177176,51.16769028090244,22039000,VALE3.SA
2022-01-06,52.496978759765625,53.13847706213557,51.789347704138144,52.00759033093309,22044100,VALE3.SA
2022-01-07,55.55236053466797,55.55236053466797,52.768129737153124,53.17154609230333,35213100,VALE3.SA
2022-01-10,54.89101791381836,55.73091440159002,54.42808363640174,54.55373434278327,25056700,VALE3.SA
2022-01-11,55.935935974121094,56.3128982080383,55.09603438824583,55.20846561602189,28418800,VALE3.SA
2022-01-12,56.54437255859375,57.25861847554252,56.16741027669404,57.19909545966038,27335400,VALE3.SA
2022-01-13,55.684627532958984,56.36580954368754,55.35395871139603,56.107883220911106,23154200,VALE3.SA
2022-01-14,56.00868606567383,56.16740568570927,54.83150587966667,55.36718775078986,21183400,VALE3.SA
2022-01-17,55.71770095825195,55.94916814302256,55.55236653404349,55.55236653404349,9688500,VALE3.SA
2022-01-18,57.080047607421875,57.45700984397732,55.86980361360001,55.93593636559814,24080200,VALE3.SA
2022-01-19,58.33659744262695,58.85905482690027,58.11835479243566,58.515161445731174,29332500,VALE3.SA
2022-01-20,57.34458541870117,58.8392098785776,57.29829198632298,58.72678369217423,22748800,VALE3.SA
2022-01-21,56.15418243408203,57.35781675848778,55.77721512878881,57.18586755625671,32752300,VALE3.SA
2022-01-24,55.466400146484375,55.525918123421164,54.28260494209875,55.35396889181479,29040100,VALE3.SA
2022-01-25,55.592044830322266,56.24677277889113,54.92409739357311,55.592044830322266,22490500,VALE3.SA
2022-01-26,55.75075912475586,57.24537839892746,55.43331487134285,56.80889822679047,25806800,VALE3.SA
2022-01-27,55.87640380859375,56.517901989126656,55.069571253515456,56.21368734543568,20994900,VALE3.SA
2022-01-28,55.3275032043457,57.10649782622448,54.77859181351236,56.597270120370496,28453000,VALE3.SA
2022-01-31,53.48236846923828,54.851336969916105,53.48236846923828,54.851336969916105,31397700,VALE3.SA
2022-02-01,56.4187126159668,56.43194219434405,53.813045737889425,53.89901781491845,24131300,VALE3.SA
2022-02-02,56.73615646362305,57.06682528200602,56.02852539410772,56.54436794348823,17489000,VALE3.SA
2022-02-03,56.70970153808594,57.390878486873326,56.425326156537196,57.07343925132468,19179400,VALE3.SA
2022-02-04,58.19770812988281,58.31013430964297,56.57743304678165,56.709698547016494,24535400,VALE3.SA
2022-02-07,59.60634994506836,59.67909747723959,58.29690445719603,58.29690445719603,24915800,VALE3.SA
2022-02-08,60.439640045166016,60.499163050108365,59.18971244303415,59.81798111552818,26598600,VALE3.SA
2022-02-09,60.452877044677734,60.710798324684085,59.077293520906636,59.5203885357272,24815300,VALE3.SA
2022-02-10,62.07975769042969,62.48317399993883,60.86289397362692,61.14065453393007,47888900,VALE3.SA
2022-02-11,60.823219299316406,61.76893226012277,60.578522573231744,61.742478150902365,34555300,VALE3.SA
2022-02-14,60.55868148803711,60.955483023569506,60.06267830722029,60.25446680927542,22804400,VALE3.SA
2022-02-15,58.75983810424805,59.4806986304226,57.99929894115549,58.872264272585625,29624900,VALE3.SA
2022-02-16,59.1897087097168,59.93040855691538,58.92517268960267,59.150030072661394,20774700,VALE3.SA
2022-02-17,56.6435661315918,58.85904607005129,56.45839241192671,58.7598444214863,36259300,VALE3.SA
2022-02-18,56.76259994506836,57.55620294233322,56.498063930778464,57.16601623159936,22690600,VALE3.SA
2022-02-21,56.80889892578125,58.19109204109467,56.54436288561637,57.27183321186582,14561000,VALE3.SA
2022-02-22,57.79429626464844,57.80091105385338,56.7427718333227,57.331361932418076,23591200,VALE3.SA
2022-02-23,57.18586730957031,58.42256548386646,56.5774378835076,58.257231071635985,24413800,VALE3.SA
2022-02-24,57.89349365234375,58.22416244973278,55.37379903083309,55.96238908653713,37212500,VALE3.SA
2022-02-25,61.02824020385742,61.1142173313055,56.279835467355156,57.218933760482514,51028300,VALE3.SA
2022-03-02,65.90229034423828,65.93535419561827,64.18942340162786,65.4525805915071,42191500,VALE3.SA
2022-03-03,65.93536376953125,66.96705396713237,65.80309825359556,66.26603260497644,38621400,VALE3.SA
2022-03-04,67.43658447265625,67.51594174204578,64.89043615244861,65.26078353121201,30533200,VALE3.SA
2022-03-07,69.48674011230469,70.03565152083945,68.69313702559818,69.07009924862457,55305300,VALE3.SA
2022-03-08,66.43797302246094,70.83586896116351,65.9485846235176,70.7565066347381,53060200,VALE3.SA
2022-03-09,64.68622589111328,65.79191503504146,63.5667985493546,65.78504593612621,41051200,VALE3.SA
2022-03-10,66.82205200195312,66.82205200195312,64.61067397248154,64.89911321817262,33107000,VALE3.SA
2022-03-11,66.4718017578125,67.58435987744609,66.45119970293558,66.9113297271423,24321500,VALE3.SA
2022-03-14,62.90750503540039,65.37985138813738,62.66713897492087,65.22876789268392,37172800,VALE3.SA
2022-03-15,61.101314544677734,61.520240459639545,59.94068321572584,61.1150475014168,47128500,VALE3.SA
2022-03-16,62.584739685058594,64.47333882168873,61.33483064785419,63.10668127717565,37906100,VALE3.SA
2022-03-17,64.76176452636719,65.22876365909765,63.57366201941324,63.80029510726482,40663500,VALE3.SA
2022-03-18,65.9910659790039,65.9910659790039,64.41838303805268,65.52407208533232,46080900,VALE3.SA
2022-03-21,67.85906219482422,68.2848572153769,66.71903814047324,66.8426557116281,25374600,VALE3.SA
2022-03-22,66.34132385253906,67.96208541834247,66.05975366605631,67.65304407520013,29489800,VALE3.SA
2022-03-23,66.2383041381836,67.94834816493932,66.1284247580779,66.95940754605283,26309600,VALE3.SA
2022-03-24,66.5542221069336,67.02808513691936,65.45539683026648,66.06661563962926,23122800,VALE3.SA
2022-03-25,65.40045928955078,67.50882202170085,64.7617693288884,67.09675992610923,22505500,VALE3.SA
2022-03-28,65.47599792480469,66.16276109283287,64.28790057828475,65.72323308446181,16274200,VALE3.SA
2022-03-29,64.91284942626953,65.69576422314024,64.14367806589917,65.4759949892208,38228800,VALE3.SA
2022-03-30,65.83997344970703,66.69155813823663,65.42791144080572,66.14901471679691,22007500,VALE3.SA
2022-03-31,65.65454864501953,66.54047363678129,65.48972697479928,66.21769415455958,17981400,VALE3.SA
2022-04-01,66.58854675292969,66.95939944011764,65.97732803874578,66.46492919053371,22457700,VALE3.SA
2022-04-04,67.26158905029297,67.47448396425013,66.30698862762476,66.45807212939565,16914000,VALE3.SA
2022-04-05,65.31804656982422,67.15170300575463,65.11888461856623,66.86326372721018,25764400,VALE3.SA
2022-04-06,66.3069839477539,66.42373242525899,65.46913206996538,65.46913206996538,22615800,VALE3.SA
2022-04-07,66.70530700683594,67.0898979575874,65.33864972073142,65.58588488921903,19946600,VALE3.SA
2022-04-08,65.34552001953125,66.89073723115638,64.98153635912688,66.36879572814519,26887400,VALE3.SA
2022-04-11,64.55573272705078,65.04333390932385,63.814027306303,64.4252460587007,16515800,VALE3.SA
2022-04-12,64.12307739257812,65.6614253860718,64.03379482947673,65.3111747114451,16822600,VALE3.SA
2022-04-13,64.14368438720703,64.81670939385717,63.738491371720265,64.20549056064763,23674700,VALE3.SA
2022-04-14,63.244022369384766,64.5557426336449,62.742688153313786,64.08187433551714,24980700,VALE3.SA
2022-04-18,62.200138092041016,63.18220960306342,61.8155524059076,62.91437239456522,14812600,VALE3.SA
2022-04-19,60.21538543701172,61.59578065759875,59.63850174081368,61.59578065759875,34550900,VALE3.SA
2022-04-20,58.649566650390625,59.521753435313855,57.962803587129805,59.48054932818584,29635700,VALE3.SA
2022-04-22,55.25009536743164,57.276049878699645,54.995996345858714,57.173034354467845,39058200,VALE3.SA
2022-04-25,54.309226989746094,54.67321059296623,53.25161119119729,53.526317478023294,38943700,VALE3.SA
2022-04-26,53.56752014160156,54.4740471959529,53.46450463187349,54.309225524139876,37069400,VALE3.SA
2022-04-27,56.43132400512695,56.79530761840793,55.04406481571115,55.25695970508227,49408800,VALE3.SA
2022-04-28,57.8254508972168,58.75258527345403,55.51106260463082,58.388596429370885,56032800,VALE3.SA
2022-04-29,57.20050048828125,59.88574154387102,57.20050048828126,59.18524547185227,47492200,VALE3.SA
2022-05-02,56.9463996887207,57.13869253423798,55.38058052998053,57.11122661881014,31473600,VALE3.SA
2022-05-03,56.657958984375,57.83232332366434,56.44506408788941,56.96700030118227,27364600,VALE3.SA
2022-05-04,56.184085845947266,56.43819007156238,54.83803083914789,56.26649930172185,34032200,VALE3.SA
2022-05-05,55.167694091796875,57.13870130032331,54.309240014330555,56.00554610973807,30906600,VALE3.SA
2022-05-06,54.77622985839844,55.559139423761295,53.73921604338424,54.39163893465763,25204100,VALE3.SA
2022-05-09,52.5305061340332,53.55378688817572,52.24893599789834,53.24474036070699,37050200,VALE3.SA
2022-05-10,51.87808609008789,52.839555494450465,51.41795606271849,52.379420227494336,31905000,VALE3.SA
2022-05-11,54.04139709472656,54.86551082684526,52.96317909607074,53.13486989356108,33933400,VALE3.SA
2022-05-12,53.49884796142578,53.49884796142578,52.10471966966439,52.91510035881063,27737200,VALE3.SA
2022-05-13,53.43703842163086,54.49465428944285,53.43017456271099,53.85596435756895,26086800,VALE3.SA
2022-05-16,55.03719711303711,55.38057867987142,53.924638950242645,54.034523566631336,23828800,VALE3.SA
2022-05-17,54.8036994934082,56.25963396567232,54.15814047897451,56.211560756485994,29305300,VALE3.SA
2022-05-18,53.416439056396484,54.425981764687414,53.16920389356657,54.05512902044255,30631700,VALE3.SA
2022-05-19,54.83803939819336,55.202023048731505,53.203544900453004,53.41643981161593,29984300,VALE3.SA
2022-05-20,55.80638122558594,56.630495001153825,55.339382022207445,56.32145364521277,38372000,VALE3.SA
2022-05-23,56.9463996887207,57.44773909846538,56.500002589005845,56.52060988495733,27632800,VALE3.SA
2022-05-24,57.715572357177734,57.7499073689043,55.627811875328575,56.19095741559411,35176800,VALE3.SA
2022-05-25,57.89413070678711,58.23751225252229,57.2829119745454,57.68809968351137,24607700,VALE3.SA
2022-05-26,57.85979461669922,58.134500920957024,57.07001595680315,57.79798844902436,27450600,VALE3.SA
2022-05-27,58.86933898925781,58.97921837041386,58.16883763098798,58.30619340691692,19834500,VALE3.SA
2022-05-30,59.508026123046875,60.02996756770879,59.068498140043225,59.25392187929073,16147900,VALE3.SA
2022-05-31,59.20585632324219,60.04370828652029,58.38174255847644,59.89948863966566,41369800,VALE3.SA
2022-06-01,60.59998321533203,60.97083597155878,59.061635116589066,59.19212180107275,26258900,VALE3.SA
2022-06-02,61.74000930786133,62.00097742315367,61.12192141418251,61.80868457613962,25142400,VALE3.SA
2022-06-03,60.75106430053711,61.67819345445718,60.68238903720724,61.46529856625856,18431900,VALE3.SA
2022-06-06,60.81287384033203,61.66445860659818,60.81287384033203,61.56144309496912,14932800,VALE3.SA
2022-06-07,62.234474182128906,62.41989791422884,60.51069732922856,60.599974646226805,27004800,VALE3.SA
2022-06-08,60.09177017211914,62.035310967758164,59.64537311720895,61.6575891736988,26959100,VALE3.SA
2022-06-09,58.0589599609375,59.74839675775102,57.997148550051,59.74839675775102,36291100,VALE3.SA
2022-06-10,58.07269287109375,58.36800124831605,56.57554892789957,57.2554482491522,28689500,VALE3.SA
2022-06-13,56.232173919677734,56.912073320513564,55.00973615353507,56.38326267541903,31050500,VALE3.SA
2022-06-14,56.122276306152344,56.86398164472551,55.55226172708669,56.54120217851759,22634500,VALE3.SA
2022-06-15,56.08795166015625,57.53015339327313,55.99867432662948,56.383260058237276,33610300,VALE3.SA
2022-06-17,53.16233825683594,54.494655212443526,52.269544060957394,54.494655212443526,56914600,VALE3.SA
2022-06-20,51.85062026977539,52.31761944337805,50.99216629179897,51.91929554009605,26725700,VALE3.SA
2022-06-21,52.194000244140625,53.320291409189316,52.0291785525593,52.74341286886116,20981000,VALE3.SA
2022-06-22,51.74760437011719,52.2283417380583,50.39468007228053,50.820475128527704,32228300,VALE3.SA
2022-06-23,49.85900115966797,53.09365480636834,49.74225268748161,52.49617424895181,31943300,VALE3.SA
2022-06-24,51.24626541137695,51.42482004836971,49.85900098805327,49.9826185580565,22394300,VALE3.SA
2022-06-27,53.601863861083984,54.23368467692113,52.2352014734265,52.537378924299404,28825700,VALE3.SA
2022-06-28,54.563331604003906,55.099011276319104,54.103201538925944,54.94105344225427,26052000,VALE3.SA
2022-06-29,54.11006546020508,55.002854349463504,53.5949931334683,54.673210994520495,18636600,VALE3.SA
2022-06-30,52.578582763671875,53.601863584451614,52.31074556617565,52.873891114704485,27471300,VALE3.SA
2022-07-01,51.57591247558594,52.557984007920545,50.68312350774627,51.8643517464455,26721000,VALE3.SA
2022-07-04,51.280609130859375,51.51411135366434,50.532039725099246,50.82047902422217,12474200,VALE3.SA
2022-07-05,51.02650451660156,51.108912741872736,49.83840195293391,51.053970431967244,26472200,VALE3.SA
2022-07-06,51.50722885131836,51.81627012859176,50.50455542509638,51.26686283126279,23138800,VALE3.SA
2022-07-07,53.00437927246094,53.71861356570207,52.79834823494615,53.05932158107647,34251200,VALE3.SA
2022-07-08,51.78193664550781,53.4713731728592,51.71326138626649,52.76400804745937,24149200,VALE3.SA
2022-07-11,50.01696014404297,50.93035636679305,49.83153116429741,50.92348726839106,22076800,VALE3.SA
2022-07-12,50.16804885864258,50.250457081098034,48.801386454271615,49.44694547463605,22460000,VALE3.SA
2022-07-13,49.99635314941406,50.573231608107754,49.65983547558971,50.099363417333386,22980800,VALE3.SA
2022-07-14,46.66555404663086,48.64343527620352,46.39771683672407,48.41680217871715,57715800,VALE3.SA
2022-07-15,46.954002380371094,47.036410611930464,45.772768825203904,46.3565165036284,36589000,VALE3.SA
2022-07-18,47.201229095458984,48.34125309095937,47.18062180167465,48.34125309095937,22131300,VALE3.SA
2022-07-19,47.30424499511719,47.57208221073149,46.693026196449985,46.844114931327205,21785500,VALE3.SA
2022-07-20,46.280967712402344,47.029542261641225,45.44998493947302,47.01580406463485,40427400,VALE3.SA
2022-07-21,47.09135437011719,47.125694627378294,45.76590112948771,46.2260312350959,26987300,VALE3.SA
2022-07-22,47.5308723449707,48.588488121525316,47.36605067213739,47.93606528851965,27884000,VALE3.SA
2022-07-25,48.40992736816406,48.91813581279117,48.10088608230105,48.52668107222437,19833200,VALE3.SA
2022-07-26,48.32065963745117,49.04862695980793,47.78498517461601,48.979951687062716,19791500,VALE3.SA
2022-07-27,48.43053436279297,48.499214868512745,47.599551591535814,48.05281777926896,21666900,VALE3.SA
2022-07-28,48.54728698730469,49.42634294905023,48.286313646445535,49.07609228818426,21778700,VALE3.SA
2022-07-29,47.90172576904297,48.2931805227334,46.72049240995278,47.84678346406515,77006600,VALE3.SA
2022-08-01,46.75483703613281,47.97040551990631,46.651821514555074,47.3454537709523,38874000,VALE3.SA
2022-08-02,48.245113372802734,48.396202110667176,45.99940008065436,46.92652932531035,32636900,VALE3.SA
2022-08-03,46.37024688720703,48.17643737585983,46.37024688720703,48.11462596603552,31934600,VALE3.SA
2022-08-04,46.10240936279297,46.73423545644065,45.88951445839123,46.47326210050341,40540800,VALE3.SA
2022-08-05,46.699893951416016,47.21496631117428,46.35651237824384,46.624349586151176,36129300,VALE3.SA
2022-08-08,47.09821701049805,47.482802689060314,46.5350714499232,47.269907794082904,35705300,VALE3.SA
2022-08-09,48.07342529296875,48.18330992292613,46.80291438671494,47.10508663992264,35174600,VALE3.SA
2022-08-10,48.107757568359375,48.62969375530192,47.46906767156038,48.574756689025165,30202200,VALE3.SA
2022-08-11,49.7834587097168,50.580106469650104,48.4511417768021,48.622832562347696,51158600,VALE3.SA
2022-08-12,50.42061996459961,50.42061996459961,49.33708233365112,49.6838112893065,35608400,VALE3.SA
2022-08-15,49.33708190917969,49.51767151278407,48.42690876388956,49.1203721803915,26735800,VALE3.SA
2022-08-16,50.43506622314453,50.81791531579506,49.922192390428016,50.20391174204473,22070200,VALE3.SA
2022-08-17,49.286521911621094,49.698266028085605,49.04091716064411,49.35153152998807,29131700,VALE3.SA
2022-08-18,48.91811752319336,49.56101613443973,48.910892395213665,49.33708676748993,27692000,VALE3.SA
2022-08-19,48.36912155151367,48.71585603529653,48.02239257888846,48.39801655109204,45903800,VALE3.SA
2022-08-22,47.66121292114258,48.33300649959884,47.5528580514901,48.25354662926419,19335700,VALE3.SA
2022-08-23,50.71678161621094,50.781796736748134,48.1451875257992,48.239092131956134,37223500,VALE3.SA
2022-08-24,49.08425521850586,50.745681883201875,48.983125474862554,50.40617252476035,28773800,VALE3.SA
2022-08-25,50.03777313232422,50.15335314290548,49.300969853922474,49.770504002381955,24956700,VALE3.SA
2022-08-26,49.286521911621094,51.43192198509961,49.286521911621094,50.31226963879122,28510100,VALE3.SA
2022-08-29,48.3330078125,49.04814115377985,48.289662556767034,48.75919666391031,22128100,VALE3.SA
2022-08-30,46.9316291809082,48.094626721409675,46.51988508658615,47.632317756246586,34469300,VALE3.SA
2022-08-31,46.59211730957031,47.444500451338975,46.59211730957031,47.25668572216085,33242900,VALE3.SA
2022-09-01,46.151485443115234,46.216497820196444,44.713993530155996,46.216497820196444,40922200,VALE3.SA
2022-09-02,45.45079803466797,46.823280363520055,45.45079803466797,46.58490072253431,49910300,VALE3.SA
2022-09-05,47.112220764160156,48.02239398854458,46.39708741486559,46.55600165047497,24319700,VALE3.SA
2022-09-06,45.99256134033203,47.350598757946585,45.93477409704265,46.71491979271165,24525000,VALE3.SA
2022-09-08,46.59934616088867,46.73659052177104,45.913105067424794,46.3537414167726,24144700,VALE3.SA
2022-09-09,50.24002456665039,50.305034171656,47.84901472245933,48.07294955462216,49273400,VALE3.SA
2022-09-12,50.6806755065918,50.99850950214777,50.030551747930424,50.63010512037998,24797600,VALE3.SA
2022-09-13,49.300968170166016,51.287454067132416,49.18538816353211,50.07389155326662,29457800,VALE3.SA
2022-09-14,48.39801788330078,49.828290090433136,48.015168772874844,48.9397867402034,31018300,VALE3.SA
2022-09-15,49.373207092285156,49.57546660983358,48.528048889175565,48.975913186003176,36958800,VALE3.SA
2022-09-16,49.300968170166016,49.734382172727074,48.101850401550436,48.60027953563258,65178000,VALE3.SA
2022-09-19,50.89737319946289,50.96960793864613,48.63639334719924,48.708628086382475,34136800,VALE3.SA
2022-09-20,50.167789459228516,50.637323528794745,49.40931643407444,50.42061931210386,35289700,VALE3.SA
2022-09-21,49.4454345703125,50.557867264276034,49.41654508162155,50.16779303305575,44482000,VALE3.SA
2022-09-22,50.57954025268555,51.07074425806139,50.04499650044533,50.68789513100455,34529500,VALE3.SA
2022-09-23,49.532127380371094,49.87886192207235,48.997583576775284,49.63325714020926,44160700,VALE3.SA
2022-09-26,49.640472412109375,50.14612111089473,48.860323981562686,48.90366372398501,18503200,VALE3.SA
2022-09-27,48.90367126464844,49.28652592265702,48.53527237493876,48.86033151554338,31646600,VALE3.SA
2022-09-28,49.36597442626953,49.72715365564929,48.71585622231211,48.9108905812678,24371000,VALE3.SA
2022-09-29,49.430992126464844,49.68381649795978,48.6508436277165,49.06981287828409,34889700,VALE3.SA
2022-09-30,52.0387077331543,52.65993649278322,49.30819344654061,49.47433281762854,55575000,VALE3.SA
2022-10-03,53.454524993896484,53.577324607015456,51.381354270251606,52.90553103191613,42688100,VALE3.SA
2022-10-04,54.74755096435547,55.07983521051602,53.49786834385,53.59899809219635,41717500,VALE3.SA
2022-10-05,55.59271240234375,56.24283618853219,54.98593387600672,55.10873350474279,42621400,VALE3.SA
2022-10-06,54.34303283691406,56.033349095773154,54.11909795244342,55.7660744645086,76852200,VALE3.SA
2022-10-07,54.545291900634766,57.384161027252674,54.29246752776203,54.43693702335845,83593200,VALE3.SA
2022-10-10,53.44729995727539,55.63604517018149,53.0789011172915,55.19541158771984,45515900,VALE3.SA
2022-10-11,53.08612060546875,53.58454969632899,52.031477936600204,52.87663599497905,33885800,VALE3.SA
2022-10-13,52.139835357666016,52.587699599719365,51.323572258487246,52.19040023086899,32960000,VALE3.SA
2022-10-14,50.44229507446289,52.99221968234969,50.27615019555209,52.450450810606334,34091700,VALE3.SA
2022-10-17,51.23688507080078,51.460814426694746,50.03054778217039,50.716786105098244,25840500,VALE3.SA
2022-10-18,51.980918884277344,52.60937278609149,51.09964060052355,52.22652364898885,27494000,VALE3.SA
2022-10-19,51.366905212402344,52.103708340396324,50.98405615003195,51.74252914779676,22651000,VALE3.SA
2022-10-20,52.02425003051758,52.869413554915596,50.796242943474994,51.273002137297325,37240700,VALE3.SA
2022-10-21,53.54842758178711,53.94572691644285,51.60528718352207,51.86533665508631,36846800,VALE3.SA
2022-10-24,51.95924377441406,53.41840542539814,51.417474934354615,52.92720145663127,32035800,VALE3.SA
2022-10-25,51.95924377441406,52.92720145663127,51.22966019334321,51.728089289768334,28158100,VALE3.SA
2022-10-26,53.115013122558594,54.06852600541345,51.3741322164242,51.489706696477086,40845700,VALE3.SA
2022-10-27,51.22243881225586,52.0964918494355,50.15334591312557,52.0098068539955,52613000,VALE3.SA
2022-10-28,48.72307586669922,49.87885381030082,48.1451924060561,49.54656406926287,52793500,VALE3.SA
2022-10-31,48.49192810058594,50.13168511640488,47.328930379249186,47.67566491261428,39184100,VALE3.SA
2022-11-01,49.96552658081055,51.142974238104024,49.80660685937288,50.16778604040142,42670000,VALE3.SA
2022-11-03,48.50637435913086,49.077038235256865,48.09463023473082,48.860328480874536,34390300,VALE3.SA
2022-11-04,52.190399169921875,53.01388738029169,51.14298159865643,51.39580595953177,61191100,VALE3.SA
2022-11-07,51.91590881347656,52.75384183082687,51.60529442944783,52.00981343705432,29445500,VALE3.SA
2022-11-08,53.49064636230469,54.126319825403385,51.75698494975823,51.75698494975823,39756500,VALE3.SA
2022-11-09,52.840518951416016,54.01796117921307,52.38542962461729,53.52675723850094,42208500,VALE3.SA
2022-11-10,53.85183334350586,54.51640190208764,51.561952498945395,51.64863751095287,47658100,VALE3.SA
2022-11-11,59.450096130371094,59.948519658712364,55.77328915663661,56.336727804161434,80174100,VALE3.SA
2022-11-14,60.17967987060547,60.99594843491612,58.78552786101069,59.515111428507836,43822500,VALE3.SA
2022-11-16,59.551239013671875,61.23433020113456,58.90111523403738,60.186912536448816,32935300,VALE3.SA
2022-11-17,60.02798843383789,60.165238308261024,58.32322198446002,58.41713211376335,31790500,VALE3.SA
2022-11-18,58.38822555541992,61.03205419638369,58.29431544470598,60.93092447035078,44324400,VALE3.SA
2022-11-21,57.73088836669922,57.925928242438744,56.546220901053076,57.13855463387615,27745900,VALE3.SA
2022-11-22,57.88980484008789,58.843317758784266,57.34803601102955,57.75255497315604,27105100,VALE3.SA
2022-11-23,58.46046829223633,58.771082639346034,57.74533498560048,58.46046829223633,22415800,VALE3.SA
2022-11-24,58.836090087890625,59.51510875452802,58.229311670930876,58.87943533992867,12420900,VALE3.SA
2022-11-25,58.43878936767578,59.86905575937096,58.27986965500818,59.23338241985717,20477000,VALE3.SA
2022-11-28,58.72774887084961,59.478996868915424,57.44194609798156,58.22209460884764,16166300,VALE3.SA
2022-11-29,60.99594497680664,61.891667848467236,59.6812529110368,59.847392256563325,42574300,VALE3.SA
2022-11-30,61.91333770751953,62.570686495864855,61.227099433036955,61.400463905646525,59932800,VALE3.SA
2022-12-01,62.25285339355469,62.66459750251974,61.20543581267309,62.426217883866876,34319300,VALE3.SA
2022-12-02,62.70071792602539,63.379731145929654,61.37880059216711,62.67182292564426,30213600,VALE3.SA
2022-12-05,62.635711669921875,64.28268834684108,62.61404179435588,63.49532014176388,21896500,VALE3.SA
2022-12-06,63.545860290527344,64.23932359454486,62.7584868807277,62.83794673431729,21335700,VALE3.SA
2022-12-07,61.284889221191406,62.42621691290679,60.576981015251874,62.057818065618086,45441000,VALE3.SA
2022-12-08,62.0361442565918,63.02577735786099,61.65329514411153,61.76165001830504,29827900,VALE3.SA
2022-12-09,64.10208129882812,64.67997020910076,63.22802831762965,63.610877378443504,37713000,VALE3.SA
2022-12-12,62.18783187866211,63.78424878909236,61.67495807708946,63.675893927090875,34995000,VALE3.SA
2022-12-13,62.450233459472656,63.34900496353783,62.06607581612345,62.51546433311338,31559400,VALE3.SA
2022-12-14,62.97935104370117,63.29827230520496,61.97185581840338,62.15306007518233,34564000,VALE3.SA
2022-12-15,63.18230438232422,63.90712147202829,62.97935648199356,63.3417650268456,24782100,VALE3.SA
2022-12-16,62.10231018066406,63.29100941536626,61.25427576259857,63.059068236153976,37762100,VALE3.SA
2022-12-19,61.87761688232422,62.02982775823588,61.05857029729144,61.609432655291066,27508500,VALE3.SA
2022-12-20,62.15306091308594,63.24028646841689,61.83413964728268,61.877632429838215,22657300,VALE3.SA
2022-12-21,62.50821304321289,63.34900337064984,62.2037912473814,62.986594890874855,39183700,VALE3.SA
2022-12-22,62.15306091308594,62.80539735226754,61.384756623558246,62.53721305784979,19429200,VALE3.SA
2022-12-23,62.56620407104492,62.71116526105356,61.667432527178526,61.81239371718716,18656500,VALE3.SA
2022-12-26,63.13880157470703,63.45047306770815,62.57344526877805,62.638676136424856,18407500,VALE3.SA
2022-12-27,64.64642333984375,64.9798384619063,63.39973734348816,63.7838894291273,26720300,VALE3.SA
2022-12-28,64.50145721435547,65.38573475596311,64.29125964053772,64.64642391866822,23314500,VALE3.SA
2022-12-29,64.4217300415039,65.19728397506128,64.38549251109968,64.50871006832034,40110800,VALE3.SA
2023-01-02,64.79863739013672,65.16104587047315,64.16804464358209,64.27676829366592,12783800,VALE3.SA
2023-01-03,64.68266296386719,65.29875626437698,64.42897813776486,64.79863633003652,25332600,VALE3.SA
2023-01-04,64.79863739013672,64.97984163030493,63.747649479212335,64.72615680005235,26395300,VALE3.SA
2023-01-05,65.88587188720703,66.45122830945418,64.50871836665493,64.84213355080286,29085600,VALE3.SA
2023-01-06,66.92959594726562,67.2195238394804,65.9583438677479,65.9583438677479,31420600,VALE3.SA
2023-01-09,67.00208282470703,67.40072884233076,66.13954885635016,66.34249672421892,19285800,VALE3.SA
2023-01-10,67.82837677001953,68.06031799081597,66.92959970075776,67.03832335767498,19821100,VALE3.SA
2023-01-11,67.58917236328125,68.480699536463,66.87160521847053,68.1255352926408,23834100,VALE3.SA
2023-01-12,67.94434356689453,68.35024484446032,67.36449328880953,67.75589512972219,18058600,VALE3.SA
2023-01-13,68.00232696533203,68.335742103339,67.66891182732508,67.9081027513022,16905800,VALE3.SA
2023-01-16,66.86436462402344,66.96583855612744,65.83512586701742,66.68316038384994,19563900,VALE3.SA
2023-01-17,66.77738952636719,67.57469266590591,66.55994774005978,67.05282353090419,18719500,VALE3.SA
2023-01-18,67.65441131591797,68.2995034875784,67.34274533679336,67.45146345513243,16737300,VALE3.SA
2023-01-19,67.94434356689453,68.4009818129167,67.6399217561563,67.98783634693915,21712500,VALE3.SA
2023-01-20,68.12554931640625,68.54594450997135,67.77039052938778,68.06031843977458,27103900,VALE3.SA
2023-01-23,68.35023498535156,68.6401573176171,67.9153404271252,68.38647251192774,13534300,VALE3.SA
2023-01-24,69.07505798339844,69.07505798339844,67.55293795484974,68.35748521682622,17439800,VALE3.SA
2023-01-25,69.7273941040039,69.87236082385716,68.69090555919153,69.00257709448239,18282900,VALE3.SA
2023-01-26,71.03207397460938,71.03207397460938,69.8651180312047,69.94484835254903,26876000,VALE3.SA
2023-01-27,69.08956146240234,71.2422690005699,68.73440265382348,70.92334772679241,34682400,VALE3.SA
2023-01-30,68.8431167602539,69.79987491884003,68.2705107027033,69.50994703110479,23820000,VALE3.SA
2023-01-31,68.50245666503906,68.77063541764218,68.02407478756069,68.35748994614491,20658600,VALE3.SA
2023-02-01,67.74138641357422,69.00256626381015,66.38597682774528,69.00256626381015,28818100,VALE3.SA
2023-02-02,64.61018371582031,66.65416733270048,64.40723585072668,66.45846918562151,37844400,VALE3.SA
2023-02-03,64.47246551513672,65.79163214344354,64.28401708960322,65.0595710052026,22545600,VALE3.SA
2023-02-06,63.66793441772461,63.965112097124695,62.8126555080347,63.92886902844609,17888700,VALE3.SA
2023-02-07,64.08831787109375,64.27677183964127,63.05182933895471,63.48671843336717,16259700,VALE3.SA
2023-02-08,64.3057632446289,64.77689538683703,63.4939662375947,64.58119170580665,14411000,VALE3.SA
2023-02-09,64.06657409667969,64.90736446984552,63.39974378480566,64.30576503351978,19782200,VALE3.SA
2023-02-10,62.91412353515625,64.472475802985,62.595202256571774,63.91436909537753,18099100,VALE3.SA
2023-02-13,62.84888458251953,63.1388125031542,61.82689543642837,62.276278459992724,13798500,VALE3.SA
2023-02-14,63.13155746459961,63.580945980211155,62.71841200973154,63.05907687302734,20072400,VALE3.SA
2023-02-15,64.50870513916016,64.68265964958641,62.74015010509829,63.131551900993,28465800,VALE3.SA
2023-02-16,64.64642333984375,65.42197722875135,64.43622576790806,64.71890392639399,28740800,VALE3.SA
2023-02-17,63.805633544921875,65.0523195509066,63.45047479714252,64.94359590528434,26381400,VALE3.SA
2023-02-22,63.320011138916016,64.11005898431901,62.747405067241864,63.095319647088495,16864400,VALE3.SA
2023-02-23,63.022830963134766,63.83462792982244,62.00809166716819,63.05907402223975,21485100,VALE3.SA
2023-02-24,61.63843536376953,62.68217356288429,61.35575718982839,62.370502046755,17183900,VALE3.SA
2023-02-27,61.63843536376953,61.88487047749686,60.63094022486861,61.29052078742642,14422200,VALE3.SA
2023-02-28,61.841373443603516,62.69665754811539,61.131050497179594,61.65291951415819,21127300,VALE3.SA
2023-03-01,64.65367126464844,65.12480339932866,63.42148463232903,63.61718278031779,30916600,VALE3.SA
2023-03-02,64.50870513916016,65.33499597607762,64.0883100032087,64.65366630952968,21740900,VALE3.SA
2023-03-03,64.72615814208984,65.45097511779112,64.37099384245765,65.30600840470207,19783400,VALE3.SA
2023-03-06,62.4429817199707,63.711411390016885,62.42123809612766,63.37074653670388,27298600,VALE3.SA
2023-03-07,61.848636627197266,63.34900761273965,61.46448449769783,62.95035604632613,20898200,VALE3.SA
2023-03-08,62.41399002075195,62.63143732473392,61.899370633236906,62.04433181594845,22274800,VALE3.SA
2023-03-09,61.59495162963867,62.68942132763252,61.47897825426944,61.703669756653696,24439300,VALE3.SA
2023-03-10,61.39199447631836,62.464726013361066,61.08032296142683,61.31951388609315,21820200,VALE3.SA
2023-03-13,61.64568328857422,62.33425717329015,60.92086634469876,61.15280754554233,23460200,VALE3.SA
2023-03-14,62.20689392089844,62.48096210482443,61.4068992000927,61.56986171559274,18077900,VALE3.SA
2023-03-15,60.332847595214844,61.547652223074806,59.332856738926935,60.740253998430475,34103400,VALE3.SA
2023-03-16,60.555057525634766,60.85135251535879,59.78469281289506,60.162469066077115,20573400,VALE3.SA
2023-03-17,61.280982971191406,61.851346191993485,61.20690498161228,61.41431544053383,39906400,VALE3.SA
2023-03-20,61.784690856933594,62.214312735306265,60.599510685075785,61.273582049103865,19650900,VALE3.SA
2023-03-21,61.26616668701172,61.806905507505405,60.399508439695175,61.643942968415324,15692200,VALE3.SA
2023-03-22,60.50321960449219,61.295805626416914,60.45136839376284,60.740254518020386,18085500,VALE3.SA
2023-03-23,58.94766616821289,60.87357517253444,58.37729730974659,60.38468757956332,26000100,VALE3.SA
2023-03-24,58.273597717285156,59.15507382211707,57.84397023330345,59.029150278957445,27801900,VALE3.SA
2023-03-27,58.17729568481445,59.31802763761746,57.79951945953431,58.89580914513605,14202900,VALE3.SA
2023-03-28,58.7921142578125,59.184702738480844,58.21433645367117,58.310635580039985,13866800,VALE3.SA
2023-03-29,59.63654708862305,59.88098522331566,59.140250587789104,59.251361913389445,17345200,VALE3.SA
2023-03-30,60.606910705566406,60.703204178546834,60.11061983109052,60.51802051033729,14249000,VALE3.SA
2023-03-31,59.47358703613281,60.86616617430568,59.19210989742382,60.443947640563685,22468400,VALE3.SA
2023-04-03,59.488399505615234,59.5476596355074,58.82174282407797,59.110628893105996,13510200,VALE3.SA
2023-04-04,57.80693817138672,59.39211001855412,57.59212442463035,59.22914747609361,20485600,VALE3.SA
2023-04-05,56.9550895690918,57.59953078056626,56.221763812143045,57.59212185132435,25382600,VALE3.SA
2023-04-06,56.85138702392578,57.406938037188894,56.503240818063745,56.792126892851996,13976800,VALE3.SA
2023-04-10,57.94766616821289,57.96988730043268,56.81433756279851,56.851376550735566,13849000,VALE3.SA
2023-04-11,61.00691223144531,61.443943005314004,59.303220108196236,59.62914519471352,34226000,VALE3.SA
2023-04-12,59.703208923339844,61.33282846946331,59.47358300079854,61.295789478118174,32702000,VALE3.SA
2023-04-13,58.89582061767578,59.79951790251255,58.49582318087799,59.258779057019915,21361900,VALE3.SA
2023-04-14,58.377296447753906,59.110627826382284,57.77730318465517,58.59211017621866,22693200,VALE3.SA
2023-04-17,57.681007385253906,59.58469514881653,57.36989454717258,58.87359058572166,21479200,VALE3.SA
2023-04-18,58.17729568481445,58.466181724335605,57.52545127665122,58.36247933329501,15193400,VALE3.SA
2023-04-19,56.48101806640625,57.49582658943216,55.56991194411501,57.258791723273326,31128000,VALE3.SA
2023-04-20,55.303253173828125,56.63657218898923,55.2069540498614,56.22176258223116,31112800,VALE3.SA
2023-04-24,53.30326843261719,53.73289591573911,53.02919455862067,53.4810431785666,29754000,VALE3.SA
2023-04-25,51.8514289855957,52.74030836480587,51.63661524449251,52.74030836480587,31799200,VALE3.SA
2023-04-26,52.05143356323242,52.91068867118539,52.05143356323242,52.592172471010855,25907200,VALE3.SA
2023-04-27,53.155120849609375,53.1699330562306,51.24402406812411,51.62920360520262,31717800,VALE3.SA
2023-04-28,53.62919616699219,53.64400837515639,52.63660867926408,53.05882725391324,33277500,VALE3.SA
2023-05-02,51.51069259643555,53.03660429607771,51.347730055433495,52.81438727309458,37367900,VALE3.SA
2023-05-03,51.110694885253906,51.91068972674016,51.00699247817502,51.806987319661275,19958300,VALE3.SA
2023-05-04,49.52552032470703,51.35513585778025,49.41440899430267,51.14773105508251,35996200,VALE3.SA
2023-05-05,51.140323638916016,51.29587724554108,49.79959565941632,50.14033293840796,27107300,VALE3.SA
2023-05-08,51.829200744628906,52.710676724995096,51.740310558349094,52.36993383660074,24917600,VALE3.SA
2023-05-09,52.36253356933594,52.37734577555572,50.87365535886985,51.48105753830347,18717400,VALE3.SA
2023-05-10,51.377357482910156,52.636604169200695,50.881066607248584,52.510680630843055,24792600,VALE3.SA
2023-05-11,50.37736511230469,50.58476991001935,49.89588645969173,50.3699561834272,27709000,VALE3.SA
2023-05-12,50.42921829223633,50.79217670249142,49.932927413734475,50.295885823989565,17578100,VALE3.SA
2023-05-15,51.15513610839844,51.947722004136956,51.051433703450016,51.332916503759066,21020000,VALE3.SA
2023-05-16,50.10329818725586,51.258842592266234,50.07366811900461,51.11069790236766,23990300,VALE3.SA
2023-05-17,51.76253890991211,52.02920385457914,50.96995300530657,51.199584605710406,30913100,VALE3.SA
2023-05-18,51.836612701416016,52.08845976688761,51.199580457584915,51.76253471617677,23710600,VALE3.SA
2023-05-19,51.26624298095703,52.303272591545785,51.20698285432756,52.22179133026945,33892200,VALE3.SA
2023-05-22,50.444026947021484,51.03661690891269,50.19958316388961,50.666249595569866,18936200,VALE3.SA
2023-05-23,49.30329895019531,50.14033276323654,49.26626560666569,49.99959136429535,39413300,VALE3.SA
2023-05-24,48.184791564941406,48.725524698293924,48.014420107706215,48.725524698293924,33304700,VALE3.SA
2023-05-25,48.036643981933594,48.740345335070145,47.9847927791852,48.740345335070145,36934900,VALE3.SA
2023-05-26,49.132930755615234,49.65885167964591,48.82182355853064,49.44403795269982,38181700,VALE3.SA
2023-05-29,48.7625617980957,50.14773193219369,48.69589274303355,49.88106701465849,17320700,VALE3.SA
2023-05-30,47.61442947387695,49.125529062607896,47.31072833527034,49.125529062607896,39920700,VALE3.SA
2023-05-31,47.26628112792969,48.05146090896219,47.0440584625411,47.614424507393224,103408900,VALE3.SA
2023-06-01,48.266273498535156,48.718116445072305,47.51812990428069,48.103310967969136,51982400,VALE3.SA
2023-06-02,50.32551574707031,50.51810269404913,49.903297207375076,50.36995801924125,39185700,VALE3.SA
2023-06-05,49.91069793701172,50.725510560926644,49.3551469578098,50.71810163215738,21478500,VALE3.SA
2023-06-06,50.07366943359375,50.658850581363986,49.92552473980591,50.2218197787394,31884200,VALE3.SA
2023-06-07,50.86625289916992,50.873661828900474,49.92552227226091,50.07366695872677,27377500,VALE3.SA
2023-06-09,50.636627197265625,51.70328702958867,50.55514592388775,51.606987896674326,30056800,VALE3.SA
2023-06-12,49.71811294555664,50.22181274579933,49.40700008999716,50.22181274579933,26651200,VALE3.SA
2023-06-13,50.2440299987793,50.79217202830297,50.08106748021255,50.59217617001616,34288100,VALE3.SA
2023-06-14,51.125511169433594,51.562547620991836,50.732922646851414,51.10329003062446,53775600,VALE3.SA
2023-06-15,51.5255012512207,51.59217030946873,50.63662191786491,51.18476398505575,31874100,VALE3.SA
2023-06-16,51.60698318481445,51.99957165632295,51.266245914234304,51.40698731019284,39953600,VALE3.SA
2023-06-19,51.406986236572266,51.59216990049986,50.87365638024368,51.59216990049986,14894300,VALE3.SA
2023-06-20,50.08107376098633,51.12550675432487,49.85885108937015,51.11069454685053,35748700,VALE3.SA
2023-06-21,49.57736587524414,49.88106411562396,49.42181229094867,49.68106826477446,27336800,VALE3.SA
2023-06-22,49.31071090698242,50.26625938988646,49.11071501584321,49.384783249946665,21394900,VALE3.SA
2023-06-23,48.81441879272461,48.96256347501156,48.36997909450637,48.88849113386809,23510900,VALE3.SA
2023-06-26,48.91812515258789,49.11071777620598,48.384795211096474,48.562569974474336,15030400,VALE3.SA
2023-06-27,49.503299713134766,49.836628056520766,49.221816919615215,49.5551509143583,22737400,VALE3.SA
2023-06-28,47.94034957885742,49.49589128259008,47.94034957885742,49.46626121711286,37628600,VALE3.SA
2023-06-29,48.52552795410156,48.83663514725117,47.666273057185336,47.94034690906865,24841800,VALE3.SA
2023-06-30,47.569984436035156,48.93293360283775,47.569984436035156,48.6736775821261,42992000,VALE3.SA
2023-07-03,49.05886459350586,49.25886048783657,47.8810934115569,47.93294461759505,22738400,VALE3.SA
2023-07-04,48.81441879272461,49.22922842421398,48.74034645158113,48.76997086695262,12573200,VALE3.SA
2023-07-05,48.384796142578125,48.78479360639725,48.155170166654486,48.599609909334205,27363600,VALE3.SA
2023-07-06,48.036643981933594,48.584786075467704,47.73294569479505,47.94035050578864,18579200,VALE3.SA
2023-07-07,48.48849105834961,48.59219346055073,47.63664505339153,47.7625742429418,57287600,VALE3.SA
2023-07-10,47.74775695800781,48.2884957628551,47.6514634837669,47.777387023472045,36698500,VALE3.SA
2023-07-11,49.318115234375,49.636631365619444,48.058862916064804,48.20701323952559,35550200,VALE3.SA
2023-07-12,49.666259765625,50.42921553896547,49.62922077316201,50.36995541156741,22864300,VALE3.SA
2023-07-13,50.821800231933594,50.962541611248945,50.31069156082532,50.53291419644362,24187200,VALE3.SA
2023-07-14,50.821800231933594,51.32549997482623,50.562544257949824,51.25142764673892,20342500,VALE3.SA
2023-07-17,50.25885009765625,50.614405253220454,49.65144784755873,50.614405253220454,15322300,VALE3.SA
2023-07-18,49.94033432006836,50.56995771256362,49.83663190960362,50.169965930118174,16950600,VALE3.SA
2023-07-19,49.80699920654297,50.34773801937325,49.59959439658853,49.99218287991047,14512600,VALE3.SA
2023-07-20,49.91810989379883,50.732916915782894,49.88847982828123,50.481069835918994,20992700,VALE3.SA
2023-07-21,50.221805572509766,50.49587374362745,49.614403457622814,49.95514067803684,24852700,VALE3.SA
2023-07-24,51.74031448364258,52.088460675455096,50.00699810486142,50.147733846285796,30616400,VALE3.SA
2023-07-25,53.34030532836914,53.82178399557838,53.05141925831501,53.11067373706061,31556700,VALE3.SA
2023-07-26,53.155120849609375,53.51807925107756,52.406977259705705,53.147711920620274,19066400,VALE3.SA
2023-07-27,52.16253662109375,52.769938853737045,51.9180928118775,52.740308787345015,28254500,VALE3.SA
2023-07-28,50.095882415771484,51.86623777966354,50.095882415771484,51.86623777966354,45938800,VALE3.SA
2023-07-31,51.22921371459961,51.614393265611085,50.25143850152096,50.36995876420583,26065700,VALE3.SA
2023-08-01,50.518104553222656,50.969953174779874,50.295887532832786,50.94032310845643,30015700,VALE3.SA
2023-08-02,49.695884704589844,50.19218121261184,49.55514896472408,50.177363354926904,29547300,VALE3.SA
2023-08-03,50.00700378417969,50.28848095035285,49.25145118606387,49.51811614406268,35512300,VALE3.SA
2023-08-04,50.04403305053711,50.614401917508566,49.747743700344095,49.777368114277714,22954300,VALE3.SA
2023-08-07,50.2958869934082,50.49588287474985,49.54033443865699,50.11070331939076,23057700,VALE3.SA
2023-08-08,49.96996307373047,50.481071834266906,48.95515448216957,49.62181685431332,43405600,VALE3.SA
2023-08-09,49.51811599731445,50.30329866080963,49.355153451091724,49.969964638620176,21859000,VALE3.SA
2023-08-10,48.93292999267578,49.762554849102585,48.844045450050864,49.488480989509455,28372300,VALE3.SA
2023-08-11,48.52552795410156,49.16996347543191,48.3181231586685,49.02922773644909,42335100,VALE3.SA
2023-08-14,47.23476028442383,48.10467299148444,47.23476028442383,48.05888703971912,41056900,VALE3.SA
2023-08-15,46.76927947998047,47.28054283691313,46.65481605721232,47.27291330049394,28611000,VALE3.SA
2023-08-16,46.58613586425781,47.25764855602246,46.54798236253921,46.845583751240135,30508600,VALE3.SA
2023-08-17,47.24238586425781,47.92916052858968,47.097401395532444,47.761281630436216,39481200,VALE3.SA
2023-08-18,46.715858459472656,47.37210912897864,46.563241550832245,46.70059647751607,34201900,VALE3.SA
2023-08-21,46.77690505981445,47.11266285237415,46.56324312704047,46.921892437847234,17695300,VALE3.SA
2023-08-22,47.7536506652832,47.96731259404674,47.333953432461314,47.341585879017416,30995800,VALE3.SA
2023-08-23,48.10466766357422,48.58540700469899,48.10466766357422,48.26491411061581,19128500,VALE3.SA
2023-08-24,47.463680267333984,47.83758865402795,47.181340865616534,47.83758865402795,17821500,VALE3.SA
2023-08-25,47.36447525024414,47.906262494154916,47.2347527739241,47.82232305139473,11395300,VALE3.SA
2023-08-28,48.043617248535156,48.280173594492716,47.51709198796226,47.639184928570124,14173600,VALE3.SA
2023-08-29,49.57741928100586,49.623202320290936,48.249655834150424,48.36411925421451,28625700,VALE3.SA
2023-08-30,49.585052490234375,50.26419475204045,49.394282061146114,49.760558024758744,21812600,VALE3.SA
2023-08-31,49.661354064941406,50.49311025028997,49.661354064941406,50.03526243493337,31011100,VALE3.SA
2023-09-01,52.56869888305664,52.65263833745868,50.844132576957705,50.88992143871884,57288600,VALE3.SA
2023-09-04,52.95787048339844,53.45387474657804,52.561064744114255,52.86629858467487,22397800,VALE3.SA
2023-09-05,52.72894287109375,53.0418091540706,52.33214295950362,52.64500342062929,19253500,VALE3.SA
2023-09-06,51.88192367553711,53.10285324346641,51.7979842219434,52.767101250942986,28466500,VALE3.SA
2023-09-08,50.905181884765625,51.00438041452999,50.546532537526716,50.89754943729095,19989200,VALE3.SA
2023-09-11,51.637733459472656,52.02690672808546,51.538534941605086,51.96585879931268,19493800,VALE3.SA
2023-09-12,51.599586486816406,52.08795830752509,51.46223154837639,51.889555436033646,14201300,VALE3.SA
2023-09-13,51.40117645263672,51.72166932371939,51.24093001709538,51.63772988293338,15448400,VALE3.SA
2023-09-14,53.50728225708008,53.93460607706398,52.690785202839166,52.88155559702489,62390300,VALE3.SA
2023-09-15,53.06470489501953,54.354314898534234,53.06470489501953,54.17880353673009,37901700,VALE3.SA
2023-09-18,52.43897247314453,53.45387247560404,52.30924998851916,53.06469919987689,21849000,VALE3.SA
2023-09-19,52.538169860839844,52.84340368185613,52.04979807595416,52.400814932475065,43870300,VALE3.SA
2023-09-20,52.88918685913086,53.240203716592674,52.68315737695688,52.86629534131718,14372200,VALE3.SA
2023-09-21,51.50801467895508,52.2405724113225,51.50801467895508,52.118482366853605,21686000,VALE3.SA
2023-09-22,51.889556884765625,52.553440076069606,51.83614139731713,52.18715828938601,17063700,VALE3.SA
2023-09-25,50.82124328613281,51.14936867086448,50.18788403762837,51.134109597509116,34715000,VALE3.SA
2023-09-26,50.02763366699219,50.56179434239381,49.882652104943524,50.13446463770226,24178800,VALE3.SA
2023-09-27,50.134464263916016,50.50837848046475,49.83686287317803,50.43969810160532,17109300,VALE3.SA
2023-09-28,50.89754867553711,51.15699948912861,50.33286982974601,50.447333252746624,26072300,VALE3.SA
2023-09-29,51.56905746459961,51.622472945320055,51.15699268967725,51.36302216621305,19018000,VALE3.SA
2023-10-02,51.118839263916016,51.67589144267702,50.83650277299084,51.569060474999745,11175900,VALE3.SA
2023-10-03,50.80598449707031,51.09595346725856,50.416811173036066,50.42444362068232,15268800,VALE3.SA
2023-10-04,50.264190673828125,50.958591952005996,50.00473988395601,50.66862301918516,14377000,VALE3.SA
2023-10-05,50.287086486816406,50.706777939492234,50.10394850422789,50.264194966724276,11556300,VALE3.SA
2023-10-06,51.01963806152344,51.4698534270935,50.22603247059493,50.27944795162614,22711400,VALE3.SA
2023-10-09,50.653358459472656,50.653358459472656,49.89790924671981,50.15736003830072,14392200,VALE3.SA
2023-10-10,50.95858383178711,51.485111952441095,50.897535911915625,51.17224572948726,18261700,VALE3.SA
2023-10-11,51.40117645263672,51.454591931150496,50.88991318374047,50.98147924870665,13659400,VALE3.SA
2023-10-13,50.813602447509766,51.355395522710474,50.714403932451575,51.27908270298029,16302700,VALE3.SA
2023-10-16,51.35539627075195,51.69878067713651,51.26382437885235,51.431703269742876,13103300,VALE3.SA
2023-10-17,51.775089263916016,51.9277090884291,50.8136047459622,51.12647101982574,24031000,VALE3.SA
2023-10-18,49.87501907348633,51.35539939576592,49.85212755458117,51.30961053610441,34907300,VALE3.SA
2023-10-19,49.157718658447266,50.09631165266804,49.157718658447266,49.829234238654315,22855500,VALE3.SA
2023-10-20,47.82996368408203,48.43279895715308,47.31106786813806,48.31833553181145,58015100,VALE3.SA
2023-10-23,47.73838806152344,48.02072745098843,47.395000744106326,47.608662670087895,17595000,VALE3.SA
2023-10-24,48.829593658447266,49.04325266749853,48.50909786755701,48.83722319376414,21768800,VALE3.SA
2023-10-25,48.7838134765625,49.73766560474349,48.64645853723039,49.37138382590739,26091800,VALE3.SA
2023-10-26,49.82923126220703,49.88264674181911,48.539621483478854,48.68460594086517,30936700,VALE3.SA
2023-10-27,51.56142807006836,51.70641544996998,49.379014034001855,49.95895773175723,47989100,VALE3.SA
2023-10-30,52.026912689208984,52.568700019979545,51.92008171254164,52.194791601643836,26604100,VALE3.SA
2023-10-31,52.65263748168945,52.83577546020303,51.561430414049944,51.714044425836036,20961400,VALE3.SA
2023-11-01,53.65990447998047,53.94987342778415,52.843407300414896,52.85103974747195,31543500,VALE3.SA
2023-11-03,54.331417083740234,54.64428338889076,54.125387577358175,54.369573499146945,28599600,VALE3.SA
2023-11-06,54.560333251953125,54.789260055876326,54.33140644802992,54.33140644802992,19096300,VALE3.SA
2023-11-07,53.47676467895508,54.25510541852987,52.83577305061309,54.04907592982955,37073000,VALE3.SA
2023-11-08,53.51491928100586,54.071971501897835,53.27836580923676,53.50729265548859,21047900,VALE3.SA
2023-11-09,53.77436447143555,54.285627776500945,53.58359406012598,53.797255989296545,16542700,VALE3.SA
2023-11-10,54.5984992980957,54.73585424032663,54.102495016603385,54.484035875928015,22200500,VALE3.SA
2023-11-13,54.484031677246094,55.31578789198777,54.12538236562315,54.94187950878241,14410500,VALE3.SA
2023-11-14,56.170448303222656,56.69697657577719,54.865579204234734,54.95714528860822,52233600,VALE3.SA
2023-11-16,56.54435348510742,56.727491465189765,55.71259721660108,55.78127177593768,31235400,VALE3.SA
2023-11-17,56.65118408203125,56.96405037519962,56.5443531092058,56.64355745672328,24538600,VALE3.SA
2023-11-20,58.03998565673828,58.49020683604175,57.559246336125035,57.8415886289713,28810100,VALE3.SA
2023-11-21,59.44406509399414,59.940069359189245,58.6428269869981,58.97858479516426,45317800,VALE3.SA
2023-11-22,58.87899398803711,59.83867930538569,58.37555349393361,59.665620510259345,33715300,VALE3.SA
2023-11-23,58.50928497314453,58.69807968023241,58.2733005915118,58.50142302812943,10279200,VALE3.SA
2023-11-24,58.01371383666992,58.60368380789029,57.73839571706406,58.60368380789029,16667000,VALE3.SA
2023-11-27,57.66759490966797,58.10024194614482,57.34508112005458,57.76986021000873,17312300,VALE3.SA
2023-11-28,57.79345703125,58.029441409416016,56.762978109843694,56.85736946051624,22019000,VALE3.SA
2023-11-29,57.777713775634766,58.2103607493655,57.1956118485566,58.05303785063645,15853100,VALE3.SA
2023-11-30,58.092369079589844,58.55648186136549,57.990109789394516,58.21823220735417,29712900,VALE3.SA
2023-12-01,59.1700553894043,59.374579991271574,58.54075169203646,58.78461002554604,25025200,VALE3.SA
2023-12-04,57.84064865112305,58.60367735681163,57.45520332610457,58.399152775553475,22402300,VALE3.SA
2023-12-05,57.305747985839844,57.714797188494146,57.05402770785443,57.60466994196833,25179500,VALE3.SA
2023-12-06,56.92816925048828,58.14743688062453,56.731512600322624,57.81705514870256,20503900,VALE3.SA
2023-12-07,57.10908508300781,57.486668459418226,56.96749206703942,57.17988459173409,17535800,VALE3.SA
2023-12-08,57.26641845703125,57.628265970176734,56.896702997528244,57.50240283439501,16083200,VALE3.SA
2023-12-11,57.31361389160156,57.61252983560132,56.448325841930995,56.70004611095306,15443400,VALE3.SA
2023-12-12,57.41587448120117,58.092373844714814,57.10909058396647,57.895717192565144,11036300,VALE3.SA
2023-12-13,57.423736572265625,57.67545682129017,56.880962347203536,57.030423308072024,25288200,VALE3.SA
2023-12-14,57.7383918762207,58.41489121167045,57.706926093003915,58.21036662150357,29454300,VALE3.SA
2023-12-15,58.10023880004883,58.44635641048823,57.824920701510415,58.257561713075226,23279500,VALE3.SA
2023-12-18,58.37554931640625,58.94192133211245,57.9822360834418,58.25755414622019,16333400,VALE3.SA
2023-12-19,58.784610748291016,59.067790813954865,58.50142468114226,58.76100690812453,21763700,VALE3.SA
2023-12-20,58.59579849243164,59.31949933707364,58.59579849243165,58.78459314832944,14147900,VALE3.SA
2023-12-21,60.54663848876953,60.60957004478469,59.24870365300345,59.35096293041546,24202600,VALE3.SA
2023-12-22,60.09040069580078,61.514192807639155,60.01173924237866,60.67250265290557,26277000,VALE3.SA
2023-12-26,60.30279541015625,60.92422511578266,60.30279541015625,60.696108693025046,12149500,VALE3.SA
2023-12-27,60.88490676879883,61.002901972135625,60.45225969039234,60.45225969039234,13821200,VALE3.SA
2023-12-28,60.72756576538086,60.93209034376473,60.37358622718322,60.57024285984505,16545800,VALE3.SA
2024-01-02,60.60957717895508,61.49846300673418,60.24772369001697,61.042218174146306,18021800,VALE3.SA
2024-01-03,60.294925689697266,60.49158232534437,59.665622055032856,60.342121361777615,25315100,VALE3.SA
2024-01-04,59.48470687866211,60.28706338654741,59.28018227803064,60.121872517320575,18707000,VALE3.SA
2024-01-05,58.721683502197266,59.03633537792314,58.304772317491754,59.0205994833199,21082500,VALE3.SA
2024-01-08,58.422752380371094,58.65087480454945,57.82492051164617,58.1631701748783,23013300,VALE3.SA
2024-01-09,57.68332290649414,58.336224344353276,57.54172989589196,58.28902267316326,15257400,VALE3.SA
2024-01-10,56.81804275512695,57.258551736826895,56.597782262792215,57.258551736826895,21354600,VALE3.SA
2024-01-11,57.1169548034668,57.35294517124143,56.519116939526256,56.991091673591164,20289100,VALE3.SA
2024-01-12,56.39326095581055,57.187749473710745,56.35392722655492,56.794436187092415,16343400,VALE3.SA
2024-01-15,56.28312683105469,56.40111600142002,55.61448952440449,56.02353865328346,12745700,VALE3.SA
2024-01-16,55.55157470703125,56.47192642271284,55.26838864043924,56.32246544271014,22620300,VALE3.SA
2024-01-17,54.55255126953125,55.425707239794335,54.27723317113398,55.27624627145677,43086400,VALE3.SA
2024-01-18,54.2772331237793,55.378511517891994,54.2772331237793,55.22118260359908,30490600,VALE3.SA
2024-01-19,53.56926727294922,54.678413597821425,53.52993954603274,54.67054565184439,60583000,VALE3.SA
2024-01-22,53.33328628540039,53.47487931453448,52.790512006805564,53.097295903015315,23318900,VALE3.SA
2024-01-23,54.4345588684082,54.88293579487094,53.844588912458036,54.237902216424814,33886800,VALE3.SA
2024-01-24,54.98519515991211,55.71675806638696,54.86719998116118,55.29984696941989,36922100,VALE3.SA
2024-01-25,53.632198333740234,55.38637817810274,52.987164803825735,55.06385841240335,47637000,VALE3.SA
2024-01-26,54.67054748535156,54.91439980545865,53.09729432030547,53.4119461536116,27397200,VALE3.SA
2024-01-29,54.41096115112305,54.66268142616086,53.67153621903465,54.66268142616086,15866100,VALE3.SA
2024-01-30,54.10417556762695,54.74920912740544,53.404078386946075,54.59188621096565,34371300,VALE3.SA
2024-01-31,53.30181884765625,53.94685240448496,53.30181884765625,53.56926900467776,34753400,VALE3.SA
2024-02-01,53.05795669555664,53.70299020581371,52.821972339014266,53.38834439709054,21060300,VALE3.SA
2024-02-02,51.98028564453125,52.916367190080024,51.84656056680778,52.908505245379466,32589900,VALE3.SA
2024-02-05,51.53190994262695,52.074678212417666,51.40604680665629,51.83869383469964,24103300,VALE3.SA
2024-02-06,52.44438934326172,52.633184031632965,51.74429221129976,51.9724146253019,27505600,VALE3.SA
2024-02-07,52.546661376953125,52.75117998004347,52.31067098694437,52.56239126892741,19863400,VALE3.SA
2024-02-08,52.08254623413086,53.08942731741416,51.8937575313864,53.08942731741416,25812100,VALE3.SA
2024-02-09,51.85442352294922,52.381461899422625,51.42964444293816,51.99601654961957,18534800,VALE3.SA
2024-02-14,51.69709777832031,52.02747948865786,51.531906923151546,51.909484305970366,12497900,VALE3.SA
2024-02-15,51.53190994262695,51.8150959970763,51.162194482568935,51.52404199625762,17360200,VALE3.SA
2024-02-16,53.49060821533203,53.74232848452127,52.1848051928922,52.30280038189941,40947100,VALE3.SA
2024-02-19,53.08942413330078,53.16808558793608,52.42079276667426,52.735444586699764,12571600,VALE3.SA
2024-02-20,51.92522048950195,52.200538582996636,51.280186955535406,52.03534772689982,44417200,VALE3.SA
2024-02-21,52.31853485107422,52.41292619852409,51.60270179166225,51.618437683893525,20362800,VALE3.SA
2024-02-22,52.877037048339844,53.33328188249403,52.54665534146305,52.57811512179816,35910500,VALE3.SA
2024-02-23,53.00290298461914,54.332303980418104,52.89277573068748,53.6872703496104,42133700,VALE3.SA
2024-02-26,51.720699310302734,52.35000299528053,51.484708928064876,52.342135048810015,33864400,VALE3.SA
2024-02-27,53.081565856933594,53.23102083062306,52.20054190027826,52.31066914467459,28141800,VALE3.SA
2024-02-28,52.499454498291016,52.87703788461057,52.176940732139435,52.54665617250866,20331500,VALE3.SA
2024-02-29,52.69611358642578,53.081564936614754,52.30280029140532,52.350001967817306,20717000,VALE3.SA
2024-03-01,52.609580993652344,52.75117401133961,52.20840577810863,52.6174489394917,22423300,VALE3.SA
2024-03-04,52.49159240722656,52.86130184507895,52.224136259021265,52.66464520726022,13148000,VALE3.SA
2024-03-05,51.79935836791992,52.145475978752046,51.602701725671565,51.917353553565825,24436500,VALE3.SA
2024-03-06,52.50732421875,52.766912430524826,52.05107936196113,52.09041309155775,33510700,VALE3.SA
2024-03-07,52.32640075683594,53.223160635886025,52.27920507953827,53.065831709085614,19036200,VALE3.SA
2024-03-08,51.92522048950195,52.68824920681888,51.83869108847729,52.074675453693736,23188200,VALE3.SA
2024-03-11,50.3126335144043,50.95766704658316,50.12384482245749,50.95766704658316,58622400,VALE3.SA
2024-03-12,49.999149322509766,51.42088675221403,49.85122259479758,51.248306614873385,44680100,VALE3.SA
2024-03-13,50.31966018676758,50.45115027352086,49.547156318963424,49.80191659862674,32769200,VALE3.SA
2024-03-14,49.67864990234375,50.24570035357201,49.44853988310102,50.21282704582717,30085800,VALE3.SA
2024-03-15,49.111595153808594,49.50606856746827,48.78287148905366,49.39101199308439,57064200,VALE3.SA
2024-03-18,50.0484619140625,50.130642040468366,49.3170449951785,49.711518379845074,21371000,VALE3.SA
2024-03-19,50.45936584472656,50.99354290485132,50.37718258818921,50.73056275387314,16888900,VALE3.SA
2024-03-20,50.79631042480469,50.80452718314547,50.06489353364521,50.46758366169996,18210000,VALE3.SA
2024-03-21,50.673038482666016,51.47019886713827,50.615511767804186,51.30583548111698,18445500,VALE3.SA
2024-03-22,50.08955383300781,50.5908607735805,50.07311718012352,50.541550814927604,11058400,VALE3.SA
2024-03-25,49.98271560668945,50.39362251114101,49.843008763961954,50.147078995464256,10478200,VALE3.SA
2024-03-26,49.34992599487305,49.73617954614511,48.971892338505825,49.563599372799814,27142700,VALE3.SA
2024-03-27,49.801918029785156,49.85944474845718,49.054067552077825,49.14446757712559,23927000,VALE3.SA
2024-03-28,49.990936279296875,50.2046064935538,49.366356019214905,49.818352994160236,18467000,VALE3.SA
2024-04-01,50.31144332885742,50.870276980201545,50.13064328431346,50.623730324924885,16740100,VALE3.SA
2024-04-02,50.90314865112305,51.33871212263935,50.377188289640976,50.43471500824239,22583000,VALE3.SA
2024-04-03,50.17173767089844,50.656607994425976,49.76083072333174,50.434717866543416,22319900,VALE3.SA
2024-04-04,49.61289596557617,50.36896625727989,49.44853258607791,50.04845939149217,22990500,VALE3.SA
2024-04-05,49.07050323486328,49.70330026271258,48.988323105520145,49.53893686905532,15379000,VALE3.SA
2024-04-08,51.74961853027344,51.881108619331215,49.966280866520634,50.21282439163259,40281300,VALE3.SA
2024-04-09,51.40445327758789,52.489247257870126,50.960673067025816,52.292013698712026,37026100,VALE3.SA
2024-04-10,50.62372970581055,51.32227332893317,50.484022862168565,51.22365654901113,21206800,VALE3.SA
2024-04-11,50.837406158447266,51.04285962456775,50.4018458134626,50.77987943873122,16338700,VALE3.SA
2024-04-12,50.64838790893555,52.08656213097841,50.467587860688006,51.60990859831526,25740900,VALE3.SA
2024-04-15,50.94424057006836,51.6509978286751,50.91958402345151,51.19900085033174,28567300,VALE3.SA
2024-04-16,50.49223327636719,50.623723344731275,49.88409288579722,50.23747303233268,29973800,VALE3.SA
2024-04-17,51.04285430908203,52.160521549981524,50.9195809882587,51.80714137425681,34220700,VALE3.SA
2024-04-18,51.231876373291016,51.54416651919647,50.87849616120693,51.51950997151243,19932500,VALE3.SA
2024-04-19,52.070125579833984,52.22626908137171,51.02642162331291,51.149694953717606,32882400,VALE3.SA
2024-04-22,52.045475006103516,52.250928478001974,51.19900457010146,51.798928331848415,27171200,VALE3.SA
2024-04-23,51.593475341796875,51.8482387779199,50.9606782662432,51.494858552156536,23160500,VALE3.SA
2024-04-24,52.23448944091797,52.67004664330896,51.89754588777599,52.23448944091797,25212800,VALE3.SA
2024-04-25,51.13325881958008,51.807145926696876,50.878495397144775,51.511292438700025,27231000,VALE3.SA
2024-04-26,51.13325881958008,51.13325881958008,51.13325881958008,51.13325881958008,0,VALE3.SA
2024-04-29,52.5139045715332,52.554994635710806,51.609907484771306,51.67565409543222,18487200,VALE3.SA
2024-04-30,52.012596130371094,52.38241296719447,51.716742660912395,52.185176275898385,15597400,VALE3.SA
2024-05-02,52.53034210205078,52.801542189287765,51.95507488967751,52.34954517886398,17852900,VALE3.SA
2024-05-03,52.587867736816406,52.94124479534817,52.0619042584845,52.73579134028711,23681200,VALE3.SA
2024-05-06,52.74401092529297,53.171351350543766,52.55499412393986,52.77688423030331,13423600,VALE3.SA
2024-05-07,53.07273483276367,53.56582184134562,52.842627980088196,53.212441669039286,21315200,VALE3.SA
2024-05-08,52.587867736816406,52.78510443306223,52.259140954730334,52.308450912534525,18245800,VALE3.SA
2024-05-09,53.01521301269531,53.3603733235655,52.41528614575631,52.513906064551534,19672800,VALE3.SA
2024-05-10,52.83441162109375,53.376805485834275,52.72757808090262,53.212445228626095,13705000,VALE3.SA
2024-05-13,53.146697998046875,53.45899126101959,52.91659113266183,53.17135140934644,14504100,VALE3.SA
2024-05-14,53.113826751708984,53.21244667067162,52.612519802714246,52.982339796367555,13313500,VALE3.SA
2024-05-15,52.95768737792969,53.12204764267642,52.15230703280942,52.96590100220749,21292100,VALE3.SA
2024-05-16,53.34394073486328,53.55760782439608,52.93303380430334,53.40146745434399,16647700,VALE3.SA
2024-05-17,54.387638092041016,54.527344934686404,53.557604389953,53.62335099941263,32338800,VALE3.SA
2024-05-20,54.36298370361328,54.732797402776924,54.009603521548215,54.35476381009317,22222300,VALE3.SA
2024-05-21,54.20684051513672,55.143707797728496,54.15753369077149,54.85607420569454,23042800,VALE3.SA
2024-05-22,53.77949905395508,54.52734637905734,53.48364557349166,54.239712792479544,17404000,VALE3.SA
2024-05-23,53.45899200439453,53.74662559012553,53.07273850215207,53.59869885032931,16445800,VALE3.SA
2024-05-24,53.483646392822266,53.960299926419985,53.33571965032442,53.41789978061388,11731900,VALE3.SA
2024-05-27,53.6644401550293,53.6644401550293,53.179566784219375,53.343933295486,5119400,VALE3.SA
2024-05-28,52.50568389892578,53.65622448865885,52.0619036884598,53.648004594962686,22173900,VALE3.SA
2024-05-29,51.97150802612305,52.37419504753014,51.74961791566627,52.13586828426498,16496900,VALE3.SA
2024-05-31,51.938636779785156,52.14409024557943,51.6016932212814,51.68387335361067,23383600,VALE3.SA
2024-06-03,50.84561538696289,51.650992478674276,50.697688662467876,51.64277572063373,18846500,VALE3.SA
2024-06-04,50.327877044677734,50.45936712349913,49.8840968530415,50.45114723015173,19865100,VALE3.SA
2024-06-05,49.61289596557617,50.278566241807304,49.56358914620619,50.21281963601972,18000800,VALE3.SA
2024-06-06,50.303226470947266,50.40184639299825,49.604685932094036,49.941629495007064,17888300,VALE3.SA
2024-06-07,49.64577102661133,50.0238046183654,49.53071759737929,49.875877885075404,14822100,VALE3.SA
2024-06-10,50.18817138671875,50.38540808939083,49.637557614001395,49.80191787542858,14762900,VALE3.SA
2024-06-11,50.11420822143555,50.16351818104936,49.07050425522603,49.63755781838621,24588400,VALE3.SA
2024-06-12,49.423885345458984,50.50046263732828,49.234868532682746,50.2621358640565,21969600,VALE3.SA
2024-06-13,49.990936279296875,50.17173318829244,49.48962934645951,49.57180947464196,13692600,VALE3.SA
2024-06-14,49.818355560302734,50.03202892053691,49.52250206765302,50.00737237283536,12282100,VALE3.SA
2024-06-17,49.621116638183594,49.67864335166595,49.17733644705905,49.34169982913897,13976100,VALE3.SA
2024-06-18,49.851226806640625,50.03202685244671,49.489629849999424,49.59646339072941,12239900,VALE3.SA
2024-06-19,50.00737380981445,50.196393762749736,49.61290351993663,49.72795696261293,8744100,VALE3.SA
2024-06-20,50.45936584472656,50.64016273916739,49.98271236172194,50.17172914930183,19497200,VALE3.SA
2024-06-21,49.990936279296875,50.426496601611525,49.9169729099443,50.15529653566176,39134100,VALE3.SA
2024-06-24,50.0484619140625,50.196388649569755,49.637555012091454,49.69508172756973,13669000,VALE3.SA
2024-06-25,49.84300994873047,50.16351684022579,49.53893657502945,50.1224267757981,13962500,VALE3.SA
2024-06-26,50.45936584472656,50.607292571523125,50.056675725120215,50.188165800609305,17096700,VALE3.SA
2024-06-27,50.590858459472656,50.590858459472656,50.01558817471991,50.500458440229544,13755300,VALE3.SA
2024-06-28,51.13325881958008,51.404455760263154,50.656605281147144,50.6894785875848,22429400,VALE3.SA
2024-07-01,51.889320373535156,52.04546699452323,51.445540190154375,51.53594020546943,20236800,VALE3.SA
2024-07-02,51.71674346923828,52.05368700695021,51.3304899741889,51.84001679509643,24335300,VALE3.SA
2024-07-03,52.74401092529297,53.28640478310905,52.144087216223326,52.15230397499045,29884200,VALE3.SA
2024-07-04,52.48102951049805,53.17135008951794,52.456376099810434,53.12204326814271,7984300,VALE3.SA
2024-07-05,52.267356872558594,52.47281032431389,51.93041333707875,52.02081335744642,13138400,VALE3.SA
2024-07-08,51.85645294189453,51.971509514849046,51.50307273381904,51.840019423586384,18662500,VALE3.SA
2024-07-09,51.790706634521484,51.96328678206894,51.53594322506747,51.74961657105365,9794400,VALE3.SA
2024-07-10,51.0921630859375,51.56881660073832,50.82096615870016,51.503069991122665,17384000,VALE3.SA
2024-07-11,50.96067428588867,51.519507941820805,50.820967439391126,51.297617831232664,13413600,VALE3.SA
2024-07-12,51.708526611328125,51.708526611328125,50.91958605743591,51.009986083709805,13141700,VALE3.SA
2024-07-15,51.766056060791016,51.92219956451556,51.29761927967527,51.60990942209541,10198000,VALE3.SA
2024-07-16,51.22365951538086,51.23187627461232,50.43471582540397,51.19078620851285,22363900,VALE3.SA
2024-07-17,50.74700927734375,50.9688994107044,50.60730241650813,50.853845964140646,23145000,VALE3.SA
2024-07-18,50.27035140991211,50.8784950347935,50.17995452030891,50.70591487968146,20625500,VALE3.SA
2024-07-19,50.22926330566406,50.44293666935816,49.67042961827033,50.29500992063799,20553900,VALE3.SA
2024-07-22,50.17173767089844,50.352537731018565,49.90875747525345,50.22926439276007,13095200,VALE3.SA
2024-07-23,49.49784851074219,49.8019187617593,49.30883169876014,49.8019187617593,22512000,VALE3.SA
2024-07-24,49.801918029785156,49.92519136120866,49.48141113004931,49.52250119553346,17817300,VALE3.SA
2024-07-25,49.777259826660156,50.28678348656067,49.52249642922453,49.71973311352481,17959500,VALE3.SA
2024-07-26,50.51689529418945,50.73878539640791,50.138858563574196,50.50045864199132,72721200,VALE3.SA
2024-07-29,50.607295989990234,50.78809289664368,50.253915800435855,50.697692875831514,28005900,VALE3.SA
2024-07-30,49.48963165283203,50.22104548664318,49.47319499943535,50.155298873056466,28562300,VALE3.SA
2024-07-31,50.64838790893555,50.689477973999715,49.93340760994083,50.056680940104336,34433100,VALE3.SA
2024-08-01,49.514286041259766,50.84562364291748,49.48963262816443,50.82918698919688,40469400,VALE3.SA
2024-08-02,48.82395553588867,50.00736622605454,48.78286547473159,49.83478608821236,35296000,VALE3.SA
2024-08-05,48.57164764404297,48.88682578511456,47.6175930483839,47.96684538024531,24635900,VALE3.SA
2024-08-06,48.81867980957031,48.997564433885664,47.95832437920739,48.33313397243228,23930200,VALE3.SA
2024-08-07,48.7249755859375,49.057190804218806,48.571644985270204,48.81867798073346,19243400,VALE3.SA
2024-08-08,48.42683410644531,48.980528335249964,48.40128008802142,48.580164715976025,14584800,VALE3.SA
2024-08-09,48.605716705322266,48.69089892381358,48.128687833088215,48.65682473661972,21989300,VALE3.SA
2024-08-12,48.35868835449219,48.64831247439527,48.14572953837208,48.63979230203402,18421500,VALE3.SA
2024-08-13,48.14572525024414,48.54608882872928,48.14572525024414,48.54608882872928,26100900,VALE3.SA
2024-08-14,47.70277404785156,47.77943935040821,47.259819327467994,47.66869985793892,51693500,VALE3.SA
2024-08-15,47.8986930847168,48.009432570988,47.43870129512267,47.617589157404886,28153700,VALE3.SA
2024-08-16,47.77092361450195,47.779440537444906,47.302411615297345,47.66018411928144,44280200,VALE3.SA
2024-08-19,48.537574768066406,48.99756660770839,48.00943779449252,48.1457313118501,28349600,VALE3.SA
2024-08-20,48.7249755859375,49.057190804218806,48.392760367656194,48.878306186604796,19475800,VALE3.SA
2024-08-21,49.66199493408203,49.883473921068365,49.49162723243723,49.619403821044244,23200300,VALE3.SA
2024-08-22,49.730140686035156,49.730140686035156,49.27866581311524,49.61088427603522,17719100,VALE3.SA
2024-08-23,48.89534378051758,49.73014192073699,48.7675671954918,49.62791935291895,24018700,VALE3.SA
2024-08-26,49.44903564453125,49.87495326980627,49.44903564453125,49.832362157177485,17168700,VALE3.SA
2024-08-27,50.93974685668945,51.22937096914812,50.33494461433249,50.85456463222837,35232600,VALE3.SA
2024-08-28,50.573455810546875,50.68419529836787,49.98569068194647,50.573455810546875,21280300,VALE3.SA
2024-08-29,50.513832092285156,51.08456342683242,50.34346438423402,50.60753449418797,19175500,VALE3.SA
2024-08-30,50.752349853515625,50.88012320163844,50.326432194118524,50.36050313725496,36685200,VALE3.SA
2024-09-02,50.03680419921875,50.15606061473937,49.764213928679844,50.10494932973327,13155000,VALE3.SA
2024-09-03,48.17128372192383,49.36385439609002,48.10313859026804,49.36385439609002,29504400,VALE3.SA
2024-09-04,48.54609298706055,48.92941625517536,48.10313826110118,48.29905998132469,19501800,VALE3.SA
2024-09-05,48.89534378051758,49.09978241716658,48.324612483427586,48.46090599102476,16585500,VALE3.SA
2024-09-06,48.28202438354492,48.9975661554409,48.19684215454287,48.98052905974174,17917900,VALE3.SA
2024-09-09,48.28202438354492,48.84423554364221,48.273504210948474,48.64831381734249,10204400,VALE3.SA
2024-09-10,47.70277404785156,48.469427073418046,47.643145840251236,48.41831578854908,17580600,VALE3.SA
2024-09-11,49.05718994140625,49.108301223894244,48.307574045716244,48.33313131170697,25592400,VALE3.SA
2024-09-12,49.500144958496094,49.86643436160801,49.37236837620367,49.491624786613414,17929800,VALE3.SA
2024-09-13,49.832359313964844,50.258276914938904,49.43199572921134,49.49162393338823,15045100,VALE3.SA
2024-09-16,49.832359313964844,49.874950424163565,49.474590088903476,49.77273110978795,10548000,VALE3.SA
2024-09-17,49.593849182128906,49.87495312425338,49.32126216270788,49.72162251964236,12056600,VALE3.SA
2024-09-18,49.01460266113281,49.55125654647458,48.93793735615632,49.057193775121156,14429800,VALE3.SA
2024-09-19,49.60236740112305,50.130504358866716,49.551256115085785,49.891991523013516,19328400,VALE3.SA
2024-09-20,48.852752685546875,49.542740441731304,48.512020518518845,49.159413910517735,30842600,VALE3.SA
2024-09-23,49.006080627441406,49.28718781817699,48.21387358926934,48.63127428928755,18164700,VALE3.SA
2024-09-24,51.39973831176758,51.74047370624042,50.80345299618688,51.28899882113987,44910100,VALE3.SA
2024-09-25,51.629737854003906,52.174911923984496,51.467887067951445,51.7234402565619,21557700,VALE3.SA
2024-09-26,54.73041534423828,54.84115158817876,53.19711252924006,53.32488586828529,61449300,VALE3.SA
2024-09-27,54.48338317871094,55.403366831577294,53.810432534428365,55.113739459828686,37237900,VALE3.SA
2024-09-30,54.100059509277344,55.641882601622115,54.100059509277344,55.641882601622115,28980300,VALE3.SA
2024-10-01,54.3641242980957,54.730413708164306,53.79339625186863,54.09153728355538,18091500,VALE3.SA
2024-10-02,54.66226577758789,55.667431620499954,54.491901329224675,54.87522458753547,20310600,VALE3.SA
2024-10-03,53.61450958251953,54.34708841904178,53.18007503384594,54.20227798598179,26675400,VALE3.SA
2024-10-04,53.2226676940918,53.67413935086931,53.06933708433835,53.59747404599259,16268300,VALE3.SA
2024-10-07,53.69116973876953,54.295975179236585,53.18858685836336,53.58043350627684,22467400,VALE3.SA
2024-10-08,52.064170837402344,52.064170837402344,51.66381046981308,51.80010398315076,38028100,VALE3.SA
2024-10-09,51.927879333496094,52.01306481356209,51.32307704774968,51.68084631554542,22758400,VALE3.SA
2024-10-10,52.17490768432617,52.34527537972472,51.74899007057657,52.34527537972472,17192100,VALE3.SA
2024-10-11,52.924522399902344,53.043778809141706,51.94491061059023,51.95343078238929,20939400,VALE3.SA
2024-10-14,52.75415802001953,53.256740954430654,52.24305816276812,53.086373252182305,44954000,VALE3.SA
2024-10-15,52.10676193237305,52.13231920014161,51.59566206991323,52.047133723402524,25559300,VALE3.SA
2024-10-16,53.10341262817383,53.137486819985725,52.45601923121661,52.75416028583629,29731800,VALE3.SA
2024-10-17,51.757511138916016,52.234540074343855,51.655291813286404,51.97899013552293,20345200,VALE3.SA
2024-10-18,51.57862091064453,52.362310987428174,51.501955612366714,52.12379492084528,21823500,VALE3.SA
2024-10-21,51.3912239074707,52.285650299924015,51.34011262094714,52.26009303191538,19044900,VALE3.SA
2024-10-22,51.45936584472656,51.672324651110884,51.024931309479705,51.23789011586402,14814000,VALE3.SA
2024-10-23,50.556419372558594,51.02493134653918,50.38605492692221,51.016411174561256,18289900,VALE3.SA
2024-10-24,50.85456466674805,50.85456466674805,50.43716396782086,50.54790345929028,11331700,VALE3.SA
2024-10-25,52.58378982543945,53.21414934300832,51.55306994825315,51.59566106104305,38466000,VALE3.SA
2024-10-28,53.56340026855469,53.56340026855469,52.97563187912214,53.239701970714556,16572400,VALE3.SA
2024-10-29,53.37599563598633,54.04042607871229,53.36747871342292,53.87857855405927,14941700,VALE3.SA
2024-10-30,53.214149475097656,53.401551021737134,52.916005185841044,53.23970349293631,12263300,VALE3.SA
2024-10-31,52.864898681640625,53.316370340501734,52.64341968897741,53.10341152036065,16553300,VALE3.SA
2024-11-01,52.83934020996094,53.18859253705708,52.634901566998806,52.93304260860759,15236400,VALE3.SA
2024-11-04,53.38451385498047,53.55488155582777,52.9160051147706,53.15452119575427,12360000,VALE3.SA
2024-11-05,52.9160041809082,53.75932249799797,52.77971067253439,53.62302898962416,16368800,VALE3.SA
2024-11-06,52.3197135925293,52.498601444462295,51.740468677413865,52.2174942839199,19726800,VALE3.SA
2024-11-07,54.14265060424805,54.50894002809686,52.813786421250484,52.830823516486895,38173300,VALE3.SA
2024-11-08,51.64677429199219,52.85637883816675,50.8545672161761,52.8052708006907,48764700,VALE3.SA
2024-11-11,49.96013641357422,50.9993731611021,49.96013641357422,50.89715384566353,24483700,VALE3.SA
2024-11-12,48.82719802856445,49.90902922496611,48.724978704741204,49.90051230193655,26967600,VALE3.SA
2024-11-13,48.69090270996094,49.1679316192882,48.64831159740345,48.82719621984107,20354900,VALE3.SA
2024-11-14,48.41831588745117,48.84423351374843,48.41831588745117,48.690902908321924,17967600,VALE3.SA
2024-11-18,49.02312088012695,49.21904260924775,48.529058095712294,48.63127742188536,14300000,VALE3.SA
2024-11-19,49.13385772705078,49.3894076534372,48.94645293127038,49.23607704770662,12902100,VALE3.SA
2024-11-21,49.08274459838867,49.23607519836003,48.73349228723024,48.98052528157226,15428500,VALE3.SA
2024-11-22,49.559776306152344,49.636441610490245,48.76756924449193,48.92941677609698,12590500,VALE3.SA
2024-11-25,49.55125045776367,49.8834689048356,49.508659349008795,49.559770629210625,17444500,VALE3.SA
2024-11-26,48.9208984375,49.82384496807327,48.682385608459114,49.65347726897539,21406600,VALE3.SA
2024-11-27,49.51718521118164,49.76421497014693,49.06571030791332,49.2957062210137,22121200,VALE3.SA
2024-11-28,49.006080627441406,50.087911779025774,48.78460489341722,49.32126200787104,20467000,VALE3.SA
2024-11-29,50.07087326049805,50.43716266556036,49.53421941079665,49.61940163311619,31023600,VALE3.SA
2024-12-02,50.190128326416016,50.581974987267245,49.9942066207371,50.13050012249171,18972100,VALE3.SA
2024-12-03,49.80680847167969,50.56494132980653,49.80680847167969,50.51383004461495,15957500,VALE3.SA
2024-12-04,48.835716247558594,49.815324831456934,48.52053486667977,49.747179701465285,25109200,VALE3.SA
2024-12-05,49.23607635498047,49.23607635498047,48.44386931968296,48.94645224261908,14160000,VALE3.SA
2024-12-06,48.39276123046875,49.1168198858122,48.341649946170534,48.954972359774864,17897900,VALE3.SA
2024-12-09,50.965301513671875,51.271959455723845,49.72161965357191,49.832359139295164,40440600,VALE3.SA
2024-12-10,50.91419219970703,51.059002629370596,50.50531167834144,50.88863818258841,13089300,VALE3.SA
2024-12-11,50.121986389160156,50.76086282856167,49.78977116059034,50.68419752585375,30138500,VALE3.SA
2024-12-12,48.73874282836914,49.57239898781701,48.704364511207075,49.33175732467609,28841800,VALE3.SA
2024-12-13,48.00822830200195,48.73874961163468,47.87071829271236,48.54107917818697,18532800,VALE3.SA
2024-12-16,47.98244094848633,48.592641343021135,47.56131474697124,47.99962682908159,18958500,VALE3.SA
2024-12-17,48.22308349609375,48.4723213897187,47.82774266527296,48.02541308068336,22987600,VALE3.SA
2024-12-18,47.10581588745117,48.01681841591666,47.0628413482996,47.93087589460759,34658200,VALE3.SA
2024-12-19,46.21199417114258,47.41520572996632,46.06588796674809,47.28629196214413,29529900,VALE3.SA
2024-12-20,46.94252014160156,46.94252014160156,45.83384719995905,45.91119350143682,64919500,VALE3.SA
2024-12-23,47.14018630981445,47.4667737600827,46.75344172332202,46.985487163818796,18587900,VALE3.SA
2024-12-26,47.2776985168457,47.61288220123499,46.75344391802495,47.14018852267197,13155800,VALE3.SA
2024-12-27,47.045650482177734,47.33785961356381,46.805005546714874,47.03705426385941,16635300,VALE3.SA
2024-12-30,46.882362365722656,47.43240239723478,46.882362365722656,47.18316776192267,11250900,VALE3.SA
2025-01-02,46.62452697753906,47.355048208645535,46.607337818413434,47.019867801937934,17623900,VALE3.SA
2025-01-03,45.75649642944336,46.409668093404484,45.44709811759449,46.32372557500065,23608700,VALE3.SA
2025-01-06,45.172080993652344,46.229189773947944,45.1033243517646,45.962762704378626,21689500,VALE3.SA
2025-01-07,44.733760833740234,45.455689104190945,44.63922210046147,45.2322365988476,22070200,VALE3.SA
2025-01-08,44.30404281616211,44.94002858787973,44.20091114022031,44.716572798426164,24423800,VALE3.SA
2025-01-09,44.029022216796875,44.9056496463754,43.95167264129004,44.73376133652723,15865200,VALE3.SA
2025-01-10,44.278263092041016,44.957220158614604,44.02902518985623,44.29545225203621,25833900,VALE3.SA
2025-01-13,44.2696647644043,44.95721801747854,43.719624784742415,44.690790967987425,30845300,VALE3.SA
2025-01-14,44.56187438964844,45.060350175604825,44.372800193679566,44.64782018644967,21379000,VALE3.SA
2025-01-15,45.206451416015625,45.275208050876465,44.3727985285571,44.81111060105618,35137700,VALE3.SA
2025-01-16,45.2666130065918,45.78227794593527,44.69079092792967,44.940028818020835,220262800,VALE3.SA
2025-01-17,46.83079147338867,46.83079147338867,45.53303788579564,45.679144092453626,54658700,VALE3.SA
2025-01-20,46.658905029296875,46.83079334107456,46.203400511311486,46.598744611949215,12317600,VALE3.SA
2025-01-21,46.426856994628906,46.684687826903655,45.765089115409,46.65890572722525,28798700,VALE3.SA
2025-01-22,45.258018493652344,46.65890377088726,45.05175186938285,46.65030755235694,34645400,VALE3.SA
2025-01-23,44.9658088684082,45.54163419932667,44.55327890283067,45.50725588257103,25097300,VALE3.SA
2025-01-24,45.576011657714844,45.71352165354259,45.20645292920958,45.20645292920958,20520600,VALE3.SA
2025-01-27,46.37528610229492,46.39247526031391,45.180667487197304,45.45568745850769,24531300,VALE3.SA
2025-01-28,45.249427795410156,46.22059071365653,45.15488905787361,46.05729861695507,22932900,VALE3.SA
2025-01-29,45.37833786010742,45.988538216189106,45.23223493477659,45.37833786010742,19220300,VALE3.SA
2025-01-30,47.294883728027344,47.784763246285024,45.79086685795637,45.80805601560534,40562400,VALE3.SA
2025-01-31,46.55577087402344,47.44958748780768,46.409667937528255,47.26051329225492,25477600,VALE3.SA
2025-02-03,46.590152740478516,46.6503131634397,45.83384934368159,46.17762272081733,27216400,VALE3.SA
2025-02-04,46.426856994628906,47.01986823671053,46.24637573988627,46.521395731445594,32648700,VALE3.SA
2025-02-05,46.676090240478516,46.80500400453566,46.28934239131393,46.33231364599964,21674800,VALE3.SA
2025-02-06,47.380836486816406,47.81914859661049,47.2433264838911,47.61288523147107,32789000,VALE3.SA
2025-02-07,47.12300109863281,47.93946481814266,46.89095237634693,47.52693484913334,24395500,VALE3.SA
2025-02-10,47.61288070678711,47.61288070678711,47.13159410303698,47.157376201605054,15566300,VALE3.SA
2025-02-11,47.4066162109375,47.43239831066298,46.74484833050918,47.191756637233375,18198300,VALE3.SA
2025-02-12,47.088626861572266,47.518346026335294,47.01127728077504,47.27770106469001,35432600,VALE3.SA
2025-02-13,47.14878463745117,47.26910547227565,46.5213950855115,47.14018841867979,21749900,VALE3.SA
2025-02-14,47.84492874145508,47.96525285778013,47.26910665227858,47.45818412800672,49803200,VALE3.SA
2025-02-17,47.58709716796875,48.059787571457946,47.50974759077984,47.8191458995355,12391400,VALE3.SA
2025-02-18,47.90509033203125,48.102760739555,47.7074166460107,47.78476622099797,27608200,VALE3.SA
2025-02-19,47.862117767333984,47.89649608618804,47.02846484535321,47.52693735474928,26472500,VALE3.SA
2025-02-20,49.623966217041016,49.98492870995923,48.541072181292854,48.816092160229616,76934000,VALE3.SA
2025-02-21,49.98493194580078,49.98493194580078,49.469270271536494,49.76147942788545,37134700,VALE3.SA
2025-02-24,49.52942657470703,50.337297338181074,49.4005095276063,49.93336031719571,19081700,VALE3.SA
2025-02-25,49.04814147949219,49.366132719292224,48.893442329644216,49.2458118868542,19554800,VALE3.SA
2025-02-26,48.74734115600586,49.58099407302571,48.74734115600586,49.305974080823724,25399100,VALE3.SA
2025-02-27,48.38637161254883,48.97938608849701,48.13713373942558,48.51528865823234,18658000,VALE3.SA
2025-02-28,47.39802551269531,48.24886762885452,47.39802551269531,48.07697930606064,46789400,VALE3.SA
2025-03-05,47.77617645263672,48.317623513493075,47.60428813253186,48.257463093230925,13843400,VALE3.SA
2025-03-06,48.30043411254883,48.57545411194508,47.74179789462063,47.81914747435689,17678400,VALE3.SA
2025-03-07,49.00517272949219,49.28878566639428,47.741797367254485,48.111356102079164,25480600,VALE3.SA
2025-03-10,48.212066650390625,48.7121340476796,47.55125892424693,48.426380275956284,23626600,VALE3.SA
2025-03-11,48.61391067504883,48.86394780650707,47.694140838251265,48.2924402028094,23060100,VALE3.SA
2025-03-12,48.00667953491211,48.667487283100286,47.46196373132977,48.667487283100286,18825700,VALE3.SA
2025-03-13,48.66748809814453,49.256855707662076,47.95310363304051,48.11384056349565,20584600,VALE3.SA
2025-03-14,50.265926361083984,50.37308318068646,49.25685637433686,49.29257644968898,31789300,VALE3.SA
2025-03-17,50.98923873901367,51.11425900173479,50.13197737622054,50.26592595448053,23191800,VALE3.SA
2025-03-18,51.36429214477539,51.40001221944252,50.56060749703391,51.07853836034593,18165300,VALE3.SA
2025-03-19,51.274993896484375,51.39108244031422,50.765994735824066,51.212485466680754,23211900,VALE3.SA
2025-03-20,51.1142578125,51.337503166770006,50.70348377173833,50.935660847793244,17283200,VALE3.SA
2025-03-21,51.301780700683594,51.301780700683594,50.74813320171387,50.85529001296042,30524100,VALE3.SA
2025-03-24,51.03388977050781,52.00723965942807,50.864221119729855,51.748274228785576,18646500,VALE3.SA
2025-03-25,51.20355224609375,51.56967447406708,50.99816693834809,51.18569220979583,15615800,VALE3.SA
2025-03-26,51.51609802246094,51.8286435701827,51.24820427188075,51.257135993890614,29401600,VALE3.SA
2025-03-27,51.9268684387207,52.19476217054849,51.4446576775585,51.79291986958,15345300,VALE3.SA
2025-03-28,51.40000915527344,52.1322536100285,51.40000915527344,51.88221650871812,31146000,VALE3.SA
2025-03-31,50.63204574584961,50.91779951955305,50.03374644022113,50.64990578251279,20469300,VALE3.SA
2025-04-01,51.06960678100586,51.73041453837717,50.855293145312444,50.98923831600737,12354800,VALE3.SA
2025-04-02,50.837432861328125,51.16783503518416,50.54274735561186,51.08746657057552,13197700,VALE3.SA
2025-04-03,48.99789047241211,50.399871055357146,48.89966196935354,50.00696044957672,32351100,VALE3.SA
2025-04-04,47.042259216308594,47.79236370930146,46.07783769398049,47.52446997747264,45819600,VALE3.SA
2025-04-07,46.47968292236328,47.756646644509274,45.69385830724563,46.17606909878059,35942800,VALE3.SA
2025-04-08,43.934688568115234,47.15835218777055,43.77395163259834,46.74757812675297,46815300,VALE3.SA
2025-04-09,46.30108642578125,46.48861511758988,43.55070535454985,43.89003925646836,56491900,VALE3.SA
2025-04-10,47.131561279296875,47.54233534773785,45.95282600184051,46.52433360224918,38010400,VALE3.SA
2025-04-11,47.917381286621094,48.35494366688469,46.93510311947526,46.93510311947526,22129900,VALE3.SA
2025-04-14,48.5424690246582,49.00681975737314,48.39066041662944,48.578189097894814,19994800,VALE3.SA
2025-04-15,48.05133056640625,48.80143508188145,47.801293456945366,48.560329694072955,17471900,VALE3.SA
2025-04-16,46.93510818481445,47.899526419454745,46.81008791520835,47.792369594817835,23105900,VALE3.SA
2025-04-17,47.22085952758789,47.61377013508567,46.935105739143346,47.13155933966531,23172400,VALE3.SA
2025-04-22,48.06026077270508,48.47996313908495,47.11369922107633,47.4708931592448,16780900,VALE3.SA
2025-04-23,48.63176727294922,49.42652019101877,48.57819056792668,49.02468127753463,18377400,VALE3.SA
2025-04-24,49.390804290771484,49.71227474526423,48.49782285767714,48.622839713277735,19621700,VALE3.SA
2025-04-25,48.08705139160156,48.774647540779405,47.89952609813143,48.66749071686133,26162200,VALE3.SA
2025-04-28,48.256717681884766,48.38173453805509,47.890595428905726,48.13170082571444,12001900,VALE3.SA
2025-04-29,48.07811737060547,48.524608058145844,48.07811737060547,48.408519525578335,11816200,VALE3.SA
2025-04-30,47.202999114990234,47.551261328986826,46.62255982069337,46.97082203468996,18774400,VALE3.SA
2025-05-02,47.149417877197266,47.828085658001726,46.92617252417412,47.56018850921095,17135800,VALE3.SA
2025-05-05,47.29229736328125,47.39945759126229,47.086912035998495,47.238720655744665,12201600,VALE3.SA
2025-05-06,47.3280143737793,47.845945222778816,47.256574226419204,47.319086058586144,12065000,VALE3.SA
2025-05-07,47.23871994018555,47.819155837247855,47.02440289392381,47.819155837247855,11240100,VALE3.SA
2025-05-08,47.09584426879883,47.59591171231594,47.033332431905215,47.23872116786857,15414600,VALE3.SA
2025-05-09,47.28336715698242,47.399455696093355,46.89045314966966,47.32801554696238,15558800,VALE3.SA
2025-05-12,48.471031188964844,49.2925758803044,48.471031188964844,48.72106830708758,26482400,VALE3.SA
2025-05-13,49.265785217285156,49.49796230310525,48.33708709336652,48.658560962068854,21187200,VALE3.SA
2025-05-14,49.024681091308594,49.73013382090454,48.97110098003581,49.560468578221375,16297800,VALE3.SA
2025-05-15,49.51581954956055,49.69441651171069,48.97110034790677,49.11397723633614,13955400,VALE3.SA
2025-05-16,49.55154037475586,49.7122738960295,48.944312738108664,49.29257494603348,18163800,VALE3.SA
2025-05-19,49.4175910949707,49.53367963144187,48.99788874450445,49.11397728097562,14475200,VALE3.SA
2025-05-20,49.42652130126953,49.58725823285528,49.19434762589782,49.40866467016343,10499200,VALE3.SA
2025-05-21,48.79250717163086,49.381874807938544,48.61391019562314,49.24792963077324,14486300,VALE3.SA
2025-05-22,48.42638397216797,48.79250623303661,48.19421029234192,48.774646195134004,18476000,VALE3.SA
2025-05-23,48.506752014160156,48.61390883418225,47.85487596547377,48.22099822313198,14747300,VALE3.SA
2025-05-26,48.22992706298828,48.30136721474875,48.042401774297936,48.16741863342483,7194500,VALE3.SA
2025-05-27,48.07811737060547,48.408519525578335,47.88166037802255,48.22099425436024,17943000,VALE3.SA
2025-05-28,47.69413757324219,48.033471467128074,47.49768057049976,47.988823077355825,17700600,VALE3.SA
2025-05-29,47.7298583984375,48.11384068813572,47.622701580007764,47.97989211025816,10246100,VALE3.SA
2025-05-30,46.524330139160156,47.67627697661782,46.479681749911805,47.64055690263764,28286100,VALE3.SA
2025-06-02,46.93510818481445,47.104773441027405,46.66721101354111,46.95296822332961,19267700,VALE3.SA
2025-06-03,46.90830993652344,47.00653843154505,46.31894237284728,46.37252248098278,12824900,VALE3.SA
2025-06-04,47.12263107299805,47.62270190652184,46.98868249420211,46.98868249420211,11714700,VALE3.SA
2025-06-05,47.24764633178711,47.91738239020771,47.211926257789116,47.328014795055736,12594000,VALE3.SA
2025-06-06,47.31015396118164,47.74771634415261,47.06904857543687,47.46196256988925,16638900,VALE3.SA
2025-06-09,47.586978912353516,47.586978912353516,46.98867961193927,47.22978499511036,13029200,VALE3.SA
2025-06-10,47.9084587097168,48.1049123228037,47.42624788345481,47.595913141678516,18890600,VALE3.SA
2025-06-11,47.48875045776367,48.05132968567197,47.31908522046914,48.05132968567197,13639700,VALE3.SA
2025-06-12,47.176212310791016,47.36373760041404,46.85473843917785,47.23872074066536,11136800,VALE3.SA
2025-06-13,46.55112075805664,46.89045123319851,46.39931215058483,46.49754064839829,13264900,VALE3.SA
2025-06-16,48.06919479370117,48.2656484032811,46.71186253277961,46.71186253277961,41210000,VALE3.SA
2025-06-17,45.90817642211914,48.122770019662035,45.88138806855959,47.890596340420096,43657300,VALE3.SA
2025-06-18,45.75636672973633,48.12276530768066,45.61348984731876,47.8905916511722,20499000,VALE3.SA
2025-06-20,44.577632904052734,45.79208823620966,44.577632904052734,45.75637156666982,39947200,VALE3.SA
2025-06-23,45.14020919799805,45.14020919799805,44.49726490482993,44.66693014491738,17288800,VALE3.SA
2025-06-24,45.131282806396484,45.318808091294294,44.77408886772592,45.309879775731766,18576300,VALE3.SA
2025-06-25,45.077701568603516,45.184858384948704,44.39903718981229,44.87231625125283,23319900,VALE3.SA
2025-06-26,46.435035705566406,46.70292946103851,45.399177353008085,45.399177353008085,40488400,VALE3.SA
2025-06-27,47.21192932128906,47.40838633457206,46.35466792843339,46.604701649736135,26016900,VALE3.SA
2025-06-30,47.01547622680664,47.35480673614276,46.827947527332036,47.14049308882037,19961900,VALE3.SA
2025-07-01,47.64949035644531,47.962032498998596,46.88152577022426,46.97082255196695,21844300,VALE3.SA
2025-07-02,49.38187026977539,49.73906418896493,48.04239818249511,48.05132990402437,63100200,VALE3.SA
2025-07-03,49.14970016479492,49.89980472423053,48.95324315437367,49.56047081708125,18256300,VALE3.SA
2025-07-04,49.29257583618164,49.29257583618164,48.89073350960644,49.140767221051526,5449600,VALE3.SA
2025-07-07,48.56925964355469,49.27471579386669,48.399594397441376,49.15862725365557,13174500,VALE3.SA
2025-07-08,48.73892593383789,49.64083563950043,48.542468937841555,48.685345824078794,26632000,VALE3.SA
2025-07-09,48.256717681884766,48.84608529415477,47.99775224755832,48.84608529415477,12209400,VALE3.SA
2025-07-10,49.364013671875,51.0070996829879,49.292576926933,49.41759378542193,46597200,VALE3.SA
2025-07-11,50.0069580078125,50.20341500433694,49.1229049299062,49.29257357470591,18313200,VALE3.SA
2025-07-14,49.43545150756836,49.92659060282014,48.997889116899906,49.88194221351611,15141300,VALE3.SA
2025-07-15,48.140628814697266,49.43545257109256,47.79236660159831,49.05147028320043,25029100,VALE3.SA
2025-07-16,48.578189849853516,48.685346664768396,48.14062746206602,48.310292702885725,26394100,VALE3.SA
2025-07-17,48.4888916015625,48.926454006822055,48.32815466954502,48.57819178960214,20252800,VALE3.SA
2025-07-18,48.721065521240234,48.91751910926675,48.19420636859644,48.26564310793691,23714000,VALE3.SA
2025-07-21,50.051605224609375,50.73920128989661,49.417589267971096,49.51581776393407,40484000,VALE3.SA
2025-07-22,51.346431732177734,51.766134090314665,50.819572557276366,50.855292631682445,40945900,VALE3.SA
2025-07-23,51.274993896484375,51.70362799578626,50.89994331766265,51.301785656724455,17914800,VALE3.SA
2025-07-24,50.48023986816406,51.15890767226247,50.26592622952005,50.8463621234303,21651200,VALE3.SA
2025-07-25,49.73906707763672,50.25699454344194,49.35508478446639,50.16769776168534,21918900,VALE3.SA
2025-07-28,49.25685501098633,49.399731901986314,48.79250426362291,49.06039800844117,19175100,VALE3.SA
2025-07-29,48.953243255615234,49.73906789247151,48.9085948640055,49.605119311188375,14648700,VALE3.SA
2025-07-30,48.07811737060547,48.83715017684266,47.62269836815388,48.5067480218698,35607800,VALE3.SA
2025-07-31,47.73878479003906,47.88166167767194,46.76543492852333,47.33694247905482,20790000,VALE3.SA
2025-08-01,47.99774932861328,49.02467928148135,47.83701240718256,48.435311705053266,40510900,VALE3.SA
2025-08-04,48.38173294067383,48.57818994042885,48.051330773638895,48.56925821873794,16198100,VALE3.SA
2025-08-05,48.3192253112793,49.08718987957881,48.3192253112793,48.372802016493075,21037600,VALE3.SA
2025-08-06,48.01560974121094,48.765714244946246,47.97988966806791,48.67641406208867,17954300,VALE3.SA
2025-08-07,48.36387252807617,48.65855802541971,48.131698862722175,48.31029241770815,20298800,VALE3.SA
2025-08-08,49.46223831176758,49.739063767114324,48.39065996974097,48.39959169119448,24205600,VALE3.SA
2025-08-11,49.40866470336914,49.99803231742833,49.38187294378427,49.54260987547804,22304000,VALE3.SA
2025-08-12,49.92658996582031,50.158763631111256,49.739064689263735,49.96231003938929,25851300,VALE3.SA
2025-08-13,49.996273040771484,50.37524261481594,49.8576241736386,50.1903786339678,19720000,VALE3.SA
2025-08-14,49.37697982788086,49.552602198493716,49.062715640441446,49.49714194577589,42823200,VALE3.SA
2025-08-15,49.284549713134766,49.52487394947972,48.98876874993114,49.41395344378795,34201900,VALE3.SA
2025-08-18,49.17362976074219,49.645029540479484,49.01649415017176,49.08119601158694,12733400,VALE3.SA
2025-08-19,49.21060562133789,49.617303559171795,48.98876813870938,49.46016794106261,17724400,VALE3.SA
2025-08-20,48.988765716552734,49.23833154992531,48.859361993912216,48.89633549352008,9687300,VALE3.SA
2025-08-21,49.40471267700195,49.478656156075,48.9425544733368,49.00725633977094,10813800,VALE3.SA
2025-08-22,50.64329528808594,50.73572551565758,49.2753074693001,49.3862244475835,20706700,VALE3.SA
2025-08-25,50.76345443725586,51.207129407245326,50.59708073099382,50.99453353471457,10397400,VALE3.SA
2025-08-26,51.216373443603516,51.216373443603516,50.541622870208926,50.671026606752086,18891500,VALE3.SA
2025-08-27,51.18864059448242,51.32728593178077,50.94831636825264,51.04075011910527,8789100,VALE3.SA
2025-08-28,51.20712661743164,51.937333845868494,51.14242475574719,51.76171501072315,22059500,VALE3.SA
2025-08-29,51.355018615722656,51.60458445791093,51.25334325120294,51.29031675211686,13885400,VALE3.SA
2025-09-01,51.391990661621094,51.391990661621094,50.66178338207478,50.966805961938476,7765400,VALE3.SA
2025-09-02,51.19788360595703,51.355019223707934,50.87437428409805,50.93907614846985,9578500,VALE3.SA
2025-09-03,51.391990661621094,51.59534139885506,51.05923971794813,51.19788506298172,11832100,VALE3.SA
2025-09-04,51.4936637878418,51.90960685680399,51.345773310653804,51.6230675146329,8442100,VALE3.SA
2025-09-05,51.96506881713867,52.38100837379411,51.78020483307669,51.94658206613375,14014700,VALE3.SA
2025-09-08,52.0944709777832,52.3347916816282,51.97430886286715,51.97430886286715,9701900,VALE3.SA
2025-09-09,51.93733596801758,53.166678442226704,51.80793223936128,52.44571279629182,24300300,VALE3.SA
2025-09-10,52.297821044921875,52.73224733398892,52.02052331770354,52.1961456817401,13463700,VALE3.SA
2025-09-11,52.70452117919922,52.93560027756857,52.048257386067206,52.177661116996084,14107200,VALE3.SA
2025-09-12,52.68603515625,53.08349149301648,52.40874093957245,52.40874093957245,12303800,VALE3.SA
2025-09-15,53.148189544677734,53.194404656475704,52.66754462480743,53.129702794761144,12457500,VALE3.SA
2025-09-16,53.33305358886719,53.665808035834836,52.86165028033402,53.397755450667894,15618500,VALE3.SA
2025-09-17,53.42548751831055,53.628838255781694,53.01878956935552,53.18516680437968,23116700,VALE3.SA
2025-09-18,53.32381057739258,53.68429692664131,53.05576150752319,53.46245944448726,17700400,VALE3.SA
2025-09-19,53.53640365600586,53.78596950460929,53.19440757872879,53.58262229632988,25374600,VALE3.SA
2025-09-22,53.6103515625,54.017049511894584,53.434732714667916,53.44397432729602,21947300,VALE3.SA
2025-09-23,53.30532455444336,53.97083348400394,53.296082941971555,53.61035065582103,17652400,VALE3.SA
2025-09-24,53.50867462158203,53.73975371635548,53.3053238898655,53.56413487368304,13005700,VALE3.SA
2025-09-25,53.8044548034668,54.11872250885776,53.64732271376487,53.78596805303355,13631100,VALE3.SA
2025-09-26,52.769222259521484,53.5548897718926,52.260848955870344,53.370029316737394,29037000,VALE3.SA
2025-09-29,52.94483947753906,53.37926929099375,52.80619414042742,53.148190203153945,15580200,VALE3.SA
2025-09-30,53.222137451171875,53.4069979015135,52.7692208854659,53.30532253823336,18280700,VALE3.SA
2025-10-01,53.896888732910156,54.22963966384172,53.38851190929152,53.38851190929152,18278300,VALE3.SA
2025-10-02,54.25736999511719,54.405260468837284,53.68429485020019,53.9431022977136,14824500,VALE3.SA
2025-10-03,54.155696868896484,54.64558342219459,54.07250825362066,54.257372234898845,19240200,VALE3.SA
2025-10-06,55.080013275146484,55.431254487141146,54.349802488047935,54.35904762640912,26102900,VALE3.SA
2025-10-07,54.303585052490234,55.10773928216138,54.303585052490234,54.996822308479466,26072300,VALE3.SA
2025-10-08,54.71953201293945,54.89515086095685,54.432992657344165,54.64558500788753,24609500,VALE3.SA
2025-10-09,54.63634490966797,55.810227202500506,54.63634490966797,55.32958223430225,18184600,VALE3.SA
2025-10-10,54.41450500488281,55.27411953144469,54.41450500488281,55.061527184422225,22970400,VALE3.SA
2025-10-13,55.227901458740234,55.514440794241324,55.04303748506169,55.153954458874004,23294500,VALE3.SA
2025-10-14,55.227901458740234,55.57914265613076,54.73801492558106,54.811958399460266,19329000,VALE3.SA
2025-10-15,56.2538948059082,56.36481178295993,54.959850478351825,54.987582367105105,45104600,VALE3.SA
2025-10-16,55.73627853393555,56.3185988565462,55.52368618383676,56.02281788893161,21358500,VALE3.SA
2025-10-17,55.57914352416992,55.736275612359215,55.27411743393835,55.36655118521477,17325300,VALE3.SA
2025-10-20,56.290870666503906,56.70681022937991,55.58838822175985,55.58838822175985,17798400,VALE3.SA
2025-10-21,56.19843292236328,56.429512008002916,55.98584058669325,56.05978758657171,13432700,VALE3.SA
2025-10-22,57.19669723510742,57.529451688231404,56.54967507914269,56.57740344157399,25267300,VALE3.SA
2025-10-23,57.085777282714844,57.80674644675001,57.002588668633365,57.51096549134634,11217700,VALE3.SA
2025-10-24,57.058048248291016,57.427776201186475,56.68832382138264,57.298372475469186,11127600,VALE3.SA
2025-10-27,56.99334716796875,57.45550535244011,56.75302646347798,57.36307512594069,12018100,VALE3.SA
2025-10-28,57.49247741699219,57.80674511562025,56.91940226984231,56.99334574399695,15797400,VALE3.SA
2025-10-29,58.536956787109375,58.86970771497023,57.96387810504364,58.06555346882908,30844900,VALE3.SA
2025-10-30,58.980628967285156,59.1562478086116,58.16722957264035,58.33360680168104,25586000,VALE3.SA
2025-10-31,60.32088851928711,60.58894111388402,59.036085798077266,59.41505537023639,38988400,VALE3.SA
2025-11-03,60.404075622558594,60.44104912497485,59.75705696021042,60.17299652143789,16985400,VALE3.SA
2025-11-04,59.72932815551758,60.08981098644713,59.183977813871294,59.94191697787374,22055700,VALE3.SA
2025-11-05,60.75532150268555,61.16201593290066,59.61840920109808,59.72932971041565,22505400,VALE3.SA
2025-11-06,60.542720794677734,61.051097606873064,60.320886845707996,60.78304501971317,15939100,VALE3.SA
2025-11-07,59.87721252441406,59.951159525505005,59.17473011799846,59.94191438737509,20800300,VALE3.SA
2025-11-10,60.2746696472168,60.579695741819734,59.997378967374885,60.13602078130871,12689400,VALE3.SA
2025-11-11,60.11753845214844,60.690617148849135,59.85873099298501,60.27467054492989,25496500,VALE3.SA
2025-11-12,60.78304672241211,60.95866203811116,60.320888535460625,60.320888535460625,26550300,VALE3.SA
2025-11-13,60.69985580444336,61.420821462294576,60.3671013389775,60.78304794679704,19058500,VALE3.SA
2025-11-14,60.33012771606445,60.579697090650626,59.72008256524994,59.94191652445755,16374400,VALE3.SA
2025-11-17,60.28391647338867,60.79228625998674,59.997380647270234,60.63515416514594,20150800,VALE3.SA
2025-11-18,60.09904861450195,60.34861798907195,59.43354673692228,59.57218855393403,22468700,VALE3.SA
2025-11-19,60.03434753417969,60.320890414357464,59.80326843350621,60.09904940028928,16523800,VALE3.SA
2025-11-21,60.228458404541016,60.330126718016174,59.27640661424385,59.664624851402834,20272600,VALE3.SA
2025-11-24,60.16374969482422,60.561206019679375,59.87721387410573,60.089809744040764,20462800,VALE3.SA
2025-11-25,60.635154724121094,60.92169760485554,60.22846030148836,60.22846030148836,18275300,VALE3.SA
2025-11-26,61.540985107421875,61.827520923163725,60.93093292322725,60.99563478652297,33408500,VALE3.SA
2025-11-27,61.309906005859375,61.605686959726185,61.13428364038483,61.46703809498176,9739100,VALE3.SA
2025-11-28,62.29892349243164,62.67788952946496,61.966169041782116,62.576214166656825,46007200,VALE3.SA
2025-12-01,62.77956771850586,62.97367331479404,62.391356525929496,62.66865426461229,15657000,VALE3.SA
2025-12-02,63.29719161987305,63.519025586384416,62.631682668364306,62.94594686659085,22567200,VALE3.SA
2025-12-03,65.33992767333984,65.7188937250973,63.61145349041851,63.648426992146575,42361200,VALE3.SA
2025-12-04,66.47683715820312,66.91126701649434,65.33993187779942,65.34916996484507,38019900,VALE3.SA
2025-12-05,64.90550231933594,66.85581059515802,64.6282045632383,66.51381096956757,40196800,VALE3.SA
2025-12-08,64.46182250976562,65.49705939637482,64.23074341425259,65.09035793164009,20860900,VALE3.SA
2025-12-09,64.49879455566406,65.09960160083372,63.68539869652578,63.87025914797451,23081300,VALE3.SA
2025-12-10,65.68191528320312,65.94996786158961,64.93322132245133,64.93322132245133,24454800,VALE3.SA
2025-12-11,66.55078125,66.89278085902333,65.13657827675343,65.38614060357213,25687700,VALE3.SA
2025-12-12,66.73731231689453,67.09721595538872,65.87160517944477,65.90078515153705,36483700,VALE3.SA
2025-12-15,67.1458511352539,67.4960256654397,66.63031847168956,66.77622576279249,16841700,VALE3.SA
2025-12-16,67.39875793457031,68.11855785134482,67.36957796000765,67.4376670410383,21953000,VALE3.SA
2025-12-17,68.25473022460938,68.83835192982464,67.54465949996245,67.73919759465001,29375000,VALE3.SA
2025-12-18,68.42981719970703,69.17880444562543,68.3909080966974,68.67299352765279,18430200,VALE3.SA
2025-12-19,68.91617584228516,68.99399405506442,68.45900311864852,68.57573043781741,37147100,VALE3.SA
2025-12-22,70.92967224121094,71.36739410078732,68.87726336190397,69.0912597259876,27853000,VALE3.SA
2025-12-23,70.91022491455078,71.52302664295073,70.5989594844051,71.23121947658785,17140900,VALE3.SA
2025-12-26,71.12422180175781,71.34793988879946,70.6378690998285,70.87131631883165,16368800,VALE3.SA
2025-12-29,70.1515121459961,71.72729005520061,69.74297026106082,71.19230656819585,19963700,VALE3.SA
2025-12-30,69.99588012695312,70.85185821263912,69.9472493093439,70.52114193674451,17085400,VALE3.SA
2026-01-02,70.40441131591797,70.5697768672664,69.69434055865366,70.35578050058852,28418900,VALE3.SA
2026-01-05,71.12422180175781,71.4938471836089,70.32660366743987,70.42387272359508,24958100,VALE3.SA
2026-01-06,73.79915618896484,73.9158760792331,70.89076190390179,71.44520364613423,39536600,VALE3.SA
2026-01-07,74.23686981201172,75.22902597426004,73.5559790556798,74.02287345397806,41501600,VALE3.SA
2026-01-08,73.51707458496094,73.73107095647953,72.16501469707872,73.73107095647953,31894900,VALE3.SA
2026-01-09,72.68054962158203,73.6435259021957,72.17473865115127,72.85563689270755,24801200,VALE3.SA
2026-01-12,72.69999694824219,73.41007513044943,72.47627886999611,72.95290242122528,13129800,VALE3.SA
2026-01-13,73.29335021972656,73.97424845069018,72.25255574121458,72.4373721415145,24539200,VALE3.SA
2026-01-14,76.76590728759766,76.93126542215286,73.5754348086713,73.76997291742413,44225300,VALE3.SA
2026-01-15,76.69781494140625,77.46625305421793,76.36709868637868,76.74645317709987,35503900,VALE3.SA
2026-01-16,76.72699737548828,76.72699737548828,75.45275570789285,76.2503738192443,45910100,VALE3.SA
2026-01-19,76.42546081542969,76.50327902630127,75.74457002318589,76.37682257834668,10678500,VALE3.SA
2026-01-20,77.89424896240234,78.0206979907569,75.29712736717866,75.70566184754242,31198500,VALE3.SA
2026-01-21,80.2481918334961,80.54000640862452,78.30278112238103,78.77940466868141,83134600,VALE3.SA
2026-01-22,80.71509552001953,82.0963353755021,79.83965919571611,80.24819367334001,62515300,VALE3.SA
2026-01-23,82.69940948486328,83.39975855721748,81.40571694853739,81.46407689751584,25432600,VALE3.SA
2026-01-26,80.8026351928711,83.78884039684876,79.93692800293691,83.22466949835254,35741300,VALE3.SA
2026-01-27,82.58268737792969,83.77911082690436,81.07499108632085,81.30843829714344,30922500,VALE3.SA
2026-01-28,84.59618377685547,85.10198728338366,82.67995308847922,82.96203852484882,28473800,VALE3.SA
2026-01-29,85.02417755126953,87.05712815496966,84.4405484088391,85.59807014119922,42013200,VALE3.SA
2026-01-30,82.01851654052734,85.50080354785878,81.70725111882557,83.33166730642073,41681400,VALE3.SA
2026-02-02,82.50486755371094,83.50675287759827,81.74615856751093,82.11578392918064,22289400,VALE3.SA
2026-02-03,86.56105041503906,86.57077954684361,84.06119786429656,84.06119786429656,37709700,VALE3.SA
2026-02-04,86.98904418945312,87.14467319440085,85.1603607096862,86.09415700283229,51744400,VALE3.SA
2026-02-05,84.09037780761719,86.50269043469063,83.8861105667157,85.58834499538126,57049000,VALE3.SA
2026-02-06,83.29275512695312,85.17007671950444,82.87449153624523,84.05147152168001,28889600,VALE3.SA
2026-02-09,84.9269027709961,85.28680642650686,82.32005210431089,84.28492109115467,26531100,VALE3.SA
2026-02-10,84.67400360107422,85.34516524551742,83.8958363533932,84.35300905481934,14177200,VALE3.SA
2026-02-11,87.63101959228516,87.85474508342786,86.06497083889711,86.2303289638728,28395300,VALE3.SA
2026-02-12,86.79450225830078,89.119267467514,86.64859497054056,87.39757483001871,51472200,VALE3.SA
2026-02-13,84.65454864501953,85.73425221830468,83.67211412620583,85.17981044454905,28644800,VALE3.SA
2026-02-18,81.62943267822266,82.82586354582905,81.2792581521502,82.77722530898171,20898700,VALE3.SA
2026-02-19,81.18199157714844,82.04769878714946,80.08283714969237,80.7637279594168,28410900,VALE3.SA
2026-02-20,84.4405517578125,84.4405517578125,81.14308110960346,81.51271390395634,40577200,VALE3.SA
2026-02-23,85.00472259521484,85.90933889578776,84.06119718888951,84.4405516935343,21193900,VALE3.SA
2026-02-24,85.33544158935547,86.28868865381735,85.0144470504202,85.0144470504202,19760700,VALE3.SA
2026-02-25,87.5143051147461,87.86447964879457,86.09415613606198,86.59995967349136,28707500,VALE3.SA
2026-02-26,86.7750473022461,86.94040543813797,84.66427837848772,86.51242011119153,24503100,VALE3.SA
2026-02-27,86.05524444580078,87.05712977990574,85.85097721059859,86.70695525637254,17328300,VALE3.SA
2026-03-02,85.75370788574219,86.72641324331465,84.90745155303908,85.52025325669469,13952600,VALE3.SA
2026-03-03,82.17415618896484,82.98149603807671,80.29683445340352,82.92313608832613,36088800,VALE3.SA
2026-03-04,81.79479217529297,83.29275935713433,81.2987177727021,83.0593121429061,17605800,VALE3.SA
2026-03-05,79.07122039794922,81.99906563883562,78.35142050225312,81.8337000859009,37872100,VALE3.SA
2026-03-06,76.7075424194336,78.9836693147015,76.26009886107715,78.69186217028782,29504600,VALE3.SA
2026-03-09,77.09662628173828,77.91369519411445,74.46059573659228,75.59865918789595,30576600,VALE3.SA
2026-03-10,78.36114501953125,78.7794086403539,77.49543780313256,77.97206879461525,17172800,VALE3.SA
2026-03-11,77.67052459716797,78.73077734068518,76.64918838128798,77.6121646480186,20865000,VALE3.SA
2026-03-12,77.0771713256836,77.59270398362864,75.54030248345678,77.59270398362864,29136500,VALE3.SA
2026-03-13,76.16283416748047,78.29305390175858,75.89047042750848,77.13553954677829,14416400,VALE3.SA
2026-03-16,76.6880874633789,78.01096735431524,76.65890748979477,77.22307838293146,13591400,VALE3.SA
2026-03-17,76.80481719970703,77.53434624691681,76.48382263785795,76.94099536149393,14222300,VALE3.SA
2026-03-18,75.02476501464844,76.52273222486589,74.9469542225338,76.50328138212555,19412200,VALE3.SA
2026-03-19,74.53840637207031,74.6162245791354,72.0385539840375,72.14555216346383,27262900,VALE3.SA
2026-03-20,73.4878921508789,74.60649736630313,72.67081579799151,74.12987382279132,44208900,VALE3.SA
2026-03-23,75.37493896484375,76.27955527885045,73.89643003006076,74.47032265083705,23384500,VALE3.SA
2026-03-24,75.9682846069336,76.26982830489568,74.47031751178076,74.87885938947896,15700300,VALE3.SA
2026-03-25,77.37871551513672,78.05960630887125,76.84372459066454,77.03826269711638,18658300,VALE3.SA
2026-03-26,76.75618743896484,77.4176199932311,75.88075108603401,75.9974709856559,13518900,VALE3.SA
2026-03-27,76.8437271118164,77.73861430470001,76.0363798433623,76.32819443376722,11101700,VALE3.SA
2026-03-30,77.330078125,78.8474961511744,77.12581088464215,78.0596071639151,18776700,VALE3.SA
2026-03-31,80.22874450683594,80.48164256713127,78.39032447682295,78.53623177077995,24956400,VALE3.SA
2026-04-01,80.73454284667969,81.74615728614027,80.32600838684544,81.03607912591647,28514000,VALE3.SA
2026-04-02,81.26953887939453,81.48352783294365,79.13931168541612,79.28521897918165,14019800,VALE3.SA
2026-04-06,80.82208251953125,81.92124429485193,80.54000450370579,81.74615703814659,8680700,VALE3.SA
2026-04-07,81.40571594238281,81.41543765299025,80.34546321507516,80.78318509046301,15312500,VALE3.SA
2026-04-08,83.25384521484375,84.35300698176675,82.41732546270126,84.13901062285599,24942400,VALE3.SA
2026-04-09,82.37841796875,83.20521602702604,81.96015437392997,83.03012876823735,17973100,VALE3.SA
2026-04-10,83.25384521484375,84.0320124434006,82.27141817970276,82.6799526351764,24002400,VALE3.SA
2026-04-13,84.97554016113281,84.97554016113281,82.60213672701688,82.78695311870217,24661900,VALE3.SA
2026-04-14,85.88988494873047,86.12333215365325,84.80045229050275,85.1117177041174,18528400,VALE3.SA
2026-04-15,86.02606201171875,86.64859283104832,85.49107111019204,85.74397657465491,24527300,VALE3.SA
2026-04-16,85.05335998535156,86.95013248967896,84.72263630032731,86.46377980434855,13618900,VALE3.SA
2026-04-17,87.30030822753906,87.30030822753906,85.40353569690616,85.79261191364398,30119000,VALE3.SA
2026-04-20,86.30815124511719,86.9987711712774,85.62725302948309,86.37624032456529,16067700,VALE3.SA
2026-04-22,84.83936309814453,86.30815027679252,84.83936309814453,85.54943385854347,13222100,VALE3.SA
2026-04-23,83.62348175048828,84.79072522468991,83.37057627665514,84.27519256656497,12637500,VALE3.SA
2026-04-24,83.52621459960938,84.61563988802817,83.40948728107028,83.62348365448203,11436400,VALE3.SA
2026-04-27,83.16630554199219,83.94447277283449,82.5729546982343,83.79856548940747,8656600,VALE3.SA
2026-04-28,82.08660888671875,82.97177437122303,81.75589260975231,82.38814518879443,13687500,VALE3.SA
2026-04-29,77.27171325683594,80.6470019160327,77.08689687064219,80.54000373677871,43296200,VALE3.SA
2026-04-30,78.96421813964844,79.47002164051838,78.0206927922798,78.8183108574822,17593900,VALE3.SA
2026-05-04,76.51300811767578,79.13930965340869,76.50327898603369,78.9642223896163,18555600,VALE3.SA
2026-05-05,76.25037384033203,77.25225919035084,75.84183936343848,77.25225919035084,16295600,VALE3.SA
2026-05-06,79.01286315917969,79.41166851545128,77.91370130413776,78.15687765491295,17424200,VALE3.SA
2026-05-07,77.884521484375,79.44084864820171,77.42734875662362,79.07122326590327,18912100,VALE3.SA
2026-05-08,78.59459686279297,79.55757310114969,78.16660412523308,78.37087136239039,16782600,VALE3.SA
2026-05-11,81.17225646972656,81.63915829141877,78.97394777664368,79.16848587334303,24868900,VALE3.SA
2026-05-12,80.97772216796875,81.69752206487229,79.5089349792515,80.88045311506065,16503000,VALE3.SA
2026-05-13,81.99906158447266,82.72859057571831,80.74427082899182,81.21116522754355,31641800,VALE3.SA
2026-05-14,80.60809326171875,83.0787656871776,80.37463863959867,82.67995294025366,31954300,VALE3.SA
2026-05-15,81.22090148925781,81.22090148925781,78.04987978432914,78.44869256337608,36318900,VALE3.SA
2026-05-18,79.59648132324219,81.31816654369356,78.84749404082355,80.73454481241274,22668800,VALE3.SA
2026-05-19,78.80858612060547,79.06149159571837,77.98178803709939,78.5945971721363,20334400,VALE3.SA
2026-05-20,79.7618408203125,79.9661080587042,78.6432281538458,79.22684989512966,15669300,VALE3.SA
2026-05-21,80.37464141845703,80.61781775904178,79.00313071655857,79.1393088735938,15156600,VALE3.SA
2026-05-22,80.83181762695312,80.87072673367018,79.61593587136973,80.0828377308212,11443900,VALE3.SA
2026-05-25,81.30844116210938,81.30844116210938,80.19955759518841,80.57891210907435,7059500,VALE3.SA
2026-05-26,80.8026351928711,81.82397880493654,80.05365531953535,80.95827161500236,10409000,VALE3.SA
2026-05-27,81.17225646972656,81.64888742259954,80.2579185098564,81.39598195996824,10613200,VALE3.SA
2026-05-28,81.66834259033203,81.7558899332916,79.99528815393495,80.88045360946137,12798900,VALE3.SA
2026-05-29,80.55945587158203,81.97960477585058,80.13146314769327,81.71697759965242,20839400,VALE3.SA
2026-06-01,79.47002410888672,80.00501501972903,78.38059886666655,79.88828770613992,16605900,VALE3.SA
2026-06-02,82.6799545288086,82.7577727376771,79.8007475910496,79.9758348504273,18457400,VALE3.SA
2026-06-03,79.55757141113281,81.50298210976575,79.55757141113281,81.32789485004268,19308800,VALE3.SA
2026-06-05,76.55191040039062,78.58486850260371,76.19201415950326,78.58486850260371,23008500,VALE3.SA
2026-06-08,75.9391098022461,77.11608243828516,75.20958075684685,76.76590790280126,15671500,VALE3.SA
2026-06-09,76.35736846923828,76.63945390571392,74.73295234784834,76.63945390571392,17523500,VALE3.SA
2026-06-10,75.5792007446289,76.01692259334227,75.09284808238252,75.79319710340175,12469100,VALE3.SA
2026-06-11,76.64918518066406,76.89236152016979,74.99558161933341,75.98774524036239,17725500,VALE3.SA
2026-06-12,77.00907897949219,77.62188808521482,75.99746454858514,76.51300460581055,12112600,VALE3.SA
2026-06-15,78.94477081298828,80.48163964625257,78.44868899999983,78.57513802555835,22329400,VALE3.SA
2026-06-16,79.21712493896484,79.94665394096812,78.40004859772174,78.53622675107012,19713900,VALE3.SA
2026-06-17,77.60243225097656,79.11985023424026,77.09662873027298,78.15687400802699,20268200,VALE3.SA
2026-06-18,77.75807189941406,78.18605722819677,76.72699913103682,77.33007914947811,19651900,VALE3.SA
2026-06-19,78.54595947265625,78.85722489755935,77.33007774707333,77.5051650124034,26305900,VALE3.SA
2026-06-22,78.70159149169922,79.35330227906647,77.9234242624096,78.35141698063416,18089300,VALE3.SA
2026-06-23,77.21334838867188,77.79697753844596,76.66863576477918,77.30089572959916,18415100,VALE3.SA
2026-06-24,75.60839080810547,76.707545191982,75.05394905041157,76.4157306158682,22558900,VALE3.SA
2026-06-25,76.51300811767578,77.0577207511841,75.30684811326013,76.06555711597618,13882800,VALE3.SA
2026-06-26,76.01692199707031,76.7269927225348,75.78347479894595,76.04610196919178,25251100,VALE3.SA
2026-06-29,75.99746704101562,76.41573064230857,75.04421994486617,76.21146340741942,11791900,VALE3.SA
2026-06-30,75.75428771972656,76.15310046344699,75.14148603917735,75.968284077708,11289500,VALE3.SA
2026-07-01,75.84183502197266,76.76590210792816,74.93721877711877,74.9858495904491,15414700,VALE3.SA
2026-07-02,76.1044692993164,77.15499292455756,75.59866575076697,76.45464384106346,17199300,VALE3.SA
2026-07-03,76.6880874633789,76.88263298919483,75.88074764999004,76.28928212247399,7793500,VALE3.SA
2026-07-06,75.666748046875,76.6297242397425,75.38466261236782,76.15310070889028,12389100,VALE3.SA
2026-07-07,74.12014770507812,75.4819367344919,73.721342354417,75.4819367344919,16866100,VALE3.SA
2026-07-08,70.7156753540039,73.16689697027054,70.37522996873155,73.16689697027054,29276700,VALE3.SA
2026-07-09,71.15339660644531,71.48411285757365,69.96669491257964,71.40630207099522,18980500,VALE3.SA
2026-07-10,72.15528106689453,72.62218288665875,71.12421580057075,71.98019381212704,22142400,VALE3.SA
2026-07-13,70.86158752441406,72.15528749878527,70.47250387678659,72.15528749878527,16237900,VALE3.SA
2026-07-14,71.98992919921875,72.65136917235837,71.18258193090138,71.4160291504938,14780100,VALE3.SA
2026-07-15,72.47628021240234,72.95290377245954,71.78566028056143,71.97046925706753,15456000,VALE3.SA
2026-07-16,70.988037109375,72.05801147097176,70.56004439627526,71.83428598335527,12989700,VALE3.SA
2026-07-17,70.94913482666016,71.12422209692747,70.13205842502829,70.98804393351438,13491600,VALE3.SA
2026-07-20,69.9666976928711,71.25066848684595,69.75270132368311,71.00749214388743,13137000,VALE3.SA
2026-07-21,70.39469146728516,70.97831321474447,69.61652418990396,70.36550407193201,12581400,VALE3.SA
2026-07-22,73.0501708984375,73.19607818636183,71.33820739050807,71.60084199300246,17992800,VALE3.SA
2026-07-23,73.61434173583984,74.96640158876761,72.47627824889828,72.50545822223222,15826900,VALE3.SA
2026-07-24,73.18634796142578,73.46843340155758,72.79726433982495,73.10853717402787,8637800,VALE3.SA
2026-07-27,73.62406921386719,73.6532491865458,72.21364202479434,72.33036933666156,10921700,VALE3.SA
2026-07-28,73.62406921386719,74.16878182694208,72.95290015764795,74.02287454239622,12270800,VALE3.SA
2026-07-29,73.00154113769531,74.12014637858259,72.57354839924263,73.93533740428506,12265200,VALE3.SA
2026-07-30,74.01314544677734,74.47031814203663,72.57354570548506,73.90615468728846,16732800,VALE3.SA
2026-07-31,74.19796752929688,74.83022753038442,73.18635301178746,73.63379661010163,17353300,VALE3.SA
2026-08-03,72.60272979736328,74.39251157597096,71.93156070274125,74.29523509993928,23582200,VALE3.SA
2026-08-04,74.22714233398438,74.81077147658415,73.73106795238851,74.03260423388633,19784000,VALE3.SA
2026-08-05,74.56759643554688,74.8496744592407,73.24471655268408,74.22714362273503,15107500,VALE3.SA
2026-08-06,73.33226013183594,74.460601967522,73.32253099983083,74.40223459664467,21991700,VALE3.SA
2026-08-07,72.92372131347656,74.05205566104325,72.48599945306519,73.8380667177043,13038800,VALE3.SA
2026-08-10,73.8575210571289,74.24660469998082,72.66109015406109,72.85563568606365,15094700,VALE3.SA
2026-08-11,72.36927795410156,74.606495757871,71.69810890239437,74.22714127329373,36211800,VALE3.SA
2026-08-12,73.18000030517578,73.54000091552734,72.66000366210938,73.11000061035156,24930300,VALE3.SA
2026-08-13,71.9000015258789,73.19999694824219,71.5,72.19999694824219,19535200,VALE3.SA
2026-08-14,71.30000305175781,71.9800033569336,71.08999633789062,71.55000305175781,22933800,VALE3.SA
2026-08-17,71.41000366210938,71.80000305175781,70.69000244140625,71.19999694824219,10007400,VALE3.SA
2026-08-18,71.55000305175781,72.70999908447266,70.8499984741211,70.98999786376953,12466800,VALE3.SA
2026-08-19,72.12999725341797,73.8499984741211,71.76000213623047,72.5999984741211,18624200,VALE3.SA
2026-08-20,74.0199966430664,74.0999984741211,71.25,71.48999786376953,24999800,VALE3.SA
2026-08-21,75.02999877929688,75.80999755859375,74.51000213623047,74.80000305175781,28372500,VALE3.SA
2026-08-24,77.12999725341797,78.36000061035156,74.70999908447266,74.70999908447266,28776400,VALE3.SA
2026-08-25,78.69999694824219,78.76000213623047,76.88999938964844,77.0999984741211,18033600,VALE3.SA
2026-08-26,78.44999694824219,79.58000183105469,78.20999908447266,79.0,13673700,VALE3.SA
2021-08-30,19.600982666015625,19.767853856092536,19.47261946527732,19.69725402633769,21302552,ITUB4.SA
2021-08-31,19.85770606994629,20.06950415505727,19.594562153914197,19.658744442565588,49407297,ITUB4.SA
2021-09-01,19.94439697265625,20.31040868861085,19.905870300017966,19.94439697265625,32612838,ITUB4.SA
2021-09-02,19.225215911865234,19.841655108299587,19.122475814518115,19.83523445931155,36876544,ITUB4.SA
2021-09-03,19.116050720214844,19.36647817488676,18.79498781721017,19.34721484475385,56222519,ITUB4.SA
2021-09-06,19.36005973815918,19.437114455137895,19.019733466159003,19.051839482596115,30840146,ITUB4.SA
2021-09-08,18.44182014465332,19.3279528175765,18.345502099847653,19.28942476706535,54336867,ITUB4.SA
2021-09-09,18.685827255249023,18.949097394798937,18.210654931841983,18.59592847601845,63103001,ITUB4.SA
2021-09-10,18.499608993530273,19.045415335638722,18.358342269628668,18.94267526932485,40810093,ITUB4.SA
2021-09-13,18.73077392578125,18.89130397364416,18.589505818484405,18.833513989002256,35205595,ITUB4.SA
2021-09-14,18.615196228027344,18.852782428454695,18.557404840069523,18.685830300825597,27397073,ITUB4.SA
2021-09-15,18.313396453857422,18.666564012907973,18.313396453857422,18.65372271679369,29908367,ITUB4.SA
2021-09-16,18.30056381225586,18.403303951084386,18.082240843789123,18.18498098261765,52599525,ITUB4.SA
2021-09-17,17.863910675048828,18.300556435986746,17.863910675048828,18.281291713712648,49421346,ITUB4.SA
2021-09-20,17.45937728881836,17.741912290180185,17.247476384709184,17.530011386071006,49865822,ITUB4.SA
2021-09-21,17.41442108154297,17.690535313350424,17.382315065956835,17.542846531535673,38037755,ITUB4.SA
2021-09-22,17.818960189819336,17.97307101438133,17.530004648693968,17.54926798139613,43868060,ITUB4.SA
2021-09-23,18.43540382385254,18.589513286773172,17.857491256427473,17.934545987887788,56944126,ITUB4.SA
2021-09-24,18.178546905517578,18.416134446692347,18.152862928555123,18.30055169359327,46899175,ITUB4.SA
2021-09-27,18.65372657775879,18.833521412350816,17.99875928384542,18.25560884931282,66204022,ITUB4.SA
2021-09-28,18.22992515563965,19.013317998269674,18.21708246803606,18.57025152036461,69369851,ITUB4.SA
2021-09-29,18.557405471801758,18.60235417644929,18.229921853991424,18.396873987303916,59439332,ITUB4.SA
2021-09-30,18.576677322387695,18.76931491457031,18.42898845545939,18.679417464061686,47356794,ITUB4.SA
2021-10-01,19.061721801757812,19.190213870313606,18.592728320009932,18.708369654505365,48506222,ITUB4.SA
2021-10-04,15.637425422668457,15.939380256135447,15.31619726044374,15.900833598619998,66781965,ITUB4.SA
2021-10-05,16.01647186279297,16.30557726667354,15.637421043704489,15.804461140722687,55746545,ITUB4.SA
2021-10-06,16.06786346435547,16.14495812510135,15.650266112645042,15.772332774523314,44244216,ITUB4.SA
2021-10-07,15.727373123168945,16.22206691244663,15.675977105102609,16.144970802794187,43538924,ITUB4.SA
2021-10-08,15.84300708770752,16.28630322399758,15.823733765198169,15.843007087707521,55105154,ITUB4.SA
2021-10-11,15.566752433776855,15.939377936280437,15.56032845458201,15.791613919486073,48452065,ITUB4.SA
2021-10-13,15.586028099060059,15.708094818154688,15.2776479231619,15.611725405775433,47860412,ITUB4.SA
2021-10-14,15.50893497467041,15.810889813229602,15.316197518737912,15.695247061996438,41792857,ITUB4.SA
2021-10-15,15.907256126403809,15.977926843220903,15.470385254782824,15.560329298597972,59503573,ITUB4.SA
2021-10-18,16.01647186279297,16.09356654460326,15.656695755432997,15.791611795692987,32581454,ITUB4.SA
2021-10-19,15.637425422668457,15.926532295875832,15.528208041883616,15.868710921234356,47718221,ITUB4.SA
2021-10-20,16.055023193359375,16.09357123969437,15.618152276737675,15.772341685341024,42786725,ITUB4.SA
2021-10-21,15.727373123168945,16.157820154402927,15.496088959317497,15.66312775349387,80104912,ITUB4.SA
2021-10-22,15.123461723327637,15.59245537162456,14.718713437939435,15.496087327261478,105874771,ITUB4.SA
2021-10-25,15.418988227844238,15.611725667465304,15.20697746077153,15.20697746077153,45016582,ITUB4.SA
2021-10-26,15.251947402954102,15.412562145454107,15.084908681636023,15.219824732127703,32568991,ITUB4.SA
2021-10-27,15.36758804321289,15.701666828881944,15.277644021757343,15.341890743059755,33442194,ITUB4.SA
2021-10-28,15.335472106933594,15.406142837197176,15.020667893682914,15.206979996306025,41697345,ITUB4.SA
2021-10-29,14.97569465637207,15.508934998206836,14.969270676124177,15.380442897934063,39933604,ITUB4.SA
2021-11-01,15.57211971282959,15.668562145843977,15.205642079867369,15.244217941536984,40188416,ITUB4.SA
2021-11-03,15.71999454498291,15.990031090612073,15.437098917739988,15.437098917739988,70258916,ITUB4.SA
2021-11-04,14.890602111816406,15.90002587163136,14.800589890522113,15.739289365199966,81180809,ITUB4.SA
2021-11-05,14.710583686828613,15.141357033357647,14.491983282503641,15.109209996805218,126468405,ITUB4.SA
2021-11-08,14.63341999053955,14.903456570558316,14.549836644115596,14.659138157042326,37621718,ITUB4.SA
2021-11-09,14.485542297363281,14.909886477606863,14.389101259237979,14.697713692775025,49238027,ITUB4.SA
2021-11-10,14.852030754089355,15.128496350921978,14.4148272125451,14.485551519180344,54292566,ITUB4.SA
2021-11-11,14.819877624511719,15.089915674131387,14.672001596763133,15.064197499992268,44943164,ITUB4.SA
2021-11-12,14.787729263305664,15.044906788997686,14.633421636354225,14.807017195641988,41650213,ITUB4.SA
2021-11-16,14.63341999053955,15.051333943819085,14.5048305474458,14.839162543721502,28013991,ITUB4.SA
2021-11-17,14.691292762756348,14.90346427250179,14.56913349286781,14.74272773292279,33810419,ITUB4.SA
2021-11-18,14.44697093963623,14.7684439766508,14.266947872943343,14.665572660382965,37668284,ITUB4.SA
2021-11-19,14.324811935424805,14.45340143035591,14.202652679421629,14.401965076615195,32752424,ITUB4.SA
2021-11-22,14.36030101776123,14.627076422189361,14.236673871456182,14.321260200241415,31671315,ITUB4.SA
2021-11-23,14.601054191589355,14.601054191589355,14.256198440591946,14.477427003109481,43766770,ITUB4.SA
2021-11-24,14.991451263427734,15.076038995520344,14.405847456773868,14.451394372643072,52266989,ITUB4.SA
2021-11-25,15.128095626831055,15.284257522933032,14.997960947765497,15.030495672119287,20130804,ITUB4.SA
2021-11-26,14.841797828674316,14.93939917221332,14.627076841451304,14.809264516200075,36577772,ITUB4.SA
2021-11-29,14.744197845458984,15.089053487624186,14.705157026941379,15.010973256705256,38197962,ITUB4.SA
2021-11-30,14.562007904052734,14.80275606547079,14.347285544811395,14.757209154016456,69161379,ITUB4.SA
2021-12-01,14.46930980682373,14.92513835096486,14.456285933101743,14.690711438420458,27021256,ITUB4.SA
2021-12-02,15.016313552856445,15.081431555407214,14.547460838592452,14.612578841143218,35524082,ITUB4.SA
2021-12-03,14.964217185974121,15.367950429856148,14.860027553196911,14.957704542360714,40226598,ITUB4.SA
2021-12-06,15.140034675598145,15.478649896011698,14.977239708414459,15.042357695287933,42204929,ITUB4.SA
2021-12-07,14.951191902160645,15.393996744467714,14.847002279166116,15.380972865690119,34780267,ITUB4.SA
2021-12-08,14.807929039001465,15.068403771889146,14.619086335245282,15.035843374858626,42979561,ITUB4.SA
2021-12-09,14.410706520080566,14.840487419412867,14.29349303581684,14.83397618460978,31683098,ITUB4.SA
2021-12-10,14.430245399475098,14.606065671777628,14.241402654166205,14.508387273645203,23448341,ITUB4.SA
2021-12-13,14.04604721069336,14.599552971468608,14.04604721069336,14.456293103916336,54986869,ITUB4.SA
2021-12-14,14.182790756225586,14.430240169281419,14.117671378664145,14.169766880713297,35664007,ITUB4.SA
2021-12-15,14.13720417022705,14.306511692820527,13.922312391739613,14.26744007657949,35939779,ITUB4.SA
2021-12-16,14.280468940734863,14.300005459297587,14.046043383016181,14.26093382939814,28503900,ITUB4.SA
2021-12-17,13.96789836883545,14.228373054330552,13.883245292191491,14.085111836585664,39972240,ITUB4.SA
2021-12-20,13.753008842468262,13.99394702749929,13.616260256955456,13.987435793190738,25313939,ITUB4.SA
2021-12-21,13.772550582885742,13.876740221916371,13.694407298192932,13.798596937223563,28202409,ITUB4.SA
2021-12-22,13.824640274047852,13.876735780502607,13.655332692521894,13.824640274047852,20497442,ITUB4.SA
2021-12-23,13.896271705627441,14.046044184617097,13.78557085876703,13.889759063326194,25353141,ITUB4.SA
2021-12-27,14.039531707763672,14.130697443246834,13.876736756705236,13.987437604870191,15891231,ITUB4.SA
2021-12-28,13.987441062927246,14.130700936721434,13.935346947154754,14.085118057710586,17328328,ITUB4.SA
2021-12-29,13.870227813720703,14.052559333317522,13.824644933821498,14.020000334421871,14565961,ITUB4.SA
2021-12-30,13.642313003540039,13.961393153228968,13.642313003540039,13.961393153228968,45316940,ITUB4.SA
2022-01-03,14.018781661987305,14.214301709915876,13.745053876569806,13.797193307170755,37222335,ITUB4.SA
2022-01-04,14.41634464263916,14.455447820066153,13.966648243338017,14.090477319211763,49793763,ITUB4.SA
2022-01-05,14.142613410949707,14.481515549652192,14.031819212280524,14.39678966287338,35851405,ITUB4.SA
2022-01-06,14.429380416870117,14.49455332867226,14.025305265187805,14.103514449446203,40624734,ITUB4.SA
2022-01-07,14.748723030090332,14.761757888277025,14.259923594358412,14.396787492699852,48590177,ITUB4.SA
2022-01-10,14.88559341430664,14.911661731159349,14.540174483981147,14.709624881382418,47125888,ITUB4.SA
2022-01-11,15.217972755432129,15.217972755432129,14.794346150090744,14.853002314942655,63361665,ITUB4.SA
2022-01-12,15.152801513671875,15.31573516616574,14.944246551152757,15.159319648482843,47231371,ITUB4.SA
2022-01-13,15.433045387268066,15.524287994776717,15.022452245066452,15.04852196390112,49188741,ITUB4.SA
2022-01-14,15.315726280212402,15.543832697994759,15.257070143009502,15.361347563768874,33902872,ITUB4.SA
2022-01-17,15.315726280212402,15.478659838174675,15.087619862430046,15.289657981331608,19948957,ITUB4.SA
2022-01-18,15.40697956085205,15.615534547393342,15.165838121741128,15.24404588959085,49389056,ITUB4.SA
2022-01-19,15.302696228027344,15.693736326466949,15.250558205494565,15.524285992719788,35038364,ITUB4.SA
2022-01-20,15.178872108459473,15.426530260426436,15.10718107189584,15.341805770317562,29391946,ITUB4.SA
2022-01-21,15.185382843017578,15.41348929508557,15.068069142566827,15.107173709383744,42676371,ITUB4.SA
2022-01-24,15.165834426879883,15.348319643541272,14.905141461422572,15.217972456606265,44921297,ITUB4.SA
2022-01-25,15.713286399841309,15.739356112810347,14.989863836455607,15.028966997496797,44585362,ITUB4.SA
2022-01-26,15.88274097442627,15.967465444153115,15.517769152636166,15.856671256781414,63314645,ITUB4.SA
2022-01-27,15.960945129394531,16.241191034748194,15.771943223328922,15.960945129394531,47070145,ITUB4.SA
2022-01-28,16.156465530395508,16.169498978180254,15.726320909541055,15.745872489630514,33360845,ITUB4.SA
2022-01-31,16.508407592773438,16.625719936884582,15.98050345268618,16.078264208916437,50129358,ITUB4.SA
2022-02-01,16.624269485473633,16.75470617570599,16.422090360581446,16.493831385846256,32598902,ITUB4.SA
2022-02-02,16.363388061523438,16.63730669123256,16.252515228502283,16.611218800004703,39095411,ITUB4.SA
2022-02-03,16.55252456665039,16.65035206131324,16.115558656488012,16.43513044553922,47261735,ITUB4.SA
2022-02-04,16.60469627380371,16.800351215005044,16.43512640306494,16.46121429231619,39194888,ITUB4.SA
2022-02-07,16.513389587402344,16.66339283211428,16.45469254300252,16.598173110895416,26166974,ITUB4.SA
2022-02-08,16.69600486755371,16.774268553120965,16.324258703385233,16.48730593422502,42299308,ITUB4.SA
2022-02-09,16.03077507019043,16.57208974290256,16.024252391592153,16.27208317164362,100922428,ITUB4.SA
2022-02-10,16.33730697631836,16.506875521151738,15.952515353286234,16.011212428304525,68333609,ITUB4.SA
2022-02-11,17.302539825439453,17.60906764590788,17.067751599109872,17.18514571227466,182038996,ITUB4.SA
2022-02-14,17.263402938842773,17.406884903972774,17.132966326245516,17.348187864546336,43043123,ITUB4.SA
2022-02-15,17.426454544067383,17.54384865276372,17.282973951856498,17.478628920491012,33336032,ITUB4.SA
2022-02-16,17.243844985961914,17.524284948585457,17.204713140077462,17.465587884456166,44408048,ITUB4.SA
2022-02-17,17.002532958984375,17.269928933649418,16.930791956779064,17.217754556205737,38194109,ITUB4.SA
2022-02-18,17.0677490234375,17.31557974992371,16.996008030730405,17.100358181196803,29924682,ITUB4.SA
2022-02-21,16.650354385375977,17.139496155148883,16.454699368740673,17.106886985709668,25401293,ITUB4.SA
2022-02-22,16.802827835083008,17.05731751061501,16.633168521444833,16.802827835083008,34318570,ITUB4.SA
2022-02-23,16.567907333374023,17.0181565636128,16.528754551977748,16.81587071843737,25506096,ITUB4.SA
2022-02-24,16.287317276000977,16.398248050599282,15.882744141952863,16.15028464497404,49889615,ITUB4.SA
2022-02-25,16.620115280151367,16.639690972427964,16.18944017902126,16.228592973723735,44070414,ITUB4.SA
2022-03-02,16.34432029724121,16.59245564340879,16.26596184114233,16.43573873121103,36789303,ITUB4.SA
2022-03-03,16.357391357421875,16.87978235942446,16.12884511765478,16.350860658498423,50467105,ITUB4.SA
2022-03-04,16.109249114990234,16.409623039568057,15.85458300814793,16.3704445069013,34369894,ITUB4.SA
2022-03-07,15.763160705566406,15.965586837975662,15.684802248218523,15.848048446390465,59892079,ITUB4.SA
2022-03-08,15.6129789352417,15.97212211716407,15.534620448479131,15.821934429566117,49265672,ITUB4.SA
2022-03-09,16.390031814575195,16.527159484775858,15.776221235253002,15.80887189007624,58459174,ITUB4.SA
2022-03-10,16.403091430664062,16.403091430664062,15.985177733910751,16.154956055171095,33553115,ITUB4.SA
2022-03-11,16.220256805419922,16.709998340628694,16.1810768617073,16.474922911734236,48649207,ITUB4.SA
2022-03-14,16.448802947998047,16.677349091819757,16.331264527996282,16.337795224178098,36267443,ITUB4.SA
2022-03-15,16.390031814575195,16.612048647287807,16.12883645387778,16.39656109886369,41720798,ITUB4.SA
2022-03-16,16.709999084472656,16.755708315275246,16.41615443249235,16.55328212490011,45741022,ITUB4.SA
2022-03-17,17.07567024230957,17.10179020183476,16.625108701698146,16.74264569730764,49108185,ITUB4.SA
2022-03-18,17.199743270874023,17.36952022429084,17.023435620521603,17.036495603265553,73408542,ITUB4.SA
2022-03-21,17.62418556213379,17.689484061770216,17.212801063268163,17.265040991879058,40745625,ITUB4.SA
2022-03-22,17.865787506103516,17.976796631521594,17.696010586856243,17.761309076306663,41741192,ITUB4.SA
2022-03-23,17.787433624267578,18.048630471691016,17.741724387637575,17.885382794833202,30594059,ITUB4.SA
2022-03-24,17.904966354370117,18.10739391712288,17.780898667530806,17.846197152998467,53835967,ITUB4.SA
2022-03-25,17.937620162963867,17.97026941400827,17.715604691411023,17.97026941400827,36342901,ITUB4.SA
2022-03-28,17.9245548248291,18.09433171284463,17.709067309254728,17.98332401897423,24411278,ITUB4.SA
2022-03-29,18.133514404296875,18.33593915069593,17.885377612258946,18.094334465198173,33838857,ITUB4.SA
2022-03-30,18.172687530517578,18.257576667768383,17.970260022035355,18.1792168128631,37371325,ITUB4.SA
2022-03-31,17.944149017333984,18.283702886682896,17.82008131165369,18.20534440999677,46340719,ITUB4.SA
2022-04-01,17.994884490966797,18.217042599968096,17.857667277949616,18.099428652829854,45495048,ITUB4.SA
2022-04-04,17.831539154052734,17.97528849376784,17.655118162005888,17.93608477022482,28469684,ITUB4.SA
2022-04-05,17.472156524658203,17.81846347151624,17.3937476976785,17.792326725178395,41644661,ITUB4.SA
2022-04-06,17.465620040893555,17.583232555122827,17.289199151499254,17.361074485552518,38196035,ITUB4.SA
2022-04-07,17.45255470275879,17.48522634440098,17.256531913075413,17.32187378432584,26732002,ITUB4.SA
2022-04-08,17.419889450073242,17.57670714909828,17.25653544453461,17.35454756545094,29650496,ITUB4.SA
2022-04-11,17.354537963867188,17.46561840025154,17.27612915773518,17.38067470325568,30882294,ITUB4.SA
2022-04-12,17.047443389892578,17.576704818981504,16.995169889124554,17.511362943021474,33798183,ITUB4.SA
2022-04-13,17.093185424804688,17.341480367142097,16.969037953635983,17.171594279646275,38370517,ITUB4.SA
2022-04-14,17.204259872436523,17.295737080388864,16.99516870796433,17.0343738308156,26768711,ITUB4.SA
2022-04-18,17.30226707458496,17.354540561185306,17.12584758739299,17.14544943885128,23802743,ITUB4.SA
2022-04-19,16.995168685913086,17.38721426578128,16.82528264451259,17.328407287597656,39035022,ITUB4.SA
2022-04-20,17.106252670288086,17.151989871553344,16.89716146319486,17.001707066741474,28485092,ITUB4.SA
2022-04-22,16.773012161254883,17.001705202678547,16.635796336400684,16.923296361623873,34773809,ITUB4.SA
2022-04-25,16.707670211791992,16.759943713626246,16.3940348489228,16.661931603704062,42282427,ITUB4.SA
2022-04-26,16.139204025268555,16.661930537971912,16.106532382694848,16.505112866567703,47838319,ITUB4.SA
2022-04-27,16.008522033691406,16.40056763262651,15.943181571213564,16.32869227668047,27688480,ITUB4.SA
2022-04-28,15.87783432006836,16.06732357393592,15.72101669841031,16.015051504061084,41170160,ITUB4.SA
2022-04-29,15.596869468688965,16.30255018595505,15.596869468688965,15.982380047857752,50954295,ITUB4.SA
2022-05-02,15.529948234558105,15.745732436334986,15.327240664215973,15.608415088560715,44535284,ITUB4.SA
2022-05-03,15.608415603637695,15.798043722645152,15.484176296277104,15.562643152869116,29699668,ITUB4.SA
2022-05-04,15.58879566192627,15.58879566192627,15.301082978458851,15.536483494162079,53745441,ITUB4.SA
2022-05-05,15.229154586791992,15.425322391456971,14.974136299419664,15.425322391456971,45795293,ITUB4.SA
2022-05-06,15.556107521057129,15.837280590116618,15.216082533050468,15.222620850111758,68490643,ITUB4.SA
2022-05-09,15.33377742767334,15.62802842654879,15.046064743250845,15.52340550375165,63819963,ITUB4.SA
2022-05-10,15.255308151245117,15.523403023313568,15.15068524516536,15.425319843720352,40331174,ITUB4.SA
2022-05-11,15.765348434448242,15.837276971081335,15.281467863954548,15.288007592600533,64249824,ITUB4.SA
2022-05-12,16.013824462890625,16.131526841902186,15.647644936057798,15.647644936057798,61754278,ITUB4.SA
2022-05-13,16.20345115661621,16.29499602252055,16.020361424807533,16.144600683809376,29721422,ITUB4.SA
2022-05-16,16.37346649169922,16.550017949402775,16.09883183287944,16.249227205053884,30939624,ITUB4.SA
2022-05-17,16.517324447631836,16.75272640404328,16.48463004548107,16.582713251933363,30953220,ITUB4.SA
2022-05-18,16.281925201416016,16.589252888732535,16.242691067862243,16.465013585430487,43092975,ITUB4.SA
2022-05-19,16.2296142578125,16.43232043056165,16.144607668519573,16.295003072296947,25636391,ITUB4.SA
2022-05-20,16.432313919067383,16.49770412071914,16.249224180599207,16.406159251485054,43072014,ITUB4.SA
2022-05-23,16.857349395751953,17.001205048317303,16.53040254698178,16.53694086220255,43627637,ITUB4.SA
2022-05-24,17.11236000061035,17.197366545666938,16.706947866083453,16.791952998061845,44474328,ITUB4.SA
2022-05-25,16.805038452148438,17.086212875724886,16.778882363192764,17.033900697813536,32876147,ITUB4.SA
2022-05-26,17.014286041259766,17.11236926504629,16.818118180607755,16.82465649696194,39868230,ITUB4.SA
2022-05-27,17.1058292388916,17.275840990975556,16.916199713548053,17.04043901649099,27475589,ITUB4.SA
2022-05-30,16.94889259338379,17.288917480039814,16.94889259338379,17.177756231577742,20339502,ITUB4.SA
2022-05-31,17.1058292388916,17.26276294649543,17.014284340609564,17.131985327851847,75013550,ITUB4.SA
2022-06-01,16.868728637695312,17.2220685150798,16.868728637695312,17.202437500646017,32284608,ITUB4.SA
2022-06-02,16.940706253051758,17.065029426569428,16.67897303290412,17.025770221265294,20319901,ITUB4.SA
2022-06-03,16.783676147460938,16.986519260962176,16.737872772539138,16.849109136196777,22647423,ITUB4.SA
2022-06-06,16.724777221679688,16.999597328740766,16.724777221679688,16.91453335625541,15100624,ITUB4.SA
2022-06-07,16.724777221679688,16.80983978013222,16.60045262788583,16.66588699673334,23796625,ITUB4.SA
2022-06-08,16.404151916503906,16.737862210939003,16.31254522446418,16.652798248030972,33085526,ITUB4.SA
2022-06-09,16.122785568237305,16.4368662197709,16.044265758862025,16.397607022099496,43419279,ITUB4.SA
2022-06-10,15.769447326660156,16.057354266408716,15.612407691900078,16.057354266408716,40198953,ITUB4.SA
2022-06-13,15.57968521118164,15.789072271808665,15.331038960457175,15.704008336543874,38005578,ITUB4.SA
2022-06-14,15.474998474121094,15.664754591627787,15.350675305543232,15.586234770106648,22637566,ITUB4.SA
2022-06-15,15.540428161621094,15.80216131643987,15.448821486732902,15.651664434261784,48238381,ITUB4.SA
2022-06-17,15.34412956237793,15.429192104309843,14.997332423955003,15.272152477641274,51504593,ITUB4.SA
2022-06-20,16.01154899597168,16.037722736627842,15.429191043550551,15.429191043550551,50406830,ITUB4.SA
2022-06-21,15.8414306640625,16.129336303348353,15.762909401675616,16.07044747760796,37577078,ITUB4.SA
2022-06-22,15.723636627197266,15.913392645936835,15.586226657548346,15.880676188501182,41717966,ITUB4.SA
2022-06-23,15.363761901855469,15.789078929454828,15.285242074519601,15.743275579006172,30701240,ITUB4.SA
2022-06-24,15.337592124938965,15.527349719650344,15.245986814361995,15.501175965752257,30073785,ITUB4.SA
2022-06-27,15.429200172424316,15.488090416727584,15.331050707941062,15.39648368426323,26288885,ITUB4.SA
2022-06-28,15.259071350097656,15.599325887998546,15.062771035856048,15.527348776168903,39383080,ITUB4.SA
2022-06-29,15.102028846740723,15.494629401976677,15.049682765924576,15.357219349047375,34774375,ITUB4.SA
2022-06-30,14.833749771118164,14.971159808303463,14.742143079661298,14.931900605697752,41362317,ITUB4.SA
2022-07-01,14.963184356689453,15.041765379149144,14.56372858522253,14.616116876952216,39467601,ITUB4.SA
2022-07-04,14.819110870361328,14.930435229388722,14.740529885546447,14.845305003677675,9918395,ITUB4.SA
2022-07-05,14.923895835876465,14.923895835876465,14.544086312712547,14.733991781862052,32430425,ITUB4.SA
2022-07-06,14.786373138427734,14.976278536560374,14.635760366636793,14.806019451598583,31863245,ITUB4.SA
2022-07-07,14.995916366577148,15.094142225596382,14.878044203646947,14.923883220882702,45776032,ITUB4.SA
2022-07-08,15.002466201782227,15.231661297058913,14.91733598847919,15.212016407502041,25028649,ITUB4.SA
2022-07-11,14.760171890258789,14.871494801699493,14.622653438004022,14.792913839792305,18746051,ITUB4.SA
2022-07-12,14.727437973022461,14.871504341546848,14.478597864833533,14.753632115505923,22335508,ITUB4.SA
2022-07-13,14.668498039245605,14.891145362091978,14.596466288880437,14.655402386549602,38407906,ITUB4.SA
2022-07-14,14.504794120788574,14.603020046711926,14.170823708433401,14.550633169246444,54813633,ITUB4.SA
2022-07-15,14.7667236328125,14.864949507479615,14.419656328413936,14.537528510121774,35260546,ITUB4.SA
2022-07-18,14.963184356689453,15.061411696115195,14.720892045276749,14.851861359466128,23331189,ITUB4.SA
2022-07-19,15.46740436553955,15.565630229400256,14.95007808621831,14.95007808621831,39625655,ITUB4.SA
2022-07-20,15.270955085754395,15.493602414682304,15.218568228136588,15.388827284312365,33584725,ITUB4.SA
2022-07-21,15.395368576049805,15.473950951822564,15.028656482978496,15.24475447851927,24553356,ITUB4.SA
2022-07-22,15.231666564941406,15.519797843673066,15.12034218363829,15.45431249727875,25588351,ITUB4.SA
2022-07-25,15.454310417175293,15.55908554216934,15.185825486066408,15.323342572283423,36454048,ITUB4.SA
2022-07-26,15.369185447692871,15.650767516793447,15.27095812430493,15.473960598910525,24585080,ITUB4.SA
2022-07-27,15.421567916870117,15.585279132396455,15.323342036634838,15.467406944006756,27262812,ITUB4.SA
2022-07-28,15.519803047180176,15.539447950117825,15.251316574780967,15.421575702222084,26772676,ITUB4.SA
2022-07-29,15.46740436553955,15.703148703019593,15.369178501678844,15.545985339654909,33518445,ITUB4.SA
2022-08-01,15.380681991577148,15.629708230020256,15.229955136879534,15.629708230020256,28369526,ITUB4.SA
2022-08-02,15.54450511932373,15.623144855960165,15.321691352026999,15.485524962798355,24247559,ITUB4.SA
2022-08-03,15.655916213989258,15.688682663200359,15.42654965331891,15.531403140510017,22712684,ITUB4.SA
2022-08-04,16.036008834838867,16.10154173024047,15.708341525445704,15.760768974721048,38418670,ITUB4.SA
2022-08-05,16.33746337890625,16.468529177405443,15.878728835581086,16.049115223345634,64015406,ITUB4.SA
2022-08-08,16.540611267089844,16.573377706910417,16.239157754832974,16.43575780994866,46382867,ITUB4.SA
2022-08-09,16.97313690185547,17.22216305002743,16.5733825374312,17.064883526570682,117640069,ITUB4.SA
2022-08-10,17.287702560424805,17.366343768422045,16.973143393208627,17.143529844816257,55029810,ITUB4.SA
2022-08-11,17.313913345336914,17.549832680537545,17.25493315748852,17.45153331158552,45877889,ITUB4.SA
2022-08-12,17.523622512817383,17.556388973150437,17.281149006921027,17.425321715625092,43155063,ITUB4.SA
2022-08-15,17.674346923828125,17.76609356657473,17.26148703146839,17.26148703146839,41430750,ITUB4.SA
2022-08-16,17.877490997314453,17.92336429610134,17.45152444912304,17.654677224838615,29105976,ITUB4.SA
2022-08-17,17.92337417602539,18.00856809910212,17.694007555656903,17.74643502099428,28593294,ITUB4.SA
2022-08-18,17.87094497680664,18.034777236625036,17.766091480807212,17.94303202084239,37051026,ITUB4.SA
2022-08-19,17.656532287597656,17.82885692674726,17.47758187105967,17.76257766850094,26106699,ITUB4.SA
2022-08-22,17.457700729370117,17.52397856261348,17.28537607127179,17.49746685639974,24991487,ITUB4.SA
2022-08-23,17.504093170166016,17.596882704870005,17.417932277821407,17.464327045173402,16685011,ITUB4.SA
2022-08-24,17.57699966430664,17.66316198904968,17.464327066965748,17.464327066965748,22899063,ITUB4.SA
2022-08-25,17.795719146728516,17.808973566930785,17.58362837141926,17.63665034910111,31242248,ITUB4.SA
2022-08-26,17.68967628479004,17.987927995452782,17.603513947427558,17.828860607404803,28445551,ITUB4.SA
2022-08-29,17.630023956298828,17.74932376968627,17.444444877372817,17.590256396975686,21271281,ITUB4.SA
2022-08-30,17.550491333007812,17.828861423266893,17.49084213397857,17.702931516984208,34434249,ITUB4.SA
2022-08-31,17.10642433166504,17.669790168181997,17.10642433166504,17.669790168181997,56502823,ITUB4.SA
2022-09-01,17.37015724182129,17.383422163175954,16.939053747513377,17.28393596965138,54988228,ITUB4.SA
2022-09-02,17.608928680419922,17.748209694594557,17.463017352780454,17.4762822795243,52927981,ITUB4.SA
2022-09-05,17.894115447998047,18.05992483073732,17.642086218189434,17.6686146301418,28039710,ITUB4.SA
2022-09-06,17.728307723999023,17.92064552113682,17.60892341897579,17.708409623193003,60187679,ITUB4.SA
2022-09-08,17.602296829223633,17.907385842707264,17.569135229196522,17.841062642653043,32229771,ITUB4.SA
2022-09-09,17.74156951904297,17.933908731081758,17.655349679111783,17.708407931894758,27710574,ITUB4.SA
2022-09-12,17.960439682006836,18.119615883445444,17.82115871415941,17.90737999268002,30293474,ITUB4.SA
2022-09-13,17.77472686767578,18.020124273980713,17.708403709194606,17.82778654107711,36812756,ITUB4.SA
2022-09-14,17.708410263061523,17.834426317392865,17.555865795481857,17.734940109580858,32836152,ITUB4.SA
2022-09-15,17.75482940673828,17.980330141991708,17.648711497987872,17.661976415740476,24907645,ITUB4.SA
2022-09-16,17.695144653320312,17.82115926949191,17.549233369666606,17.642086395611045,49605006,ITUB4.SA
2022-09-19,18.358381271362305,18.437970810059642,17.628821966138055,17.648718634176888,46524605,ITUB4.SA
2022-09-20,18.968564987182617,19.0083597688086,18.41807982428756,18.451239992402048,71309887,ITUB4.SA
2022-09-21,18.76959228515625,19.021623013282195,18.690004162216436,18.96856330914144,54495600,ITUB4.SA
2022-09-22,19.147634506225586,19.233854361343017,18.776220938242922,18.961928438869794,49376706,ITUB4.SA
2022-09-23,18.76959228515625,18.93540171068913,18.557356335135868,18.835915482060873,38830402,ITUB4.SA
2022-09-26,18.365015029907227,18.690000640076025,18.331853437704233,18.65683904787303,16535115,ITUB4.SA
2022-09-27,18.258895874023438,18.351748899393375,18.1859395160125,18.27216079668642,43896612,ITUB4.SA
2022-09-28,18.252262115478516,18.570615949450907,18.112984015124795,18.292056882201653,47539207,ITUB4.SA
2022-09-29,18.524188995361328,18.6435718594056,18.14614373697809,18.212468346597614,58853685,ITUB4.SA
2022-09-30,18.610416412353516,18.663474684286594,18.37828378526252,18.44460698349671,38351030,ITUB4.SA
2022-10-03,19.74370574951172,19.76361494597504,18.91413820873357,19.106597120950493,80831732,ITUB4.SA
2022-10-04,19.77687644958496,20.0489748540369,19.51141539611894,19.889697074619175,49601833,ITUB4.SA
2022-10-05,19.77687644958496,19.96269933042844,19.68396500916322,19.82333216979583,34375446,ITUB4.SA
2022-10-06,19.418506622314453,19.869792086098816,19.338869867046906,19.843245544894337,55358719,ITUB4.SA
2022-10-07,19.458330154418945,19.458330154418945,19.013681958008522,19.37869194975218,63511108,ITUB4.SA
2022-10-10,19.252599716186523,19.604336466031235,19.106595132851734,19.56451664307447,54805929,ITUB4.SA
2022-10-11,19.119861602783203,19.34550431755632,19.06013260669112,19.17959059887529,36485999,ITUB4.SA
2022-10-13,19.00704002380371,19.226045375877025,18.814579775437053,18.9141285753985,42127432,ITUB4.SA
2022-10-14,19.013681411743164,19.358782200948646,18.88758747179571,19.080047775536435,45494368,ITUB4.SA
2022-10-17,19.16632080078125,19.312325358600948,19.04686278696024,19.206140616779283,23093825,ITUB4.SA
2022-10-18,19.63751792907715,19.63751792907715,19.279145277512416,19.445057612568966,52346412,ITUB4.SA
2022-10-19,19.64415168762207,19.750336430880115,19.45169282646088,19.617606577437396,32142870,ITUB4.SA
2022-10-20,19.94943618774414,20.07553157874851,19.65742845047444,19.776886487124173,77600529,ITUB4.SA
2022-10-21,20.613086700439453,20.75909126367295,19.790156713523967,19.863158995140715,55808067,ITUB4.SA
2022-10-24,19.677331924438477,20.500263233028097,19.537964733589533,20.4471715844931,57756261,ITUB4.SA
2022-10-25,19.518056869506836,19.756972889563848,19.518056869506836,19.677333260096145,29513856,ITUB4.SA
2022-10-26,19.09996223449707,19.464972316407284,19.033597286576512,19.245965406757012,55085780,ITUB4.SA
2022-10-27,19.45169448852539,19.66406399318755,19.18623332478431,19.318963189568233,44860228,ITUB4.SA
2022-10-28,19.60433006286621,19.677330896516732,19.312322425745492,19.38532469356889,32422834,ITUB4.SA
2022-10-31,20.175071716308594,20.28789235794815,19.212773283872412,19.245955741167993,94899400,ITUB4.SA
2022-11-01,20.22663688659668,20.77778978022151,19.974302518434104,20.585219117151386,47491734,ITUB4.SA
2022-11-03,20.080549240112305,20.146952720074324,19.582518835378366,19.921178879194688,36849352,ITUB4.SA
2022-11-04,20.15359878540039,20.5387416449976,20.087195289437407,20.37937124567718,35511052,ITUB4.SA
2022-11-07,19.695411682128906,20.1336784968021,19.522761727563495,19.967666882979753,52676342,ITUB4.SA
2022-11-08,19.63565444946289,19.695418190987276,19.389959705421347,19.555969939099413,31659758,ITUB4.SA
2022-11-09,18.692705154418945,19.30362025614874,18.493493302657505,19.031365158912784,147203325,ITUB4.SA
2022-11-10,18.34076499938965,18.55989761575306,17.902498331656663,18.16811366770341,99105549,ITUB4.SA
2022-11-11,17.749773025512695,18.725910270846587,17.670087122418764,18.59310186736306,111377525,ITUB4.SA
2022-11-14,17.696643829345703,18.128269218597747,17.53063373309355,17.962259122345593,59148831,ITUB4.SA
2022-11-16,17.444316864013672,17.723213254389133,17.271665487585164,17.696651283399127,50719991,ITUB4.SA
2022-11-17,17.55055809020996,17.557197863478308,17.132212194133086,17.198617101847095,77606874,ITUB4.SA
2022-11-18,17.690006256103516,18.028667725635394,17.523997560752687,17.723209430179907,56028889,ITUB4.SA
2022-11-21,17.743133544921875,18.022029927906374,17.504078682360024,17.92906446691154,43986685,ITUB4.SA
2022-11-22,17.45095443725586,17.89586093766972,17.3247872434832,17.796254276529066,64036253,ITUB4.SA
2022-11-23,17.271663665771484,17.411111846250233,17.165417228024857,17.32478760214799,55607979,ITUB4.SA
2022-11-24,17.88921546936035,18.022023840928004,17.338064099618723,17.397827795073866,30856235,ITUB4.SA
2022-11-25,17.258384704589844,17.809537716563437,17.191981211342224,17.78297574526177,46086134,ITUB4.SA
2022-11-28,16.946287155151367,17.404474718550407,16.926366393483853,17.331430012427386,45835061,ITUB4.SA
2022-11-29,17.092382431030273,17.33807717090738,16.547868988596097,16.959573959337455,77138265,ITUB4.SA
2022-11-30,17.2650203704834,17.29158233325504,16.88651742350881,17.132211991631277,60017162,ITUB4.SA
2022-12-01,17.263465881347656,17.343204498419528,17.004314298877954,17.017604307720184,50130944,ITUB4.SA
2022-12-02,17.49603271484375,17.708669926854903,16.997665415927266,17.323265518577607,63158518,ITUB4.SA
2022-12-05,16.984375,17.369779398958293,16.90463640641916,17.369779398958293,37424462,ITUB4.SA
2022-12-06,17.376428604125977,17.376428604125977,16.984379809673502,17.09069844321586,53504452,ITUB4.SA
2022-12-07,17.25016975402832,17.49603124045098,17.203655457569464,17.42293693573535,25238368,ITUB4.SA
2022-12-08,16.645483016967773,17.177074538014647,16.54581014526433,17.14385024744683,69736150,ITUB4.SA
2022-12-09,16.487041473388672,16.819086072403948,16.439606530672204,16.724216186971013,22514069,ITUB4.SA
2022-12-12,16.331188201904297,16.602244884685213,16.053354260021884,16.480268864892597,101446780,ITUB4.SA
2022-12-13,15.714527130126953,16.48703915493416,15.667090729678105,16.432826962651372,63557901,ITUB4.SA
2022-12-14,15.782293319702148,15.97203309290364,15.328272729711992,15.524789760186705,76898069,ITUB4.SA
2022-12-15,15.87038516998291,16.209205518059797,15.484128420908254,15.612880182465528,55898707,ITUB4.SA
2022-12-16,16.046573638916016,16.16177236495824,15.850056614534935,15.938150705533868,64978909,ITUB4.SA
2022-12-19,16.52769660949707,16.58868459278263,16.0262426241322,16.121112494931335,54924554,ITUB4.SA
2022-12-20,16.703886032104492,17.063036734347502,16.45993552351113,16.52769930960878,44636914,ITUB4.SA
2022-12-21,16.77165985107422,16.94107086727173,16.554813867493706,16.764884054763982,69855681,ITUB4.SA
2022-12-22,16.8055362701416,17.00882913027092,16.581914563320343,16.79876047604539,25305328,ITUB4.SA
2022-12-23,17.069807052612305,17.286652837259215,16.852961267965394,16.961384160288848,28695830,ITUB4.SA
2022-12-26,16.730993270874023,17.063037895512895,16.636123378120057,16.907180005359507,17822996,ITUB4.SA
2022-12-27,16.636119842529297,16.75809581140521,16.446380097345802,16.710660875109333,19491678,ITUB4.SA
2022-12-28,16.974943161010742,17.07658883450282,16.615792478746744,16.771650349623627,25715021,ITUB4.SA
2022-12-29,16.941062927246094,17.266331750168177,16.913956825901813,17.103696606505586,28098060,ITUB4.SA
2023-01-02,16.60718536376953,16.634310610466102,16.302031467464094,16.566498959162097,26445013,ITUB4.SA
2023-01-03,16.261348724365234,16.715688648929028,16.159629759068117,16.60718910314972,33847015,ITUB4.SA
2023-01-04,16.308815002441406,16.62753155122502,16.193534891600805,16.315595582016567,33855739,ITUB4.SA
2023-01-05,16.817411422729492,16.892005152114983,16.28847766588949,16.342726718345613,41153732,ITUB4.SA
2023-01-06,17.10900115966797,17.163250202189538,16.817408342980812,16.905564685695907,42632750,ITUB4.SA
2023-01-09,17.231060028076172,17.40059064915372,16.87843762582001,16.953031333564155,29083430,ITUB4.SA
2023-01-10,17.563335418701172,17.631147060604064,16.89877575939139,17.041181086649797,35564190,ITUB4.SA
2023-01-11,17.868497848510742,17.956652732206127,17.46840545221395,17.54978122007758,38743614,ITUB4.SA
2023-01-12,17.617591857910156,17.84137154277318,17.224281531463266,17.292093201921677,57811778,ITUB4.SA
2023-01-13,17.529434204101562,17.556559456433167,17.047969035123117,17.366685620987404,23525385,ITUB4.SA
2023-01-16,17.339555740356445,17.529429525120822,17.14968195559207,17.461617877829926,27737426,ITUB4.SA
2023-01-17,17.69896125793457,17.73286708378144,17.285307837902888,17.400587938869727,36595560,ITUB4.SA
2023-01-18,18.017681121826172,18.065148110606653,17.766776225896734,17.88205633887273,45007971,ITUB4.SA
2023-01-19,18.017681121826172,18.07871220088334,17.6582766926215,17.787119430436597,40213569,ITUB4.SA
2023-01-20,17.69896125793457,18.09227147554562,17.65149280866147,18.078710317556816,37996401,ITUB4.SA
2023-01-23,17.156465530395508,17.746430138428938,17.088652411616547,17.65827528217249,52002547,ITUB4.SA
2023-01-24,17.31243324279785,17.651494463936988,17.183590506322503,17.285309458839272,34378279,ITUB4.SA
2023-01-25,17.37346839904785,17.46162327468453,16.9665954586758,17.312435846010477,43609396,ITUB4.SA
2023-01-26,17.271745681762695,17.454838904814277,17.11577770629745,17.39380783046375,33862197,ITUB4.SA
2023-01-27,16.90556526184082,17.26496976028797,16.830971543573405,17.231062458938876,34365362,ITUB4.SA
2023-01-30,16.912343978881836,16.99371973462552,16.634313810351838,16.946249811056187,39913324,ITUB4.SA
2023-01-31,17.176801681518555,17.353112787085873,17.014053194139006,17.027614346889916,32928039,ITUB4.SA
2023-02-01,16.951274871826172,17.30414303845149,16.815555556569272,17.09377949293936,31850216,ITUB4.SA
2023-02-02,17.107358932495117,17.62309079264258,16.761275922804796,16.829134876403792,52480220,ITUB4.SA
2023-02-03,17.046287536621094,17.20914963332925,16.849495958637057,16.896997525715257,41535326,ITUB4.SA
2023-02-06,17.053070068359375,17.127715794882477,16.77484602088392,17.127715794882477,31860299,ITUB4.SA
2023-02-07,16.659475326538086,17.154849475747877,16.46268390090478,17.10056117456717,34547549,ITUB4.SA
2023-02-08,18.037031173706055,18.057388564708056,17.182003154107843,17.27021949275619,120349072,ITUB4.SA
2023-02-09,17.589157104492188,18.233821462457946,17.500940771872095,18.084531494545796,40856546,ITUB4.SA
2023-02-10,17.507722854614258,17.629870102698483,17.31093136955336,17.45343600349857,59102038,ITUB4.SA
2023-02-13,18.12525177001953,18.20668428607526,17.4941607690366,17.4941607690366,49663922,ITUB4.SA
2023-02-14,17.901309967041016,18.240607603223687,17.85380841529219,18.15238980720757,39640950,ITUB4.SA
2023-02-15,18.165958404541016,18.36953665391403,17.724872441976004,17.833447606072216,41791724,ITUB4.SA
2023-02-16,18.301677703857422,18.38310871021506,17.92845066938757,18.043811139522635,34692120,ITUB4.SA
2023-02-17,18.240610122680664,18.423831047501547,18.11846283946674,18.294896989409313,21326685,ITUB4.SA
2023-02-22,17.901309967041016,17.989527763057133,17.819878944965797,17.847023107810656,20794515,ITUB4.SA
2023-02-23,17.969179153442383,18.362765339731546,17.887748084936426,17.92167757460889,43189053,ITUB4.SA
2023-02-24,17.419509887695312,17.853809179506,17.338078862134523,17.81309293349589,35419959,ITUB4.SA
2023-02-27,17.19556999206543,17.50772342898398,17.154855219007736,17.500938122294095,20098513,ITUB4.SA
2023-02-28,17.25664710998535,17.52808436231221,17.086998277358756,17.236289719337197,29465137,ITUB4.SA
2023-03-01,16.976634979248047,17.214307713404853,16.5624040990222,17.193936184042265,49786059,ITUB4.SA
2023-03-02,16.41979217529297,17.112436969603316,16.324721670608838,16.908718861997226,52237191,ITUB4.SA
2023-03-03,16.440174102783203,16.69821837646439,16.358685047167842,16.528451711816114,29015336,ITUB4.SA
2023-03-06,16.81365394592285,17.003792083535995,16.37226163110983,16.596354265420402,35169906,ITUB4.SA
2023-03-07,16.861188888549805,16.895140448159133,16.501282692492335,16.874768925402535,31883639,ITUB4.SA
2023-03-08,17.071706771850586,17.200728924007954,16.81366100005764,16.969846173978098,40035234,ITUB4.SA
2023-03-09,16.745750427246094,17.030957676922082,16.711797392876736,16.976633115426676,47884998,ITUB4.SA
2023-03-10,16.3450984954834,16.71179322979391,16.222866428220744,16.67104871821387,37246581,ITUB4.SA
2023-03-13,16.14817237854004,16.345102025828467,15.937662691935932,16.141380891404424,38429660,ITUB4.SA
2023-03-14,16.09384536743164,16.263611975274333,15.93766026431367,15.998776301836143,43849139,ITUB4.SA
2023-03-15,16.053104400634766,16.13459197951248,15.632083531042404,15.86975624755151,57389962,ITUB4.SA
2023-03-16,16.31793785095215,16.39942541843592,15.971614588537863,16.066683661848543,45421743,ITUB4.SA
2023-03-17,15.849383354187012,16.24324117439442,15.822221808553145,16.229659667838614,68565874,ITUB4.SA
2023-03-20,15.890129089355469,16.202499361600264,15.740733973291496,15.890129089355469,36932854,ITUB4.SA
2023-03-21,16.21608543395996,16.39943216940532,15.95803965197727,15.95803965197727,43704795,ITUB4.SA
2023-03-22,16.121007919311523,16.467331175316072,16.080264870062543,16.26361299411588,41241539,ITUB4.SA
2023-03-23,15.72036075592041,16.46733185351779,15.543802643644531,16.127800070056328,59823759,ITUB4.SA
2023-03-24,15.948387145996094,16.085755370125465,15.618704298650972,15.907176233474598,34011300,ITUB4.SA
2023-03-27,16.22312355041504,16.333017842620823,16.058282854244236,16.14070320232964,44616067,ITUB4.SA
2023-03-28,16.298673629760742,16.42917261770318,16.14070070195394,16.236858007203686,32135279,ITUB4.SA
2023-03-29,16.456653594970703,16.539073965533913,16.195654023198355,16.312417575416045,25802715,ITUB4.SA
2023-03-30,16.909961700439453,17.033592964244427,16.635226713087317,16.703910088856414,43270629,ITUB4.SA
2023-03-31,16.992395401000977,17.232788868373774,16.820683873093117,16.992395401000977,65512439,ITUB4.SA
2023-04-03,16.516515731811523,16.97702628652697,16.365302601446047,16.9632795032814,38304803,ITUB4.SA
2023-04-04,16.846437454223633,16.983902343592373,16.578378840483992,16.592125626488095,25918394,ITUB4.SA
2023-04-05,16.832685470581055,17.052631027467328,16.61961553318469,16.88767260247053,36165246,ITUB4.SA
2023-04-06,16.77770233154297,16.95640905155661,16.653982751636924,16.880802476576687,24650907,ITUB4.SA
2023-04-10,16.956411361694336,17.011397023957127,16.846438551832517,16.93579043867658,16023452,ITUB4.SA
2023-04-11,17.506269454956055,17.609369587706638,17.190097893013526,17.32069010720652,54871529,ITUB4.SA
2023-04-12,17.62311553955078,17.88430146296223,17.43753618491653,17.62311553955078,47390217,ITUB4.SA
2023-04-13,17.62311553955078,17.808694894185027,17.492523320513012,17.705594757609585,40614537,ITUB4.SA
2023-04-14,17.877422332763672,17.959903013110388,17.48564578512653,17.5612523327766,38988116,ITUB4.SA
2023-04-17,17.84305763244629,18.035509598840235,17.67809922849023,17.90491740526372,24167003,ITUB4.SA
2023-04-18,17.829307556152344,18.03550476314382,17.6506009335567,17.877419049515506,27411575,ITUB4.SA
2023-04-19,17.54750633239746,17.76745187104138,17.52001425406874,17.69871944721604,31036155,ITUB4.SA
2023-04-20,17.595617294311523,17.650604415290783,17.327560278211955,17.45127981507977,24745399,ITUB4.SA
2023-04-24,17.437536239624023,17.719343082436236,17.306944020176545,17.588749377652835,28674303,ITUB4.SA
2023-04-25,17.595617294311523,17.678097975780414,17.320686145421785,17.320686145421785,25980256,ITUB4.SA
2023-04-26,17.416915893554688,17.636861454431433,17.389423812446978,17.547508106157803,19299068,ITUB4.SA
2023-04-27,17.726213455200195,17.73308610362072,17.41004192114147,17.41004192114147,23660439,ITUB4.SA
2023-04-28,17.815561294555664,17.822435426762038,17.533757522143706,17.822435426762038,23245081,ITUB4.SA
2023-05-02,17.126150131225586,17.862092839323,17.0986378375544,17.69702056364346,49467233,ITUB4.SA
2023-05-03,17.09864044189453,17.28434473659122,16.974836587864868,17.160540882561556,26517638,ITUB4.SA
2023-05-04,17.236204147338867,17.387518845386072,16.864792505467488,17.188056872564616,45003213,ITUB4.SA
2023-05-05,17.8758487701416,17.8758487701416,17.208686748810905,17.435659471858855,49402765,ITUB4.SA
2023-05-08,18.12346076965332,18.27477694524852,17.75205063573025,18.192240038734028,59838715,ITUB4.SA
2023-05-09,18.233501434326172,18.426084502287203,18.04091836636514,18.07530798759426,43258053,ITUB4.SA
2023-05-10,18.501747131347656,18.598038689115395,18.082189784204374,18.199116308885078,35088896,ITUB4.SA
2023-05-11,18.680572509765625,18.804376355328042,18.302283642257212,18.405454009008462,35897745,ITUB4.SA
2023-05-12,18.508623123168945,18.60491467396746,18.343552317899405,18.439843868697924,20136809,ITUB4.SA
2023-05-15,18.577404022216797,18.639305951259715,18.371064754189696,18.53613706042009,20327832,ITUB4.SA
2023-05-16,18.515506744384766,18.790625319997748,18.453604804760925,18.591163349393362,29875057,ITUB4.SA
2023-05-17,18.701210021972656,18.85940352845475,18.536139183186137,18.639308085840707,27183049,ITUB4.SA
2023-05-18,18.632431030273438,18.666820665002398,18.405458251983866,18.63930836268001,26807799,ITUB4.SA
2023-05-19,18.481115341186523,18.570529582918066,18.274777527371736,18.508627644234394,55195001,ITUB4.SA
2023-05-22,18.130334854125977,18.666817218623713,18.089067894609393,18.48111144175578,29853077,ITUB4.SA
2023-05-23,18.27477264404297,18.549891141961115,18.061554581919566,18.21974805265073,31465336,ITUB4.SA
2023-05-24,18.171602249145508,18.364185346013404,18.0546757357988,18.15784610131956,32566612,ITUB4.SA
2023-05-25,18.74248504638672,18.818141673654466,18.35043980887369,18.481121059261852,51557618,ITUB4.SA
2023-05-26,18.598047256469727,19.09326142259255,18.426097542289234,18.845653596356883,33629706,ITUB4.SA
2023-05-29,18.515506744384766,18.604919501126226,18.364190561671354,18.54301756150239,11247177,ITUB4.SA
2023-05-30,18.254135131835938,18.70120318594749,18.02716243988491,18.625546612862138,48896654,ITUB4.SA
2023-05-31,18.109703063964844,18.267896558348994,18.020290319105047,18.2197507768559,38429660,ITUB4.SA
2023-06-01,18.376501083374023,18.521035271314492,18.108080023671874,18.21820152219954,28928095,ITUB4.SA
2023-06-02,18.644926071166992,18.73440027236619,18.486626476642137,18.58298262223598,28470477,ITUB4.SA
2023-06-05,18.686229705810547,18.775702455606066,18.465986573883214,18.686229705810547,27870213,ITUB4.SA
2023-06-06,18.816987991333008,18.89269680412467,18.686219170275763,18.810104560709462,29698762,ITUB4.SA
2023-06-07,18.872051239013672,19.00970351432268,18.706869698518716,18.927112744075202,31760369,ITUB4.SA
2023-06-09,19.133594512939453,19.133594512939453,18.810111819755456,18.975294882987427,33168008,ITUB4.SA
2023-06-12,18.92711639404297,19.29877567550103,18.872054878363194,19.223066835113894,33613277,ITUB4.SA
2023-06-13,19.140470504760742,19.20241394828556,18.95464166153096,19.023467048849792,37732299,ITUB4.SA
2023-06-14,19.402006149291992,19.422653464289272,19.112937789952458,19.250588539726863,56524690,ITUB4.SA
2023-06-15,19.65667152404785,19.68420228461328,19.326306859298445,19.34007372692641,30322705,ITUB4.SA
2023-06-16,19.718616485595703,19.849385377171107,19.443313321119266,19.60849640968142,47145602,ITUB4.SA
2023-06-19,19.987031936645508,20.028328068708085,19.6429019648255,19.670432719533885,18433003,ITUB4.SA
2023-06-20,19.977516174316406,20.012247363770026,19.699665157577137,20.012247363770026,28148931,ITUB4.SA
2023-06-21,20.172008514404297,20.26231079210649,19.92888872956384,19.9636199129539,29839027,ITUB4.SA
2023-06-22,19.977516174316406,20.144226484137903,19.838589915391612,20.05392569178056,27091956,ITUB4.SA
2023-06-23,19.914997100830078,20.040030569110073,19.78301799591682,20.040030569110073,18796809,ITUB4.SA
2023-06-26,19.887218475341797,20.102554301479227,19.748293685431886,19.887218475341797,15397130,ITUB4.SA
2023-06-27,19.66493034362793,20.026137977385687,19.435703317097328,19.991406791682284,29488704,ITUB4.SA
2023-06-28,19.553787231445312,19.70660471813929,19.449592194104543,19.657980767676225,21198769,ITUB4.SA
2023-06-29,19.789962768554688,19.83163958559378,19.595465451635732,19.609358224352082,70141424,ITUB4.SA
2023-06-30,19.741344451904297,20.088657864551404,19.692718982956688,19.984462789979997,31561301,ITUB4.SA
2023-07-03,20.128936767578125,20.16369103323019,19.711902102223828,19.83701175080873,19990991,ITUB4.SA
2023-07-04,20.003829956054688,20.17064384585494,19.96907718751655,20.06638554024053,9245166,ITUB4.SA
2023-07-05,20.177595138549805,20.29575636187703,19.920424333882696,19.962127058080355,19998696,ITUB4.SA
2023-07-06,19.878719329833984,20.094188903915697,19.878719329833984,20.03858327110376,32074550,ITUB4.SA
2023-07-07,20.254058837890625,20.476476928817632,19.913477991255128,19.99688496310819,31476099,ITUB4.SA
2023-07-10,20.121997833251953,20.41392451190536,20.05249226797636,20.41392451190536,15000240,ITUB4.SA
2023-07-11,19.76750946044922,20.0594345250203,19.531190028392448,20.024681755720362,31780310,ITUB4.SA
2023-07-12,19.649349212646484,19.913471453812416,19.60069503653471,19.809213148734173,20884135,ITUB4.SA
2023-07-13,19.86481285095215,20.010775346760653,19.572887859335143,19.614592073298702,24777803,ITUB4.SA
2023-07-14,19.656301498413086,20.010782181019483,19.572894544042725,19.91347381724687,27914740,ITUB4.SA
2023-07-17,20.038583755493164,20.038583755493164,19.57289332862976,19.6215475074948,18054808,ITUB4.SA
2023-07-18,19.649349212646484,20.11503961315719,19.579843675927656,20.03858262154069,44289196,ITUB4.SA
2023-07-19,19.440826416015625,19.746652806747186,19.385220798404823,19.6493444779709,44539023,ITUB4.SA
2023-07-20,19.802261352539062,19.802261352539062,19.253162556628354,19.538137633916737,42807912,ITUB4.SA
2023-07-21,20.15674591064453,20.15674591064453,19.76056247860352,19.809216663347677,36214305,ITUB4.SA
2023-07-24,19.83700942993164,20.330502520757445,19.697998391758382,20.15673722099828,37238424,ITUB4.SA
2023-07-25,19.878719329833984,20.12199021827864,19.68410261907826,20.12199021827864,39541700,ITUB4.SA
2023-07-26,19.98992347717285,20.01772628576752,19.69104854192929,19.87176379370942,38028465,ITUB4.SA
2023-07-27,19.545087814331055,19.962124004778456,19.52423645542154,19.962124004778456,22188332,ITUB4.SA
2023-07-28,19.83700942993164,19.86481223838333,19.50338173668175,19.593740113128444,18444673,ITUB4.SA
2023-07-31,19.90651512145996,20.073328956943037,19.802256849793665,20.01077339312626,17263407,ITUB4.SA
2023-08-01,19.967479705810547,19.98138968493924,19.668418911966395,19.703194611272686,16807601,ITUB4.SA
2023-08-02,19.904882431030273,19.99529652970939,19.68928004278588,19.953566598864672,20784091,ITUB4.SA
2023-08-03,19.751876831054688,20.259584294254335,19.668418461164507,20.05789185596474,24826182,ITUB4.SA
2023-08-04,19.39022445678711,19.849246267829827,19.265036143604856,19.703195239742744,50087777,ITUB4.SA
2023-08-07,19.237213134765625,19.66841642127366,19.209394683000113,19.42499557476967,37391152,ITUB4.SA
2023-08-08,19.19548988342285,19.48064073894506,18.854700606392793,19.02857161296065,50438327,ITUB4.SA
2023-08-09,19.125938415527344,19.195486807008134,18.722555039594415,19.125938415527344,39723999,ITUB4.SA
2023-08-10,19.18852996826172,19.431952330455935,19.139845796416672,19.230259902544184,34693139,ITUB4.SA
2023-08-11,19.223310470581055,19.334588820183562,19.09812213940706,19.216354728310623,22008185,ITUB4.SA
2023-08-14,18.945112228393555,19.209398849759914,18.896428048532545,19.1120304900379,28513531,ITUB4.SA
2023-08-15,18.840787887573242,19.028568847974487,18.687779620463523,18.98684041364937,28083444,ITUB4.SA
2023-08-16,18.826881408691406,19.139850736192187,18.771242984924147,18.812971427007245,38445182,ITUB4.SA
2023-08-17,18.604324340820312,19.014663532018645,18.597370101600056,19.000753550608778,43034739,ITUB4.SA
2023-08-18,18.750377655029297,18.903385953801784,18.45827254243028,18.569550895273156,23685478,ITUB4.SA
2023-08-21,18.673879623413086,18.83384220122004,18.58346546970662,18.68083386463522,37088868,ITUB4.SA
2023-08-22,18.965978622436523,19.02161704297646,18.729511953460868,18.778196135046798,24097210,ITUB4.SA
2023-08-23,19.20244789123535,19.27895054196431,18.854702831129252,18.965981190244424,27395600,ITUB4.SA
2023-08-24,18.979888916015625,19.195489865742783,18.875564809201673,19.195489865742783,21142233,ITUB4.SA
2023-08-25,18.680828094482422,18.986843170160032,18.548685528319908,18.952068968850877,25293885,ITUB4.SA
2023-08-28,19.3137264251709,19.46673323098328,18.58346209293192,18.69474045305434,38836520,ITUB4.SA
2023-08-29,19.619731903076172,19.88401846241565,19.39717527509626,19.473679397771022,40091091,ITUB4.SA
2023-08-30,19.244176864624023,19.717108776614026,19.181582691968508,19.689288810329455,19884943,ITUB4.SA
2023-08-31,19.077255249023438,19.22330929510839,18.903384247435223,19.16071513334892,41890409,ITUB4.SA
2023-09-01,19.24264144897461,19.43054480392469,19.019941510649335,19.110413830574196,33312919,ITUB4.SA
2023-09-04,19.068662643432617,19.284403930188248,19.012988394424898,19.159134989999448,11195852,ITUB4.SA
2023-09-05,18.783323287963867,19.117371676324446,18.755485420954944,19.068656161027143,23401321,ITUB4.SA
2023-09-06,18.60237693786621,18.90858740617429,18.511904637727664,18.832035541065455,21773767,ITUB4.SA
2023-09-08,18.63022232055664,18.86684125588845,18.463198074403067,18.546710197479854,25732129,ITUB4.SA
2023-09-11,19.103452682495117,19.131289043288067,18.71372859202874,18.79028046412999,31296405,ITUB4.SA
2023-09-12,19.214805603027344,19.27743855243043,19.01298330849494,19.124333280661656,18673652,ITUB4.SA
2023-09-13,19.312232971191406,19.514055243092727,19.1312898506866,19.24959852487502,26195186,ITUB4.SA
2023-09-14,19.235685348510742,19.465344033153045,19.117375144229573,19.347035332808776,34267698,ITUB4.SA
2023-09-15,19.193933486938477,19.486226707072085,19.096502413560607,19.43055245254357,40731689,ITUB4.SA
2023-09-18,19.145217895507812,19.347040263463352,19.040826600651556,19.242648968607096,16235663,ITUB4.SA
2023-09-19,19.08849334716797,19.271225277145458,19.018212186131517,19.186887580140812,21474768,ITUB4.SA
2023-09-20,19.411787033081055,19.566405874515166,19.137688408152382,19.165801477069262,27867381,ITUB4.SA
2023-09-21,18.96901512145996,19.257168793779233,18.9479295580478,19.186887632550807,25385884,ITUB4.SA
2023-09-22,18.919824600219727,19.130669676209354,18.898740548262282,19.0603869716761,18539052,ITUB4.SA
2023-09-25,18.97603988647461,19.109574681023762,18.9268427769668,18.93387028455178,16063674,ITUB4.SA
2023-09-26,18.69492530822754,18.97605160490627,18.680868765572814,18.95496755032681,27469811,ITUB4.SA
2023-09-27,18.659772872924805,18.919816490019514,18.526238069760474,18.84250630757538,26052315,ITUB4.SA
2023-09-28,19.15174674987793,19.243113473077493,18.58949291250469,18.64571905564427,32463735,ITUB4.SA
2023-09-29,19.12363624572754,19.376650886214783,18.99010141605026,19.32745376376501,19969351,ITUB4.SA
2023-10-02,18.946165084838867,19.1219835758109,18.81957716954632,19.086820181574605,14289396,ITUB4.SA
2023-10-03,18.70705795288086,18.939137627204058,18.67189303028834,18.86881082160089,24198953,ITUB4.SA
2023-10-04,19.13605308532715,19.220445552421943,18.721122822198215,18.77738396033112,26973104,ITUB4.SA
2023-10-05,19.438459396362305,19.57208091772519,19.0375933124829,19.10088803729495,32443908,ITUB4.SA
2023-10-06,19.621307373046875,19.895583970871083,19.150114555203345,19.262638326613033,50011299,ITUB4.SA
2023-10-09,19.45252227783203,19.51581699853775,19.269671706788078,19.445490206549454,16544632,ITUB4.SA
2023-10-10,19.43142318725586,19.726797516728848,19.33296507743153,19.494717903541577,27848800,ITUB4.SA
2023-10-11,19.677566528320312,19.705697848303263,19.396257887861957,19.480650328020424,17994759,ITUB4.SA
2023-10-13,19.473623275756836,19.754931988700996,19.403294957677716,19.649441791268476,25238141,ITUB4.SA
2023-10-16,19.501752853393555,19.621308703715975,19.389229074352777,19.607243041362047,12962992,ITUB4.SA
2023-10-17,19.213411331176758,19.4454909696785,19.129017353730035,19.410327572304382,30382867,ITUB4.SA
2023-10-18,18.812538146972656,19.192306342569335,18.714080063623175,19.037585628854362,63292779,ITUB4.SA
2023-10-19,19.030563354492188,19.26967509723977,18.692991957930364,18.763318762292485,26245718,ITUB4.SA
2023-10-20,18.960227966308594,19.1501120910901,18.805508750397628,18.932098166918635,27017857,ITUB4.SA
2023-10-23,18.9813289642334,19.20637649882749,18.861771606598143,18.918034250141904,18187709,ITUB4.SA
2023-10-24,18.9813289642334,19.255605552033042,18.861771606598143,19.164179516169668,17958163,ITUB4.SA
2023-10-25,19.016489028930664,19.57207417785797,18.967259984339513,19.02352109824788,28965258,ITUB4.SA
2023-10-26,19.487688064575195,19.565046931303446,19.051658591220995,19.12901745794925,32592557,ITUB4.SA
2023-10-27,19.199344635009766,19.621308420371587,19.12198425307562,19.579111433919156,34189408,ITUB4.SA
2023-10-30,19.044626235961914,19.332967003580332,18.98133151337013,19.332967003580332,17119856,ITUB4.SA
2023-10-31,18.861774444580078,19.114953339039875,18.749252180143177,19.044626543819135,28770042,ITUB4.SA
2023-11-01,19.127544403076172,19.240142306981067,18.902348595266385,18.930498451440556,29703861,ITUB4.SA
2023-11-03,19.65534210205078,19.78201490993999,19.3879230816549,19.52866929416157,40014727,ITUB4.SA
2023-11-06,19.83831024169922,19.859421864766563,19.62015122710237,19.739785785538878,20420512,ITUB4.SA
2023-11-07,20.394258499145508,20.535004661261002,19.669409985245053,19.838307508890995,68857281,ITUB4.SA
2023-11-08,20.485748291015625,20.57019631342822,20.253515849183152,20.45056174174299,26848927,ITUB4.SA
2023-11-09,20.577234268188477,20.710943762002383,20.253515585823443,20.49278472608265,29266749,ITUB4.SA
2023-11-10,20.823545455932617,21.020591382127208,20.59834967719834,20.703909343034756,27757367,ITUB4.SA
2023-11-13,20.682796478271484,20.774282733163545,20.527975340136663,20.746132882305755,17013694,ITUB4.SA
2023-11-14,20.9924373626709,21.1613334028006,20.71094345552429,20.753166705161068,47389424,ITUB4.SA
2023-11-16,21.330232620239258,21.506166896165777,20.950215740039454,21.112073570605464,46722314,ITUB4.SA
2023-11-17,21.428760528564453,21.52728350254808,21.196528021430446,21.316162626755773,27884376,ITUB4.SA
2023-11-20,21.639875411987305,21.69617358690605,21.28800839696463,21.44986774094412,26508121,ITUB4.SA
2023-11-21,21.604686737060547,21.710246374944816,21.470977254090656,21.555425268556313,18805760,ITUB4.SA
2023-11-22,21.738399505615234,21.97767018342444,21.653951478385935,21.745436207554583,44180768,ITUB4.SA
2023-11-23,21.71025276184082,21.907298693826302,21.5202450535929,21.738402615207786,25892449,ITUB4.SA
2023-11-24,21.590612411499023,21.738396821097968,21.393566532033766,21.625798958433357,23216076,ITUB4.SA
2023-11-27,21.534313201904297,21.787658778769654,21.470978328479234,21.696172538059106,20472630,ITUB4.SA
2023-11-28,21.745433807373047,21.85099497035179,21.449866505089854,21.527276301044168,23380701,ITUB4.SA
2023-11-29,21.893224716186523,22.08323395346275,21.70321699970201,21.956562649403644,25551189,ITUB4.SA
2023-11-30,22.231014251708984,22.280275727628993,21.97767017017383,22.02693164609384,48828674,ITUB4.SA
2023-12-01,22.180070877075195,22.30681449572881,21.919543003905716,22.215277099669724,34579613,ITUB4.SA
2023-12-04,22.208232879638672,22.356099903656535,22.04628306452748,22.053323699253447,14713024,ITUB4.SA
2023-12-05,22.39130401611328,22.503964812630045,22.19414800261925,22.243437005992757,29425256,ITUB4.SA
2023-12-06,22.194156646728516,22.53213916791517,22.053330215823618,22.475809508538315,26385417,ITUB4.SA
2023-12-07,22.440587997436523,22.440587997436523,22.149612169980326,22.319938660667532,22783950,ITUB4.SA
2023-12-08,22.72446632385254,22.795435440393117,22.31284268730842,22.376715505663554,20982366,ITUB4.SA
2023-12-11,22.568328857421875,22.759947282178967,22.518650176966847,22.60381494375086,21996515,ITUB4.SA
2023-12-12,22.454784393310547,22.667693309532915,22.27736157451838,22.625112446491503,16825276,ITUB4.SA
2023-12-13,23.13609504699707,23.256742878375462,22.454785857200342,22.454785857200342,53507397,ITUB4.SA
2023-12-14,23.32770538330078,23.448354714075517,23.001246547981765,23.235445844458763,48235322,ITUB4.SA
2023-12-15,23.228349685668945,23.448354854331257,22.923179741713373,23.363191612709443,31684684,ITUB4.SA
2023-12-18,23.341901779174805,23.441259159066504,23.185769410918528,23.299320921319268,31521986,ITUB4.SA
2023-12-19,23.356096267700195,23.668362542670938,23.299321278465335,23.434163219860782,27090256,ITUB4.SA
2023-12-20,23.11480140686035,23.398679429717706,23.050928583324907,23.270933782646818,25825488,ITUB4.SA
2023-12-21,23.27092933654785,23.32770431680334,23.100601328438653,23.242541079584424,24714129,ITUB4.SA
2023-12-22,23.639972686767578,23.803202878606836,23.278029279173158,23.29222187527092,36993016,ITUB4.SA
2023-12-26,23.88127326965332,23.973534359623642,23.583201102525432,23.68255849156806,26212408,ITUB4.SA
2023-12-27,24.04450225830078,24.094180950287527,23.824495526879737,23.852883789064062,20593974,ITUB4.SA
2023-12-28,24.10837173461914,24.10837173461914,23.945141550226605,24.044498920407154,14225154,ITUB4.SA
2024-01-02,23.801380157470703,24.064102730559004,23.602560545333386,24.064102730559004,21468310,ITUB4.SA
2024-01-03,23.53865623474121,23.978896953649308,23.53865623474121,23.794280372968203,20995509,ITUB4.SA
2024-01-04,23.382442474365234,23.595462076217927,23.2191273951292,23.538656030673696,30121031,ITUB4.SA
2024-01-05,23.929187774658203,23.929187774658203,23.34693512288644,23.368236618770986,31414011,ITUB4.SA
2024-01-08,23.673566818237305,23.907889441843967,23.638065343378663,23.801380413861033,13381523,ITUB4.SA
2024-01-09,23.659364700317383,23.74457222188412,23.283030073467838,23.574157178750646,21458906,ITUB4.SA
2024-01-10,23.6380672454834,23.81558230640588,23.56705968664528,23.581261198412903,11422452,ITUB4.SA
2024-01-11,23.680665969848633,23.84398102397971,23.524452437553478,23.581256939896576,23114559,ITUB4.SA
2024-01-12,23.70907211303711,23.772978145638746,23.40374346110364,23.61676305828607,27608377,ITUB4.SA
2024-01-15,23.75166893005371,23.836874899882947,23.559950894532268,23.694862904209483,11169567,ITUB4.SA
2024-01-16,23.417938232421875,23.83687578344331,23.396636739174987,23.574153274815366,40226258,ITUB4.SA
2024-01-17,23.432144165039062,23.545754707927788,23.311433634549935,23.361138151159444,30594852,ITUB4.SA
2024-01-18,23.33273696899414,23.57415958345044,23.247529438735747,23.57415958345044,25613957,ITUB4.SA
2024-01-19,23.38953971862793,23.460547267227202,23.226224658552958,23.39664124072231,36066109,ITUB4.SA
2024-01-22,23.006103515625,23.55285316274808,22.7007749137689,23.396639635485258,41153165,ITUB4.SA
2024-01-23,23.112613677978516,23.162318193823157,22.842789601812992,23.133916709389702,24343524,ITUB4.SA
2024-01-24,23.006103515625,23.481847153489415,22.942197493504683,23.226223065008142,26632184,ITUB4.SA
2024-01-25,22.95639991760254,23.197822506964688,22.899595414824372,23.13391648229621,17399934,ITUB4.SA
2024-01-26,23.29722785949707,23.368233860376524,22.970597800301803,22.991899293671914,16393377,ITUB4.SA
2024-01-29,23.176523208618164,23.346938267586083,23.041609624593807,23.22622619422055,9956124,ITUB4.SA
2024-01-30,23.02740478515625,23.247525866844466,22.956398776595552,23.126815345397524,23823364,ITUB4.SA
2024-01-31,23.275928497314453,23.66646463259304,23.055808939241015,23.062910461128528,27023862,ITUB4.SA
2024-02-01,23.224525451660156,23.487391034601444,22.90482323711249,23.2884643592744,26301462,ITUB4.SA
2024-02-02,23.260051727294922,23.36661812762052,22.86930518884327,23.26715553986507,25338865,ITUB4.SA
2024-02-05,23.700532913208008,23.707636726783335,23.302682505891077,23.35951762038102,21139400,ITUB4.SA
2024-02-06,24.716472625732422,24.773307738343487,23.643695481801064,23.842620678883396,76215210,ITUB4.SA
2024-02-07,24.538854598999023,24.77330342787771,24.22625923108503,24.510437815285773,53422083,ITUB4.SA
2024-02-08,24.055753707885742,24.75199185917848,24.055753707885742,24.46070942829638,55241227,ITUB4.SA
2024-02-09,24.361248016357422,24.446501452341504,23.970501438193345,24.069964036057396,30560069,ITUB4.SA
2024-02-14,24.361248016357422,24.467814427513595,24.24047090802556,24.29730755554543,14313415,ITUB4.SA
2024-02-15,24.56726837158203,24.602792031416637,24.254671526221838,24.425178338129154,32298657,ITUB4.SA
2024-02-16,24.538854598999023,24.71646832515575,24.354138596033316,24.638317180234058,25879532,ITUB4.SA
2024-02-19,24.80883026123047,24.823039423428014,24.54596459881525,24.56727757446369,32035461,ITUB4.SA
2024-02-20,25.34876251220703,25.540582301310465,24.78750923188707,24.78750923188707,62343778,ITUB4.SA
2024-02-21,25.206682205200195,25.45533872064524,25.206682205200195,25.32745778833183,32185244,ITUB4.SA
2024-02-22,25.06369400024414,25.481912018183465,25.06369400024414,25.459899458686902,24314973,ITUB4.SA
2024-02-23,25.137067794799805,25.225113285949273,24.850920344958208,25.093045842013442,25725331,ITUB4.SA
2024-02-26,25.210437774658203,25.26913423421586,25.06369424739919,25.15907777795404,15356342,ITUB4.SA
2024-02-27,25.518596649169922,25.569956643648677,25.239785703592837,25.4012021495647,17802262,ITUB4.SA
2024-02-28,25.53327178955078,25.599306296305876,25.28380827354004,25.45989923450259,15121697,ITUB4.SA
2024-02-29,24.902273178100586,25.496582054241774,24.755529678044585,25.437884019988857,48078175,ITUB4.SA
2024-03-01,25.010662078857422,25.1574819336276,24.89320651232154,25.04736664594964,16520612,ITUB4.SA
2024-03-04,24.819795608520508,25.106093432389006,24.819795608520508,25.018002160368205,17674233,ITUB4.SA
2024-03-05,24.797779083251953,24.98864381574555,24.665641350601934,24.900552522779396,20542423,ITUB4.SA
2024-03-06,25.069393157958984,25.172166590637406,24.783095285097247,24.929913568122725,36605983,ITUB4.SA
2024-03-07,24.80512237548828,25.20887590254713,24.592233604100276,24.995987131159126,18729056,ITUB4.SA
2024-03-08,25.03269386291504,25.150147879528607,24.702349483683744,24.724373499900366,19630131,ITUB4.SA
2024-03-11,25.15748405456543,25.15748405456543,24.95193719239904,24.966619337753986,22865412,ITUB4.SA
2024-03-12,25.2602596282959,25.407077921496043,25.05471274869444,25.296964201595934,24434504,ITUB4.SA
2024-03-13,25.50985336303711,25.634649231569412,25.10609987735985,25.18685089177562,30214957,ITUB4.SA
2024-03-14,25.49516487121582,25.641983130267725,25.36302716894814,25.546551579164227,32383745,ITUB4.SA
2024-03-15,25.355688095092773,25.61996352871732,25.25291625428492,25.597941104715737,42577460,ITUB4.SA
2024-03-18,25.45846176147461,25.656668338555097,25.238232760185646,25.451121482205583,14672010,ITUB4.SA
2024-03-19,25.49516487121582,25.583256143927205,25.42909602008198,25.517187292793363,11934228,ITUB4.SA
2024-03-20,25.54655647277832,25.693374759954253,25.370373893606597,25.495169754986442,19759180,ITUB4.SA
2024-03-21,25.282278060913086,25.641985043389305,25.15748221412784,25.54655348516576,38034356,ITUB4.SA
2024-03-22,24.928752899169922,25.28361105220818,24.847430939545248,25.20968286943202,13144839,ITUB4.SA
2024-03-25,24.928752899169922,24.943538855248786,24.803074668926815,24.869610672472625,13844693,ITUB4.SA
2024-03-26,25.424076080322266,25.424076080322266,24.825253626201118,24.899183409043253,19262812,ITUB4.SA
2024-03-27,25.56454086303711,25.63846904997225,25.246648381121407,25.35754066152412,19398772,ITUB4.SA
2024-03-28,25.60890007019043,25.71979395399848,25.42407799558924,25.557150017111564,18913508,ITUB4.SA
2024-04-01,24.734352111816406,25.73289921611972,24.72695456674111,25.577568352294797,35605204,ITUB4.SA
2024-04-02,24.76394271850586,24.823115095603885,24.51245651936585,24.741753276898176,20491664,ITUB4.SA
2024-04-03,24.579023361206055,24.837905475615635,24.41629654733008,24.734352629851802,33775409,ITUB4.SA
2024-04-04,24.25358009338379,24.91927788453123,24.1204402154677,24.682585123443296,54117291,ITUB4.SA
2024-04-05,24.209190368652344,24.401502551584585,24.06125705954862,24.260966787073805,28261098,ITUB4.SA
2024-04-08,24.571632385253906,24.80092756199387,24.327542115060442,24.379318548416737,19296916,ITUB4.SA
2024-04-09,24.830509185791016,24.874889664118957,24.616007536620558,24.689973402067956,20178616,ITUB4.SA
2024-04-10,24.30535316467285,24.77873702277405,24.172213305218577,24.74175568212125,31255391,ITUB4.SA
2024-04-11,24.26097297668457,24.357128293466296,24.076055094303303,24.201798998573334,20688126,ITUB4.SA
2024-04-12,24.00948715209961,24.209196933782756,23.95770912120453,24.187005892418373,25841237,ITUB4.SA
2024-04-15,23.60266876220703,24.135226516650295,23.513909402871906,24.009484224128244,35825686,ITUB4.SA
2024-04-16,23.425153732299805,23.573087096869457,23.21065203202833,23.45474072490031,34875666,ITUB4.SA
2024-04-17,23.43994903564453,23.49912142293929,23.210652238599224,23.43994903564453,28706141,ITUB4.SA
2024-04-18,23.46953010559082,23.669239872973876,23.19585446811001,23.48432359929689,24583607,ITUB4.SA
2024-04-19,23.336387634277344,23.647046171843996,23.26242177250407,23.50651039510181,30496961,ITUB4.SA
2024-04-22,23.321598052978516,23.476925738729985,23.136681781778673,23.40295986962308,24603774,ITUB4.SA
2024-04-23,23.66923713684082,23.8985322666972,23.22543877069161,23.22543877069161,53107109,ITUB4.SA
2024-04-24,23.565689086914062,23.73581188183896,23.38817034370232,23.66924195352637,27387442,ITUB4.SA
2024-04-25,23.43255043029785,23.669243165656653,23.262427626660763,23.506516310685168,23076377,ITUB4.SA
2024-04-26,23.824569702148438,23.928122562018075,23.462134692604703,23.536100564387976,30762989,ITUB4.SA
2024-04-29,23.639657974243164,23.89114422451619,23.454741660761027,23.85416128150635,25020378,ITUB4.SA
2024-04-30,23.195858001708984,23.817175241418273,23.195858001708984,23.602673546085093,53143478,ITUB4.SA
2024-05-02,23.534547805786133,23.763973642720803,23.327325501027357,23.623358735824837,31652054,ITUB4.SA
2024-05-03,23.830585479736328,24.119217077168038,23.741777725859297,23.874990956007682,32765680,ITUB4.SA
2024-05-06,23.97860336303711,24.178425617495606,23.756579168971975,23.815786473700236,21100312,ITUB4.SA
2024-05-07,24.47445297241211,24.60026607349218,23.815782220601726,24.052608198555784,43603391,ITUB4.SA
2024-05-08,24.629867553710938,24.696474954108897,24.14141381723674,24.29683215105364,27721450,ITUB4.SA
2024-05-09,23.889795303344727,24.393049424214965,23.874993476358394,24.34124382942931,31837186,ITUB4.SA
2024-05-10,24.163618087768555,24.43744780917009,23.911990300733144,23.926792123421407,26443200,ITUB4.SA
2024-05-13,24.45965003967285,24.55586108864514,24.215423960690963,24.282031363928308,26666401,ITUB4.SA
2024-05-14,24.726083755493164,24.83709504642079,24.282035393117006,24.289435506112383,34497357,ITUB4.SA
2024-05-15,24.65947914123535,24.84449798045656,24.55586795153827,24.800094098776675,23867664,ITUB4.SA
2024-05-16,24.58547019958496,24.881501924742828,24.511461068795807,24.770489028225555,20274355,ITUB4.SA
2024-05-17,24.592866897583008,24.696478066965568,24.467053791713525,24.541061312891728,21065189,ITUB4.SA
2024-05-20,24.518857955932617,24.71867857140392,24.422646904508678,24.563261826333974,17755129,ITUB4.SA
2024-05-21,24.39304542541504,24.629871419706983,24.2968359647752,24.548462184294237,18694273,ITUB4.SA
2024-05-22,24.015602111816406,24.31163377561608,23.91939266073112,24.267229905679052,23786768,ITUB4.SA
2024-05-23,23.800979614257812,24.008201938318994,23.719570387138752,23.978598292215228,21792348,ITUB4.SA
2024-05-24,23.571557998657227,23.860187982872556,23.482747050386457,23.84538615816076,23438031,ITUB4.SA
2024-05-27,23.490148544311523,23.586359610929076,23.386538963902176,23.571559384679784,13641546,ITUB4.SA
2024-05-28,23.36433219909668,23.786178572263275,23.312526616380264,23.778776860827996,28440452,ITUB4.SA
2024-05-29,23.201519012451172,23.334733846052384,22.905485693485616,23.20891912572551,28148705,ITUB4.SA
2024-05-31,22.964689254760742,23.24591910268354,22.942487319222792,23.19411352020657,38825757,ITUB4.SA
2024-06-03,23.288766860961914,23.436867719945045,23.022185634840813,23.07402229569118,25750257,ITUB4.SA
2024-06-04,23.37022590637207,23.451679870756514,23.08143006832447,23.207314777117357,25163703,ITUB4.SA
2024-06-05,23.32579231262207,23.42946243666846,23.199907619206517,23.28876749692589,25288786,ITUB4.SA
2024-06-06,23.621997833251953,23.696049081798932,23.296178740617563,23.333201964526435,14607995,ITUB4.SA
2024-06-07,23.288766860961914,23.547942164000393,23.199906985669106,23.38503265933735,26331259,ITUB4.SA
2024-06-10,23.103649139404297,23.399849338561975,22.88890291485088,23.318393763714603,23061082,ITUB4.SA
2024-06-11,23.36281967163086,23.46649140720583,23.133264829179222,23.236934964511303,16807035,ITUB4.SA
2024-06-12,23.32579231262207,23.503512068060818,23.066617002506096,23.451677006037624,39355661,ITUB4.SA
2024-06-13,23.081430435180664,23.45168024349746,23.081430435180664,23.32579553270376,23094958,ITUB4.SA
2024-06-14,23.05921745300293,23.229532920656904,22.911116559316806,23.05181152818495,17478111,ITUB4.SA
2024-06-17,23.621997833251953,23.696049081798932,23.17029241820924,23.259152316222533,30480419,ITUB4.SA
2024-06-18,23.607187271118164,23.86636261942636,23.488706883285424,23.57756677409924,24588705,ITUB4.SA
2024-06-19,23.792316436767578,23.910796849797432,23.3998519688951,23.50352053002252,16497726,ITUB4.SA
2024-06-20,23.6294002532959,24.036676459042514,23.592375434635816,23.977435468992105,23141638,ITUB4.SA
2024-06-21,23.794353485107422,24.018265301002586,23.61522306463314,23.794353485107422,58654050,ITUB4.SA
2024-06-24,24.13768768310547,24.525800679534026,23.86899282947768,23.87645585855382,36808677,ITUB4.SA
2024-06-25,24.21232032775879,24.391449124573597,24.063045255126347,24.130218957164438,27162088,ITUB4.SA
2024-06-26,24.167539596557617,24.167539596557617,23.742108260851506,24.055584491244524,26776528,ITUB4.SA
2024-06-27,24.21232032775879,24.339203091091765,24.092900592238866,24.219783355571842,17012674,ITUB4.SA
2024-06-28,24.189926147460938,24.286953559707126,23.921231378007054,24.24217217341809,32848049,ITUB4.SA
2024-07-01,24.076154708862305,24.389801690371844,24.02388021194405,24.180703702698818,17694174,ITUB4.SA
2024-07-02,24.389799118041992,24.389799118041992,24.068685076757866,24.10602376864591,34497357,ITUB4.SA
2024-07-03,24.539155960083008,24.860271621204223,24.464478574904984,24.539155960083008,28588875,ITUB4.SA
2024-07-04,24.576494216918945,24.822930874683966,24.56902712405703,24.770656383224456,11373280,ITUB4.SA
2024-07-05,24.591432571411133,24.70344865883013,24.352462981679963,24.643707068301772,19063291,ITUB4.SA
2024-07-08,24.546630859375,24.643712782027322,24.34500153251061,24.5167608640898,19708195,ITUB4.SA
2024-07-09,24.7183895111084,24.7183895111084,24.307660545688687,24.4495498780802,19027715,ITUB4.SA
2024-07-10,24.979761123657227,25.002164020680084,24.71838699855142,24.778130209024415,38936224,ITUB4.SA
2024-07-11,25.129117965698242,25.13658506071007,24.927487034668992,24.979763154988426,22220282,ITUB4.SA
2024-07-12,24.987228393554688,25.158987704157315,24.8826793883017,25.12911609871102,24991940,ITUB4.SA
2024-07-15,25.084306716918945,25.144049923110966,24.92748322137827,25.01709641685738,22336415,ITUB4.SA
2024-07-16,25.233661651611328,25.27846905365043,25.03203237695743,25.061902364508008,22061662,ITUB4.SA
2024-07-17,25.509973526000977,25.57718383163037,25.099244597736476,25.181390706151188,18500757,ITUB4.SA
2024-07-18,25.39048957824707,25.54731309209551,25.218730261106998,25.442764082863217,17774957,ITUB4.SA
2024-07-19,25.584646224975586,25.853487398093975,25.435291452184263,25.50250174546386,26942513,ITUB4.SA
2024-07-22,25.569717407226562,25.726539306059447,25.51744290301257,25.59958739977092,14046027,ITUB4.SA
2024-07-23,25.532373428344727,25.68919853229054,25.465164744407918,25.547309229378083,19171379,ITUB4.SA
2024-07-24,25.495038986206055,25.636928312791035,25.42782867724715,25.614523800598647,17873754,ITUB4.SA
2024-07-25,25.38301658630371,25.547307156724006,25.270998894545965,25.442758171781435,22461951,ITUB4.SA
2024-07-26,25.569717407226562,25.644394809301097,25.330747784017138,25.330747784017138,12668639,ITUB4.SA
2024-07-29,25.75640869140625,25.846021888930057,25.577182296358643,25.599585192287353,17147388,ITUB4.SA
2024-07-30,25.659326553344727,25.771342638736336,25.49503435819976,25.704132341977836,19972297,ITUB4.SA
2024-07-31,25.30087661743164,25.696669760162536,25.2784737191817,25.584652041294596,28667619,ITUB4.SA
2024-08-01,24.933002471923828,25.493378025408994,24.85828454738254,25.418661715517615,25644208,ITUB4.SA
2024-08-02,24.619197845458984,25.060026438408812,24.49965075261744,25.02266827464276,27354812,ITUB4.SA
2024-08-05,24.619197845458984,24.678970584554612,24.17089665096577,24.245612978497874,30036736,ITUB4.SA
2024-08-06,25.164630889892578,25.358894305112774,24.664026341826663,24.664026341826663,29244996,ITUB4.SA
2024-08-07,25.23187828063965,25.53821784335051,24.70886069648731,25.441085314300583,46066533,ITUB4.SA
2024-08-08,25.142213821411133,25.508326064315472,25.060024897389695,25.291648081936454,22235464,ITUB4.SA
2024-08-09,25.82213592529297,25.82213592529297,25.216927949436048,25.254286107653133,27350166,ITUB4.SA
2024-08-12,25.8594913482666,26.01639818941904,25.75488947858161,25.904322104974437,23753798,ITUB4.SA
2024-08-13,26.591720581054688,26.591720581054688,25.934212424095733,26.03881592112783,44797573,ITUB4.SA
2024-08-14,27.24922752380371,27.48084909502138,26.59172097183256,26.59172097183256,61454486,ITUB4.SA
2024-08-15,27.682580947875977,27.71246811684938,27.316468779226287,27.39865768657822,36976474,ITUB4.SA
2024-08-16,27.45096778869629,28.011341882457863,27.376251458148126,27.8245494414371,39069012,ITUB4.SA
2024-08-19,27.615339279174805,27.839488219080135,27.480845394211656,27.555564936813397,25227717,ITUB4.SA
2024-08-20,27.817075729370117,27.914206621000034,27.450963506287906,27.64522528954774,17856533,ITUB4.SA
2024-08-21,27.704999923706055,27.929152112007685,27.577981857341907,27.891792337524002,16012462,ITUB4.SA
2024-08-22,27.45096778869629,27.458437161240607,27.12221205912352,27.137157262813577,24315199,ITUB4.SA
2024-08-23,27.241756439208984,27.68258497984907,27.17450949189936,27.48831996787707,24645695,ITUB4.SA
2024-08-26,27.30152702331543,27.376246569822317,27.092320043416468,27.294057652104847,16314180,ITUB4.SA
2024-08-27,27.331409454345703,27.428543556232857,27.144617079085265,27.29405291687336,16586780,ITUB4.SA
2024-08-28,27.921680450439453,27.996396772619782,27.069908887773114,27.167038169027332,36121512,ITUB4.SA
2024-08-29,27.615339279174805,27.92914973262225,27.615339279174805,27.787186476838897,25176619,ITUB4.SA
2024-08-30,27.421077728271484,27.62281212247644,27.204398131947425,27.518208624844185,69846390,ITUB4.SA
2024-09-02,27.20254135131836,27.434274390610824,27.1651635955627,27.33709674884242,11520344,ITUB4.SA
2024-09-03,27.643573760986328,27.651049956061517,27.180104590834663,27.27728543425152,17829227,ITUB4.SA
2024-09-04,27.837928771972656,28.249071035142396,27.67347509755827,27.77065270937407,23012702,ITUB4.SA
2024-09-05,28.017343521118164,28.107044955377518,27.763181918723667,27.88278813887499,13102351,ITUB4.SA
2024-09-06,27.621145248413086,28.0920873289389,27.56134215635652,28.0920873289389,18068290,ITUB4.SA
2024-09-09,27.890262603759766,27.994919667445174,27.636104218556895,27.673481972076992,15484371,ITUB4.SA
2024-09-10,27.890262603759766,27.942592751029625,27.673481972076992,27.695907331847327,15099944,ITUB4.SA
2024-09-11,27.942590713500977,28.06219370050627,27.76318138671192,27.942590713500977,22282257,ITUB4.SA
2024-09-12,27.6361026763916,27.867835688892843,27.434271218866996,27.815508775397266,16309421,ITUB4.SA
2024-09-13,27.666004180908203,27.905213389430838,27.344566504063337,27.77813420415253,22909713,ITUB4.SA
2024-09-16,27.658531188964844,27.82298814466319,27.531451988963216,27.7033851419718,12252828,ITUB4.SA
2024-09-17,27.591251373291016,27.64357828567512,27.404369081797206,27.591251373291016,19981701,ITUB4.SA
2024-09-18,27.434276580810547,27.680962034441066,27.32962273336513,27.54640339532009,18703790,ITUB4.SA
2024-09-19,27.35951805114746,27.568825698277376,27.18758492337416,27.509022590281965,27012532,ITUB4.SA
2024-09-20,27.06050682067871,27.47473546973118,27.045443694384133,27.354233714507192,34731661,ITUB4.SA
2024-09-23,26.902345657348633,27.098163050225086,26.78937464792365,26.91740878411857,17373195,ITUB4.SA
2024-09-24,26.894811630249023,27.36176036538121,26.751714384722508,27.150879871433467,27208315,ITUB4.SA
2024-09-25,27.233728408813477,27.241259157645878,26.947532284556697,26.947532284556697,24582587,ITUB4.SA
2024-09-26,27.580175399780273,27.783523533434398,27.369294889284856,27.489799898215153,42599440,ITUB4.SA
2024-09-27,27.685619354248047,27.760933367326277,27.504865071833677,27.51992657239611,31411178,ITUB4.SA
2024-09-30,27.196069717407227,27.86636820941599,27.196069717407227,27.565112215775596,28491777,ITUB4.SA
2024-10-01,26.749727249145508,27.360073210965794,26.69698134203418,27.322396167290133,30144937,ITUB4.SA
2024-10-02,26.915502548217773,27.322399360870737,26.764800869349003,27.0285304357317,23530370,ITUB4.SA
2024-10-03,26.252405166625977,26.614092052081574,26.109237949996267,26.538741228247414,35700490,ITUB4.SA
2024-10-04,26.30515480041504,26.4784630225073,26.09417278942362,26.13938263879241,17541559,ITUB4.SA
2024-10-07,26.478464126586914,26.614096937073285,26.25994604601426,26.523675606203142,26410683,ITUB4.SA
2024-10-08,26.63670539855957,26.757267724474193,26.576423421421044,26.659310325805304,26176152,ITUB4.SA
2024-10-09,26.146915435791016,26.523672841568867,26.094171157613232,26.455856443394367,23707005,ITUB4.SA
2024-10-10,26.290084838867188,26.350365178296922,26.048960224423904,26.15445203969757,23211884,ITUB4.SA
2024-10-11,26.09417152404785,26.350365000346798,26.033889556663038,26.244873185785547,19225310,ITUB4.SA
2024-10-14,26.259937286376953,26.425709399614533,26.08662911486935,26.17705041557728,16356101,ITUB4.SA
2024-10-15,26.561342239379883,26.60655370404158,26.169516059092253,26.297612766424404,32631872,ITUB4.SA
2024-10-16,26.40311050415039,26.576418715190076,26.25994327634251,26.561348223574175,39642197,ITUB4.SA
2024-10-17,26.455856323242188,26.696980931575947,26.026353012875045,26.139380885439927,22310809,ITUB4.SA
2024-10-18,26.583955764770508,26.659306597292833,26.38804099483294,26.523673796062887,17703125,ITUB4.SA
2024-10-21,26.448318481445312,26.68944307353442,26.372967657053227,26.666838151889202,16873089,ITUB4.SA
2024-10-22,26.493534088134766,26.56135049201705,26.229804533238262,26.372971773273182,24850542,ITUB4.SA
2024-10-23,26.65930938720703,26.674379880961073,26.37297326260497,26.380509323663176,17395402,ITUB4.SA
2024-10-24,26.900432586669922,26.998388348269877,26.59149155220035,26.65930795627232,24236796,ITUB4.SA
2024-10-25,26.599021911621094,26.960708801835615,26.538741577433026,26.900428467647547,17380220,ITUB4.SA
2024-10-28,26.923036575317383,27.058669378742973,26.742192294629184,26.855220173604586,11933889,ITUB4.SA
2024-10-29,26.63670539855957,27.08127765232527,26.63670539855957,27.020995675186743,13225282,ITUB4.SA
2024-10-30,26.561342239379883,26.81753728240596,26.470920938418256,26.629158622191543,12081065,ITUB4.SA
2024-10-31,26.388042449951172,26.832616294417353,26.388042449951172,26.561350676999034,22748147,ITUB4.SA
2024-11-01,26.243030548095703,26.61243809970517,26.227954085289216,26.3862699782242,25777562,ITUB4.SA
2024-11-04,26.59736442565918,26.79337638371251,26.30334567398742,26.48427953846995,23226386,ITUB4.SA
2024-11-05,27.396484375,27.63019070140638,26.838603180497827,26.913993631905672,59510598,ITUB4.SA
2024-11-06,27.268325805664062,27.464339369939957,26.778295153341002,27.04215768696239,44058971,ITUB4.SA
2024-11-07,26.86876106262207,27.502031119453022,26.808448697676297,27.23816859577346,16816325,ITUB4.SA
2024-11-08,26.446582794189453,26.66521105878739,26.295803500920144,26.439042933475122,26247984,ITUB4.SA
2024-11-11,26.476741790771484,26.70290831092148,26.31842261997279,26.35611866918135,20677703,ITUB4.SA
2024-11-12,26.160099029541016,26.597358762440468,26.129944478003576,26.49935198969004,26591283,ITUB4.SA
2024-11-13,26.024404525756836,26.27318899203073,25.858547128785244,26.23549457340541,29706013,ITUB4.SA
2024-11-14,25.94900894165039,26.09224835585027,25.76053688569433,25.971625262528484,35013665,ITUB4.SA
2024-11-18,25.858545303344727,26.062097104572242,25.798232934455072,25.918856043051,20962992,ITUB4.SA
2024-11-19,26.09225082397461,26.160101422210204,25.752999461979975,25.85854447497238,18019798,ITUB4.SA
2024-11-21,25.639917373657227,25.956552426909585,25.639917373657227,25.813312992702578,28727441,ITUB4.SA
2024-11-22,25.715303421020508,25.933933293640806,25.587142093115443,25.933933293640806,14604143,ITUB4.SA
2024-11-25,25.707761764526367,25.79068880902336,25.609755002069726,25.70022190554654,27017291,ITUB4.SA
2024-11-26,26.197795867919922,26.506891027579023,25.76053775088641,25.78315407252409,30264922,ITUB4.SA
2024-11-27,25.55698585510254,26.27318457615878,25.42128466751261,26.145021619353525,26816070,ITUB4.SA
2024-11-28,24.637235641479492,25.50421365104167,24.599541228747785,25.458979378253677,44303925,ITUB4.SA
2024-11-29,24.57692527770996,24.825709708838936,24.26029025096703,24.697548377781068,41721478,ITUB4.SA
2024-12-02,24.228172302246094,24.627952443400055,24.137656382187142,24.431832714862303,25024231,ITUB4.SA
2024-12-03,24.499725341796875,24.529896232933417,24.273434692909955,24.296063268778852,23357474,ITUB4.SA
2024-12-04,24.650585174560547,24.778815947105013,24.40920826030484,24.446924727585923,25113058,ITUB4.SA
2024-12-05,25.178590774536133,25.269106690520463,24.74109745228948,24.876870511233147,36947243,ITUB4.SA
2024-12-06,24.665666580200195,25.186135143476186,24.650580322270585,25.103161539896167,24236456,ITUB4.SA
2024-12-09,24.78635597229004,24.99001801711876,24.703382365500662,24.703382365500662,18324009,ITUB4.SA
2024-12-10,25.12183952331543,25.258908008673053,24.90100412945218,24.931464524250895,21447916,ITUB4.SA
2024-12-11,25.36551284790039,25.700572189146357,24.862924658840434,25.144679142288588,35985666,ITUB4.SA
2024-12-12,24.73348045349121,25.26652924653657,24.649715172978755,25.129459086719578,27479555,ITUB4.SA
2024-12-13,24.413644790649414,24.84769966389882,24.406030514635535,24.7715503212867,27998356,ITUB4.SA
2024-12-16,24.147123336791992,24.451724034944046,24.147123336791992,24.37557303759677,37414605,ITUB4.SA
2024-12-17,24.276580810546875,24.505030526418224,24.063361295149434,24.215660008651245,45447689,ITUB4.SA
2024-12-18,23.583614349365234,24.246117288168882,23.507463356799324,24.192812416181958,58162101,ITUB4.SA
2024-12-19,23.713069915771484,24.017668966488387,23.537925091345098,23.75114459140878,53287369,ITUB4.SA
2024-12-20,23.98720359802246,24.002433794245665,23.65214421796647,23.65214421796647,60210112,ITUB4.SA
2024-12-23,23.522695541381836,23.84252480030722,23.416085788406708,23.705454647733895,31425454,ITUB4.SA
2024-12-26,23.67499351501465,23.781604910307006,23.446543816339478,23.492234414321917,23278278,ITUB4.SA
2024-12-27,23.438926696777344,23.78160202603918,23.438926696777344,23.720681236117827,15418543,ITUB4.SA
2024-12-30,23.400848388671875,23.659758414358404,23.400848388671875,23.507458108845494,32151480,ITUB4.SA
2025-01-02,23.29238510131836,23.50572706222419,23.040946596902725,23.353340888184977,29053972,ITUB4.SA
2025-01-03,22.720935821533203,23.33048386892567,22.720935821533203,23.307626269953502,40039200,ITUB4.SA
2025-01-06,23.74193572998047,23.810508541916406,22.94190147852189,23.018096236057676,35104078,ITUB4.SA
2025-01-07,24.000988006591797,24.27528578391419,23.80288497106109,23.8638391179306,28624338,ITUB4.SA
2025-01-08,23.612401962280273,23.932414956760425,23.513351262025335,23.78764740876663,21783171,ITUB4.SA
2025-01-09,23.67336082458496,23.749553934118225,23.559069513720914,23.627643970926513,11465733,ITUB4.SA
2025-01-10,23.34572410583496,23.726692891408508,23.277149658569165,23.66573709536606,21853643,ITUB4.SA
2025-01-13,23.51335334777832,23.719075064441864,23.338107885746805,23.338107885746805,17535780,ITUB4.SA
2025-01-14,23.528589248657227,23.58192309899129,23.17809837002398,23.56668579693234,22928521,ITUB4.SA
2025-01-15,24.549585342407227,24.602920845826453,23.673359685252514,23.74955279111882,40308287,ITUB4.SA
2025-01-16,24.473392486572266,24.679114203825847,24.267670769318684,24.496250089252868,24765227,ITUB4.SA
2025-01-17,24.648639678955078,24.816266501214486,24.450536599837402,24.587685518674334,23627808,ITUB4.SA
2025-01-20,24.88484001159668,25.067705790693093,24.53434905210649,24.53434905210649,10462575,ITUB4.SA
2025-01-21,24.938173294067383,25.067701897279456,24.78578544291601,24.884836146585005,15918423,ITUB4.SA
2025-01-22,24.84674072265625,25.113418239346476,24.77054761690592,25.029604835082672,23835940,ITUB4.SA
2025-01-23,24.79340171813965,25.04484024886032,24.63339523072069,24.922930308936756,22913792,ITUB4.SA
2025-01-24,24.732450485229492,24.839121489409216,24.61815918271463,24.709591236788103,9909218,ITUB4.SA
2025-01-27,25.32676124572754,25.3800967511568,24.61816072408678,24.732452033757557,22917984,ITUB4.SA
2025-01-28,25.372478485107422,25.486769796517844,25.121039905194312,25.326761631230422,16244500,ITUB4.SA
2025-01-29,25.3115234375,25.562962008581973,25.296284486742895,25.479148602699947,13655935,ITUB4.SA
2025-01-30,25.92868995666504,26.042981262810173,25.319141812437937,25.319141812437937,29709865,ITUB4.SA
2025-01-31,25.761066436767578,26.073459180823818,25.761066436767578,26.02012532020141,20432975,ITUB4.SA
2025-02-03,25.522953033447266,25.759276047234778,25.33999173969873,25.675420503667,25677405,ITUB4.SA
2025-02-04,25.614429473876953,25.835505546703974,25.32474313088318,25.461962023792612,23154667,ITUB4.SA
2025-02-05,26.00322151184082,26.23192187737405,25.728780414231274,25.782143777941556,45348664,ITUB4.SA
2025-02-06,26.048961639404297,26.216674358277036,25.118913288162712,25.385730100522157,44044581,ITUB4.SA
2025-02-07,25.85837745666504,26.277661720529778,25.6906630921495,26.140441176366902,40083613,ITUB4.SA
2025-02-10,26.140439987182617,26.331022237156493,25.926986549272645,25.96510299926742,42687021,ITUB4.SA
2025-02-11,26.414880752563477,26.605464659607613,26.22429849294346,26.22429849294346,35512412,ITUB4.SA
2025-02-12,25.683040618896484,26.384386959356956,25.561066984158984,26.224298520080133,34311545,ITUB4.SA
2025-02-13,25.820261001586914,25.84313054313639,25.57631373364547,25.698287367616192,15168830,ITUB4.SA
2025-02-14,26.506359100341797,26.605463187801092,25.95747859866699,25.995596695906436,33546090,ITUB4.SA
2025-02-17,26.559722900390625,26.910396880391144,26.559722900390625,26.590216719718686,20231641,ITUB4.SA
2025-02-18,26.515289306640625,26.635086481728138,26.243746626834202,26.60313987800726,34668327,ITUB4.SA
2025-02-19,26.26771354675293,26.419457370794294,26.155902126310764,26.395498273816983,25496918,ITUB4.SA
2025-02-20,26.195837020874023,26.387513254112516,26.076038080666653,26.267714313905145,17946380,ITUB4.SA
2025-02-21,26.115966796875,26.20381911049754,25.988182084126986,26.171872500832826,34362303,ITUB4.SA
2025-02-24,25.972209930419922,26.33160499029975,25.812480326838593,26.251738462598166,29019415,ITUB4.SA
2025-02-25,26.235767364501953,26.467377725457567,26.060064440596886,26.17986165336247,29667378,ITUB4.SA
2025-02-26,26.171875,26.49932346555445,26.155901693642342,26.47536264306246,24486962,ITUB4.SA
2025-02-27,26.14791488647461,26.451402517733836,26.14791488647461,26.331605313577068,23485390,ITUB4.SA
2025-02-28,25.508991241455078,26.283685349880315,25.508991241455078,26.147914840227262,40016653,ITUB4.SA
2025-03-05,25.89067840576172,26.026525705936248,25.571040848458093,25.898670337641768,29404182,ITUB4.SA
2025-03-06,25.938627243041992,26.154383521010445,25.73885310346364,25.890680827871677,21081617,ITUB4.SA
2025-03-07,26.050500869750977,26.306211634039652,25.77081776095566,25.874699071728017,23391804,ITUB4.SA
2025-03-10,26.282238006591797,26.282238006591797,25.778808402256963,25.93063613147242,31361893,ITUB4.SA
2025-03-11,26.050500869750977,26.330183978546298,25.898673143099995,26.330183978546298,21005253,ITUB4.SA
2025-03-12,26.13041114807129,26.21032184521479,25.89867444351868,26.14639328749999,20300754,ITUB4.SA
2025-03-13,26.55393409729004,26.63384307448468,26.082468714229872,26.130413409800433,32681045,ITUB4.SA
2025-03-14,27.416950225830078,27.608732410169452,26.633835898236587,26.68977251257433,35848233,ITUB4.SA
2025-03-17,28.24002456665039,28.3279254766045,27.369010854581074,27.40097513581267,30713817,ITUB4.SA
2025-03-18,28.391845703125,28.64675690116104,28.259996095751443,28.400637173566363,30775164,ITUB4.SA
2025-03-19,28.462173461914062,28.664344516778456,28.339111843768265,28.567653862115872,25414117,ITUB4.SA
2025-03-20,28.198467254638672,28.611597306757808,27.996296237104612,28.418217760005184,32136515,ITUB4.SA
2025-03-21,28.260000228881836,28.391849855538894,28.11056938563588,28.224839522569436,49041184,ITUB4.SA
2025-03-24,28.2863712310791,28.409431120564406,28.07541043375258,28.198472050103387,32838563,ITUB4.SA
2025-03-25,28.514911651611328,28.963204184295552,28.391850042141815,28.391850042141815,19574017,ITUB4.SA
2025-03-26,28.207256317138672,28.65554881526825,28.092986188262092,28.611598367192965,32860090,ITUB4.SA
2025-03-27,28.242412567138672,28.303942493994683,28.092981757994078,28.25999377971539,29373952,ITUB4.SA
2025-03-28,27.855655670166016,28.2512062417844,27.66227439296378,28.110566882787538,22939851,ITUB4.SA
2025-03-31,27.609539031982422,27.776549379300857,27.32825681104718,27.776549379300857,26139340,ITUB4.SA
2025-04-01,27.61626434326172,27.85372953409998,27.41397962865337,27.60746965616333,12749134,ITUB4.SA
2025-04-02,27.625059127807617,27.809754457318757,27.422774425137803,27.589878653654004,12147820,ITUB4.SA
2025-04-03,28.117576599121094,28.319861297994823,27.34361827711958,27.39638812344159,32876673,ITUB4.SA
2025-04-04,27.38759422302246,27.91529270138692,27.185309518343374,27.774574259047252,32585286,ITUB4.SA
2025-04-07,27.440359115600586,27.809749711586377,26.859889166386317,27.176509924064995,33261069,ITUB4.SA
2025-04-08,27.449159622192383,27.941679369404763,27.25566959808492,27.73939465835357,37102660,ITUB4.SA
2025-04-09,27.95047378540039,28.45178821469683,27.10615620160539,27.264465748566952,37906369,ITUB4.SA
2025-04-10,27.836137771606445,28.179142633868796,27.378798531202047,27.84493245795026,36347258,ITUB4.SA
2025-04-11,27.976856231689453,28.258294816721616,27.65144076194575,27.932881074814027,28350853,ITUB4.SA
2025-04-14,28.434194564819336,28.601298773508915,28.117573790675845,28.284679727201485,27027200,ITUB4.SA
2025-04-15,28.79479217529297,28.83876733601401,28.319861821774772,28.399017456639893,25716216,ITUB4.SA
2025-04-16,28.75081443786621,28.953099122352064,28.58371022437149,28.671658810095174,32431301,ITUB4.SA
2025-04-17,28.803586959838867,28.87394790836635,28.46058208731713,28.645277417406433,20502356,ITUB4.SA
2025-04-22,29.366470336914062,29.498394103819805,28.689255216208597,28.75961444336923,21624747,ITUB4.SA
2025-04-23,29.982114791870117,30.05247228087337,29.507184462736433,29.63031352416447,28074813,ITUB4.SA
2025-04-24,30.562583923339844,30.6153520385611,29.964521094459894,30.034882037093812,27701953,ITUB4.SA
2025-04-25,30.448253631591797,30.756078080252067,30.342713919356076,30.562591487547504,32716096,ITUB4.SA
2025-04-28,30.773658752441406,30.844016229016177,30.31631787634672,30.439446916024302,15664343,ITUB4.SA
2025-04-29,31.019926071166992,31.151849834710276,30.65053538643847,30.782462605654523,25215842,ITUB4.SA
2025-04-30,31.29256820678711,31.38051852444003,30.808843187532226,30.826432559928335,32424606,ITUB4.SA
2025-05-02,31.21131134033203,31.396098359576914,30.577758809253627,31.167312619975224,39184393,ITUB4.SA
2025-05-05,30.656946182250977,31.14091129711754,30.57775471949902,31.017721119893576,28440154,ITUB4.SA
2025-05-06,30.498558044433594,30.692144079241036,30.287373907805005,30.639346316390192,17773062,ITUB4.SA
2025-05-07,30.83293342590332,30.920927395463565,30.56015246600532,30.727341353908532,13799837,ITUB4.SA
2025-05-08,31.07931900024414,31.677671803996407,30.920929154547444,31.325699363119327,34181683,ITUB4.SA
2025-05-09,32.75999069213867,32.77758879422904,31.492885852982873,32.02964525367631,59744738,ITUB4.SA
2025-05-12,32.100040435791016,32.94477697723787,31.897655351287092,32.94477697723787,27701747,ITUB4.SA
2025-05-13,32.49600601196289,32.654395832017286,32.13523457777455,32.276022839855116,25374256,ITUB4.SA
2025-05-14,32.715999603271484,32.85678789531116,32.390424300975575,32.50481543651804,18405585,ITUB4.SA
2025-05-15,33.15597152709961,33.23516646708273,32.751201230950855,32.874391439042114,27141221,ITUB4.SA
2025-05-16,33.34954833984375,33.43754230895838,32.88318134075248,33.15596229926907,30524874,ITUB4.SA
2025-05-19,33.74552917480469,33.95671337844526,33.182368993504184,33.27916204162182,25052690,ITUB4.SA
2025-05-20,33.7015266418457,33.77191905629364,33.314354532831054,33.77191905629364,18517546,ITUB4.SA
2025-05-21,33.023983001708984,33.613540351833976,32.75120196119103,33.60473784062762,20822892,ITUB4.SA
2025-05-22,32.79519271850586,33.20876197700097,32.680798131894804,33.12076800281661,23576494,ITUB4.SA
2025-05-23,33.191158294677734,33.191158294677734,31.99444252135403,32.20563009833147,20729677,ITUB4.SA
2025-05-26,33.26155471801758,33.65752585447404,33.0327724703633,33.10316488047998,6695412,ITUB4.SA
2025-05-27,33.525535583496094,33.98310006454741,33.32315049594168,33.701523518079256,15157789,ITUB4.SA
2025-05-28,33.25276565551758,33.56954196836136,33.173570712959496,33.50794859100729,14984646,ITUB4.SA
2025-05-29,32.988773345947266,33.40233907905279,32.86557972791306,33.138360657292914,18040759,ITUB4.SA
2025-05-30,32.935977935791016,33.19116078290197,32.63679983437854,33.11196586777186,32129614,ITUB4.SA
2025-06-02,32.70502471923828,33.24203742020726,32.599379360700475,33.16280513081341,23768074,ITUB4.SA
2025-06-03,32.5993766784668,32.70502202831224,32.37928969416268,32.58177027316546,24216330,ITUB4.SA
2025-06-04,32.520145416259766,32.828267862986344,32.28244858545803,32.722625980080615,17784701,ITUB4.SA
2025-06-05,32.123985290527344,32.57296239737289,32.02714661624443,32.57296239737289,25542146,ITUB4.SA
2025-06-06,32.203224182128906,32.352882095503546,31.956724115545047,32.10638202891969,18733537,ITUB4.SA
2025-06-09,32.035953521728516,32.24723729749903,31.578169701546656,32.10637914097293,24664895,ITUB4.SA
2025-06-10,31.986282348632812,32.50162018306806,31.959628026839013,32.43053850054763,20974508,ITUB4.SA
2025-06-11,32.27949523925781,32.51050637851891,31.75527604274801,31.959632856187635,16665400,ITUB4.SA
2025-06-12,32.52826690673828,32.72373886970737,32.03958699931555,32.0662413148833,22525482,ITUB4.SA
2025-06-13,32.13733673095703,32.29726967493075,31.906325581724744,32.13733673095703,14821597,ITUB4.SA
2025-06-16,32.72374725341797,33.07026391778346,32.448308782109784,32.45719355624194,17874002,ITUB4.SA
2025-06-17,32.91921615600586,32.9547552491765,32.67043203060119,32.86590402517984,20133513,ITUB4.SA
2025-06-18,32.72374725341797,32.945873588862796,32.61712647276163,32.81259499473959,20285232,ITUB4.SA
2025-06-20,32.554927825927734,32.581582146902186,32.332801502333574,32.44830705095973,21841974,ITUB4.SA
2025-06-23,32.483848571777344,32.554930257421766,32.119562351374405,32.554930257421766,14711387,ITUB4.SA
2025-06-24,33.0969123840332,33.390120351725685,32.50161516715791,32.626005474069025,20742037,ITUB4.SA
2025-06-25,32.501625061035156,32.99918644014316,32.37723122518732,32.963647339084254,20384627,ITUB4.SA
2025-06-26,32.26172637939453,32.688209565951915,32.16399035821922,32.54604966745642,23717707,ITUB4.SA
2025-06-27,32.22617721557617,32.30614016978571,31.93296924359841,31.986277879738104,14240265,ITUB4.SA
2025-06-30,32.83036804199219,32.83925281612649,31.91520488652528,32.11956167375507,30712643,ITUB4.SA
2025-07-01,32.979393005371094,33.04161963274748,32.721604462108374,32.82827269291634,18712010,ITUB4.SA
2025-07-02,32.71271514892578,33.13940557757327,32.4904826608682,32.979396230238116,20331479,ITUB4.SA
2025-07-03,33.52164840698242,33.601653091358344,32.74827910531973,32.74827910531973,13945170,ITUB4.SA
2025-07-04,33.5394172668457,33.77054223540103,33.40607849121866,33.512750210267946,7528785,ITUB4.SA
2025-07-07,33.094966888427734,33.583880604111584,33.02385470632084,33.548324513058134,13885121,ITUB4.SA
2025-07-08,33.014949798583984,33.174959133744224,32.801606346862656,33.03272783743768,21526588,ITUB4.SA
2025-07-09,32.330482482910156,32.97051299915087,32.23269975186732,32.961623977486916,16093132,ITUB4.SA
2025-07-10,31.334875106811523,31.912678941373944,31.325986085721265,31.912678941373944,39571879,ITUB4.SA
2025-07-11,31.077077865600586,31.290421321880956,30.872623428937022,31.245976223796944,43139284,ITUB4.SA
2025-07-14,31.023744583129883,31.139305333998028,30.677058837786795,31.05041164269823,26665052,ITUB4.SA
2025-07-15,31.130416870117188,31.30820425589199,30.837068731410373,31.023745137200045,27356285,ITUB4.SA
2025-07-16,31.28153419494629,31.37931690938599,31.005967584675208,31.192643993399983,27655294,ITUB4.SA
2025-07-17,31.752662658691406,31.859334369540612,31.28152723167692,31.29930876076678,25587775,ITUB4.SA
2025-07-18,31.17485809326172,31.75266527880392,31.10374594198633,31.485984233306382,32227155,ITUB4.SA
2025-07-21,31.539329528808594,31.628223232313445,31.121531567253175,31.15708765155947,12354541,ITUB4.SA
2025-07-22,31.112634658813477,31.770443008153627,31.05929705313653,31.557099570922322,23330324,ITUB4.SA
2025-07-23,31.459320068359375,31.58376983726917,30.988188051899748,31.077078249164888,13271962,ITUB4.SA
2025-07-24,31.165973663330078,31.352650073391363,30.979297253268797,31.352650073391363,11460089,ITUB4.SA
2025-07-25,31.299318313598633,31.54821788396716,31.139308952119542,31.139308952119542,18518061,ITUB4.SA
2025-07-28,30.64150619506836,31.397100909493727,30.35704704955221,31.36154133334231,17849385,ITUB4.SA
2025-07-29,30.81928825378418,30.9881866061854,30.552607196214634,30.614833824135726,16655821,ITUB4.SA
2025-07-30,31.17485809326172,31.343756438017323,30.499271699715855,30.677055570642608,19531787,ITUB4.SA
2025-07-31,31.254867553710938,31.308205168092915,30.792621035776097,30.828180609610353,22001830,ITUB4.SA
2025-08-01,31.066007614135742,31.80419129942957,30.89702441728212,31.661892050942765,16498643,ITUB4.SA
2025-08-04,31.39507484436035,31.626312417497534,31.15494378721733,31.519587114934776,17430072,ITUB4.SA
2025-08-05,31.741941452026367,31.95539210256599,31.18163087348975,31.323933636845148,49690805,ITUB4.SA
2025-08-06,32.14215850830078,33.04043192860492,32.10658107440706,32.2755642755463,41157358,ITUB4.SA
2025-08-07,32.71136474609375,32.915921922496366,32.11548018970462,32.23110250201364,26887326,ITUB4.SA
2025-08-08,32.93370819091797,33.04043701453488,32.68468358779478,32.72025753267135,18329262,ITUB4.SA
2025-08-11,33.13825988769531,33.236091714435275,32.675784702737694,32.73804259047877,22695226,ITUB4.SA
2025-08-12,33.82308578491211,34.036536427518286,33.2538817416334,33.3161396350991,27812781,ITUB4.SA
2025-08-13,33.502906799316406,33.90312759172971,33.48511982978569,33.725250907436454,22618491,ITUB4.SA
2025-08-14,33.458438873291016,33.79640530257221,33.15605337523944,33.21830777416456,26818728,ITUB4.SA
2025-08-15,33.34281921386719,33.64520467249468,33.21830344326423,33.34281921386719,19527976,ITUB4.SA
2025-08-18,33.58294677734375,33.84975827052486,33.360602701528656,33.44064405278747,21658634,ITUB4.SA
2025-08-19,32.60716247558594,33.154958000837084,32.22999577726728,33.14597456493465,40817973,ITUB4.SA
2025-08-20,32.6251220703125,32.80472727503359,32.373677606463644,32.571242625966676,16894884,ITUB4.SA
2025-08-21,32.66104507446289,32.71492451855489,32.319794481410256,32.373677453953086,16147619,ITUB4.SA
2025-08-22,33.577022552490234,33.60396580194458,32.679003624762615,32.77778613022674,32623087,ITUB4.SA
2025-08-25,33.40639877319336,33.74764580397973,33.32557608661356,33.65784321094111,11064054,ITUB4.SA
2025-08-26,33.1818962097168,33.487223634496445,32.82268581423453,33.451300477877794,22088247,ITUB4.SA
2025-08-27,33.73866653442383,33.756626347680495,32.91248689701288,33.04718902488842,12612968,ITUB4.SA
2025-08-28,34.439125061035156,34.77139220234864,33.87337328295551,33.981135694420715,25167947,ITUB4.SA
2025-08-29,34.56485366821289,34.70853573387833,34.41219169397157,34.54689385106112,32600942,ITUB4.SA
2025-09-01,34.84125518798828,35.10179904450116,34.580707801405666,34.67055160608692,14863209,ITUB4.SA
2025-09-02,34.24828338623047,34.571718919626605,34.10453190689714,34.27523546482951,24358676,ITUB4.SA
2025-09-03,33.95180130004883,34.401016748417824,33.80805334499018,34.24828476679734,20686108,ITUB4.SA
2025-09-04,34.08656311035156,34.45492229677365,33.70023940199153,33.942815164225635,15877244,ITUB4.SA
2025-09-05,34.46391296386719,34.87719235994469,34.22133715488947,34.42797685292822,15664343,ITUB4.SA
2025-09-08,34.30219268798828,34.508832360445204,33.93383347618707,34.46390869726317,11800195,ITUB4.SA
2025-09-09,34.00570297241211,34.47288639123985,33.96077931748252,34.47288639123985,19497179,ITUB4.SA
2025-09-10,34.032657623291016,34.4549209492194,33.96078188800458,34.01468957198666,14517129,ITUB4.SA
2025-09-11,34.095550537109375,34.80530976911268,34.095550537109375,34.185390796804114,18078972,ITUB4.SA
2025-09-12,33.58344268798828,33.92484625773142,33.47562731852301,33.88891015462237,22589754,ITUB4.SA
2025-09-15,34.14046859741211,34.30218811519773,33.6103934469998,33.70023723131749,14196181,ITUB4.SA
2025-09-16,34.050628662109375,34.365080177731784,33.84398899384124,34.31117248901998,19993536,ITUB4.SA
2025-09-17,34.53578567504883,34.877189289119045,34.01469446196501,34.0775826505711,25226348,ITUB4.SA
2025-09-18,34.58070755004883,34.63461524449363,34.284224055776654,34.53578741306958,15433005,ITUB4.SA
2025-09-19,35.038909912109375,35.038909912109375,34.54477076465607,34.58969090075654,26702853,ITUB4.SA
2025-09-22,34.53578567504883,34.91312539689395,34.39203418381014,34.79632951655597,18325039,ITUB4.SA
2025-09-23,35.083824157714844,35.25452770637514,34.562733016091286,34.562733016091286,16930110,ITUB4.SA
2025-09-24,34.85023880004883,35.16469034765022,34.778363051146606,35.09281459874801,18713452,ITUB4.SA
2025-09-25,34.57172393798828,35.056879073541246,34.562739910484495,34.86820743582233,15146768,ITUB4.SA
2025-09-26,34.74241638183594,34.91311637974894,34.58069687847771,34.62562053166327,12786935,ITUB4.SA
2025-09-29,34.94008255004883,35.36234595532081,34.9131269379583,35.11078259958387,19124422,ITUB4.SA
2025-09-30,35.1017951965332,35.48812245529129,34.787343679654825,35.39827866045899,33263438,ITUB4.SA
2025-10-01,34.470497131347656,35.4232661487965,34.42555669585403,35.28844131065073,25519177,ITUB4.SA
2025-10-02,34.09298324584961,34.785090672061536,34.057030897560885,34.5334136390459,17094601,ITUB4.SA
2025-10-03,34.34465789794922,34.34465789794922,33.904227535285415,34.07500470948271,17766985,ITUB4.SA
2025-10-06,33.94916534423828,34.38060758711494,33.94916534423828,34.3356671583421,14832309,ITUB4.SA
2025-10-07,33.40986633300781,33.913213319056105,33.23009753418214,33.904228763946044,20705472,ITUB4.SA
2025-10-08,33.472782135009766,33.66153901606838,33.30200495873289,33.481770221568304,15395204,ITUB4.SA
2025-10-09,33.418853759765625,33.63457490143008,33.22110879129577,33.63457490143008,18067539,ITUB4.SA
2025-10-10,33.382896423339844,33.760410170592834,33.28402394342428,33.589629469375616,23250808,ITUB4.SA
2025-10-13,33.517723083496094,33.73344420481944,33.508734997746316,33.508734997746316,8194989,ITUB4.SA
2025-10-14,33.66154098510742,34.01209050805451,33.42784365758594,33.42784365758594,21154861,ITUB4.SA
2025-10-15,33.66154098510742,33.88625022554461,33.310994993825204,33.54469232134668,21972166,ITUB4.SA
2025-10-16,33.58064651489258,33.976136494992765,33.34694917452976,33.54469416457985,15847580,ITUB4.SA
2025-10-17,33.69749450683594,33.81433963075456,33.26604869865945,33.391888972362594,17469315,ITUB4.SA
2025-10-20,34.29971694946289,34.470497670338816,33.77839023126078,33.81434258021785,19114019,ITUB4.SA
2025-10-21,33.976139068603516,34.36264099040211,33.949174803826494,34.29972084092374,14013871,ITUB4.SA
2025-10-22,34.2547721862793,34.2547721862793,33.922202405441126,34.09297957307993,13890374,ITUB4.SA
2025-10-23,34.227813720703125,34.46151106228486,34.04804490487175,34.380614741994236,11432588,ITUB4.SA
2025-10-24,34.18286895751953,34.62330289925033,34.137928520437306,34.497462612090104,10169911,ITUB4.SA
2025-10-27,34.470497131347656,34.704194459244285,34.32668067443829,34.44353287005148,11194349,ITUB4.SA
2025-10-28,34.587345123291016,34.587345123291016,34.326680007497856,34.37162397378313,10478499,ITUB4.SA
2025-10-29,35.360347747802734,35.51314875240528,34.65026418132103,34.65026418132103,27235466,ITUB4.SA
2025-10-30,35.31540298461914,35.66594895078188,35.07271758740375,35.29742681173868,18657008,ITUB4.SA
2025-10-31,35.450233459472656,35.62101064368998,35.34236935242564,35.450233459472656,16449821,ITUB4.SA
2025-11-03,36.04161834716797,36.08658243644078,35.56502232030012,35.87975681222559,17968144,ITUB4.SA
2025-11-04,35.93370056152344,36.12254191646176,35.79881539367257,36.01463307553203,20386481,ITUB4.SA
2025-11-05,36.086578369140625,36.11355469971619,35.34020495725139,35.93370542938777,36312135,ITUB4.SA
2025-11-06,36.086578369140625,36.680075308031356,35.978669513592706,36.050606395127545,23226500,ITUB4.SA
2025-11-07,36.12255096435547,36.149527298033576,35.76285238232977,36.08658251945132,12706904,ITUB4.SA
2025-11-10,36.3653450012207,36.43728542421031,36.16751148793384,36.284412467013155,16552409,ITUB4.SA
2025-11-11,37.06674575805664,37.20163092809144,36.36533651403427,36.50921732643361,37289193,ITUB4.SA
2025-11-12,36.221473693847656,37.18366155290859,36.08658846996907,37.0667605544476,36789128,ITUB4.SA
2025-11-13,36.3653450012207,36.913881451745524,36.13154304306207,36.38332922365659,33686974,ITUB4.SA
2025-11-14,36.509220123291016,36.58115700175631,36.15851370779069,36.347355080253095,17006742,ITUB4.SA
2025-11-17,36.23944854736328,36.59914709567986,36.1405317999008,36.50922245860072,43985120,ITUB4.SA
2025-11-18,36.059600830078125,36.28441066585929,35.879755081400724,35.92471563525861,17147337,ITUB4.SA
2025-11-19,35.83478927612305,36.14952373777525,35.7358725291326,36.014638549423076,25766686,ITUB4.SA
2025-11-21,35.94269561767578,35.99665180918746,35.5650164100759,35.83478676789789,16502454,ITUB4.SA
2025-11-24,35.80780792236328,36.122542339867884,35.71788329832694,35.89773254639963,29014997,ITUB4.SA
2025-11-25,35.88874435424805,36.16750683261535,35.72687930666749,35.96967334479272,30345963,ITUB4.SA
2025-11-26,36.73403549194336,36.78798815895404,35.942701443151684,36.059602421587535,22251296,ITUB4.SA
2025-11-27,36.608131408691406,36.761004333892984,36.491233987324215,36.56317086201172,9469408,ITUB4.SA
2025-11-28,37.44443893432617,37.68723301486351,37.04877188956442,37.11172020422969,45311657,ITUB4.SA
2025-12-01,37.15443801879883,37.55926869262461,37.01949210436103,37.52328146589409,15912985,ITUB4.SA
2025-12-02,37.98208999633789,37.98208999633789,37.28038328185743,37.29837512727473,21175667,ITUB4.SA
2025-12-03,37.98208999633789,38.19799921083285,37.712201710847346,38.05406091275077,23159653,ITUB4.SA
2025-12-04,38.917701721191406,38.917701721191406,38.099044393654495,38.108040317276306,23199514,ITUB4.SA
2025-12-05,37.11845397949219,39.04364882623355,37.01949528328716,38.962681977566874,39832160,ITUB4.SA
2025-12-08,37.29838562011719,37.85615065868324,37.08247634488228,37.73920009582639,40458400,ITUB4.SA
2025-12-09,37.217411041259766,37.33436511461111,36.64165427159697,37.217411041259766,24725047,ITUB4.SA
2025-12-10,37.510318756103516,37.70053055348038,36.987227905298745,37.28205787283657,25643189,ITUB4.SA
2025-12-11,37.481781005859375,37.81465629748548,37.301075888129255,37.472270603546924,21275268,ITUB4.SA
2025-12-12,37.81466293334961,38.09998626348311,37.42472515942101,37.75760050946137,17595593,ITUB4.SA
2025-12-15,38.385311126708984,38.59454749645087,37.947817578502786,38.21411637441196,17767809,ITUB4.SA
2025-12-16,37.39619064331055,38.242646502627025,37.39619064331055,38.195094482169914,20379168,ITUB4.SA
2025-12-17,37.06330490112305,37.41520470146332,36.854072332859054,37.18694759345129,31625017,ITUB4.SA
2025-12-18,37.25353240966797,37.33912978698329,36.92065704179516,36.92065704179516,21898830,ITUB4.SA
2025-12-19,37.59591293334961,38.04291682960508,37.27254801511191,37.42472193951619,35446214,ITUB4.SA
2025-12-22,37.6719970703125,37.77661523415811,37.36765298122557,37.538847699117234,15858704,ITUB4.SA
2025-12-23,38.29019546508789,38.37578908672144,37.79563585560996,37.85270200692914,10490138,ITUB4.SA
2025-12-26,38.30256652832031,38.42012185732069,37.920521051313436,38.224200045884466,12196300,ITUB4.SA
2025-12-29,38.18500900268555,38.469095398279265,38.06745742884914,38.38093078367767,10657000,ITUB4.SA
2025-12-30,38.42991638183594,38.8609413787734,38.35154989916447,38.42991638183594,13764900,ITUB4.SA
2026-01-02,38.36932373046875,38.976959459788105,38.36932373046875,38.83975175368015,18846800,ITUB4.SA
2026-01-05,38.92796325683594,39.339586438763725,38.28112415764215,38.4575351609341,24438700,ITUB4.SA
2026-01-06,39.163177490234375,39.67280888885758,39.163177490234375,39.29058627454777,21959800,ITUB4.SA
2026-01-07,38.53593826293945,39.18277736697867,38.408529484356364,39.10437455305614,20894500,ITUB4.SA
2026-01-08,39.13377380371094,39.29058316482787,38.447731446838056,38.565337533018244,17209400,ITUB4.SA
2026-01-09,39.055362701416016,39.48659119819474,38.976959899311474,39.133769242150194,17023600,ITUB4.SA
2026-01-12,38.702545166015625,39.114168296234766,38.702545166015625,39.05536338964787,10672200,ITUB4.SA
2026-01-13,38.38893127441406,38.780956594925826,38.38893127441406,38.68295213411315,17397400,ITUB4.SA
2026-01-14,38.81035232543945,38.86915723774157,38.43793243008293,38.682947290063304,21222100,ITUB4.SA
2026-01-15,39.14357376098633,39.41799295397918,38.869158306623646,39.00636603380499,19093500,ITUB4.SA
2026-01-16,38.82014846801758,39.29057647122556,38.673138081364705,39.172970405080925,19742500,ITUB4.SA
2026-01-19,38.761348724365234,39.074967434909965,38.741747087627445,38.92796076732146,7190900,ITUB4.SA
2026-01-20,39.123966217041016,39.29057824534607,38.29091729140453,38.565332704342744,20693900,ITUB4.SA
2026-01-21,40.83907699584961,40.937085187648805,39.4375953701084,39.46699595833304,39510800,ITUB4.SA
2026-01-22,42.22096252441406,42.70118955700307,41.06449208462615,41.12329325837905,42959700,ITUB4.SA
2026-01-23,42.70119094848633,43.03441131892151,42.18176062404892,42.32876730185167,41025100,ITUB4.SA
2026-01-26,43.269622802734375,43.45583273765173,42.41696845662112,42.64238166371997,25371700,ITUB4.SA
2026-01-27,44.416297912597656,45.1513425652624,43.79885935754275,43.88706486540774,40280000,ITUB4.SA
2026-01-28,45.41594696044922,45.49434975837469,44.72010577235684,44.729904720111485,36337500,ITUB4.SA
2026-01-29,45.2297477722168,46.11179908589858,44.739718018405696,45.74917811489486,36252700,ITUB4.SA
2026-01-30,44.59270477294922,45.45515813185784,44.08307341262276,45.17093999537442,38117000,ITUB4.SA
2026-02-02,44.98310470581055,45.19880143900539,44.54190089225904,44.89486394310025,28095400,ITUB4.SA
2026-02-03,45.23801803588867,46.06159719834193,44.992905234445736,45.39489007920717,48570600,ITUB4.SA
2026-02-04,43.747737884521484,45.081152309637794,43.188880918130835,45.002718147050096,48683500,ITUB4.SA
2026-02-05,44.63014221191406,44.98310526715994,43.865391418964506,44.355617053444945,36014400,ITUB4.SA
2026-02-06,45.836090087890625,46.02237445517209,44.22815084151605,44.698766932640986,38175900,ITUB4.SA
2026-02-09,47.3656005859375,47.45384134683527,45.826292443706706,46.081208119564344,41656900,ITUB4.SA
2026-02-10,47.473445892333984,48.22839377442954,47.2479425623768,47.36559940071281,43939300,ITUB4.SA
2026-02-11,48.404869079589844,48.699003657431895,47.64992129438332,47.84601225965272,45819200,ITUB4.SA
2026-02-12,47.29697036743164,48.1401553082461,46.93420070880681,48.091133493333885,42023800,ITUB4.SA
2026-02-13,46.836158752441406,47.1302933925489,45.689028793859855,47.1302933925489,32353500,ITUB4.SA
2026-02-18,47.05186080932617,47.473451438850404,46.59104748898283,47.130294970589404,23368500,ITUB4.SA
2026-02-19,47.60090255737305,48.20878122279213,46.99302389195395,47.159698792099384,32026400,ITUB4.SA
2026-02-20,48.26761245727539,48.326440876122525,47.08126739479215,47.11067973415345,31655900,ITUB4.SA
2026-02-23,46.52241134643555,47.93425976314583,46.36553930013441,47.84601900334365,34148200,ITUB4.SA
2026-02-24,47.228328704833984,47.40481020582962,46.32631546874451,46.70869080752697,38465900,ITUB4.SA
2026-02-25,46.85576629638672,47.55188578865253,46.14984019711733,47.395013737717626,28980200,ITUB4.SA
2026-02-26,46.73810958862305,47.20872948291715,46.23808109360706,46.85576643225894,26516600,ITUB4.SA
2026-02-27,45.865509033203125,46.68908824636597,45.37528340013298,46.66947877222819,44765800,ITUB4.SA
2026-03-02,45.03982925415039,45.441974194728175,44.70634977644461,44.95155791587246,47144000,ITUB4.SA
2026-03-03,43.52934265136719,44.00994842867948,42.607357807286334,43.37240961814173,54352300,ITUB4.SA
2026-03-04,44.14726638793945,44.618069250767256,43.66666058860518,44.37286114126807,27146100,ITUB4.SA
2026-03-05,42.67601776123047,44.137459741177466,42.49947136451827,43.94129250512314,37085400,ITUB4.SA
2026-03-06,42.10713577270508,42.75448501536501,41.83250389447927,42.626975754083574,26063600,ITUB4.SA
2026-03-09,42.332725524902344,42.45042436328786,41.53824994724827,41.704993398074805,40970400,ITUB4.SA
2026-03-10,42.960453033447266,43.35278744132752,41.99923784987666,42.74467247653351,50383100,ITUB4.SA
2026-03-11,43.048736572265625,43.58819368323452,42.371963513949616,42.44062148762317,18482600,ITUB4.SA
2026-03-12,41.87173843383789,42.39158220752904,41.48921435424003,42.26407293380339,27095200,ITUB4.SA
2026-03-13,41.58729934692383,42.51908722530629,41.51864137149731,42.00905761973189,24896600,ITUB4.SA
2026-03-16,42.17579650878906,42.63678897026017,42.02867014061519,42.42100462802621,17777300,ITUB4.SA
2026-03-17,41.891357421875,42.54851717771167,41.459792445716964,42.0777180014722,22436600,ITUB4.SA
2026-03-18,41.4695930480957,42.21502777409181,41.45978637030202,41.68537737534385,23872800,ITUB4.SA
2026-03-19,41.76384353637695,41.783456890918174,40.57703354139384,40.90071001500155,32908000,ITUB4.SA
2026-03-20,41.09026336669922,41.80229803159153,40.744137500426014,41.64406852522535,37660900,ITUB4.SA
2026-03-23,42.30664825439453,42.662665543503984,41.594617448664174,42.06930590998059,27535500,ITUB4.SA
2026-03-24,42.069305419921875,42.33631838364357,41.49572117804078,42.02974710548418,18609000,ITUB4.SA
2026-03-25,42.623111724853516,43.01868737059015,42.37587788939035,42.6725615099373,35148900,ITUB4.SA
2026-03-26,41.47594451904297,42.36598778505861,41.47594451904297,42.217645983226426,18260900,ITUB4.SA
2026-03-27,40.99136734008789,41.34738463779494,40.7243543668076,41.34738463779494,27910700,ITUB4.SA
2026-03-30,41.139705657958984,41.59461874853111,40.77380066493434,41.53528127432901,18528100,ITUB4.SA
2026-03-31,42.99890899658203,43.15713850326952,41.68362692958397,41.822077276374394,33419700,ITUB4.SA
2026-04-01,43.3631706237793,43.808374676519726,43.03668362609806,43.37306245367853,26681100,ITUB4.SA
2026-04-02,42.83881378173828,43.54125071247375,42.01765601988051,42.1660561152666,17811800,ITUB4.SA
2026-04-06,43.02678680419922,43.274124037721926,42.73987470753688,42.8882747832105,11004600,ITUB4.SA
2026-04-07,42.997108459472656,43.00700406337021,42.185842546959364,42.8388127637156,20302000,ITUB4.SA
2026-04-08,44.500919342041016,45.242931121636325,44.22390281869357,45.213251858153974,35777600,ITUB4.SA
2026-04-09,45.262718200683594,45.47048059156638,44.5108145971743,44.71857698805709,22162900,ITUB4.SA
2026-04-10,45.579307556152344,45.886007100968015,45.28250361468998,45.34186591260921,29705900,ITUB4.SA
2026-04-13,45.34187316894531,45.549635583811764,44.758157021891364,45.27261525658901,31011600,ITUB4.SA
2026-04-14,46.03440475463867,46.341104283264535,45.361647176667965,45.51005102659876,23343300,ITUB4.SA
2026-04-15,46.538978576660156,46.905036655512966,45.876112774020065,45.876112774020065,28907200,ITUB4.SA
2026-04-16,46.479618072509766,46.96440076923052,46.02451841375452,46.766530203751294,22566300,ITUB4.SA
2026-04-17,46.30153274536133,47.38981891685689,46.252066049854015,46.994077804664514,39165500,ITUB4.SA
2026-04-20,45.87611770629883,46.52908797551307,45.737609433142374,46.30153813046071,19194500,ITUB4.SA
2026-04-22,44.55038833618164,45.76728726457219,44.500921636471574,45.76728726457219,25440000,ITUB4.SA
2026-04-23,43.709442138671875,44.639428904193785,43.6500798359107,44.42177467553719,20444200,ITUB4.SA
2026-04-24,43.89741897583008,44.04582285203095,43.422531855681584,43.986460546737135,18234600,ITUB4.SA
2026-04-27,43.521461486816406,44.085390080116106,43.511565883949146,44.02602778511262,13718400,ITUB4.SA
2026-04-28,43.63029098510742,44.13486110702748,42.73987911700206,43.21476620147167,27131800,ITUB4.SA
2026-04-29,42.41339111328125,43.54124838379076,42.3045621180449,43.382952692737966,18628100,ITUB4.SA
2026-04-30,42.729984283447266,43.096046150754326,42.67062575561044,42.85860071720562,22735500,ITUB4.SA
2026-05-04,41.966064453125,42.80736373299064,41.81759809754576,42.66879714813336,25336300,ITUB4.SA
2026-05-05,42.02545166015625,42.26299709478277,41.68893116356836,42.06504319520344,29386700,ITUB4.SA
2026-05-06,41.35240936279297,42.84695767060757,41.11486771131472,42.79747014118764,38718400,ITUB4.SA
2026-05-07,40.37254333496094,41.441488315064234,40.10530614602099,41.36230902333562,36335300,ITUB4.SA
2026-05-08,40.83773422241211,41.124767203370354,40.56060101357342,40.738759155157375,35920000,ITUB4.SA
2026-05-11,39.91725158691406,40.68926760717381,39.69950192964842,40.53090524979601,41215600,ITUB4.SA
2026-05-12,39.46195602416992,39.91725109977418,39.36298096788782,39.87765956699879,43381700,ITUB4.SA
2026-05-13,39.22441482543945,40.1547932023162,38.96707363512569,39.521343773322975,48564700,ITUB4.SA
2026-05-14,39.98653793334961,40.23397937161129,39.58073412562673,39.739096495087935,34925200,ITUB4.SA
2026-05-15,39.293697357177734,39.64011382703399,39.17492653546364,39.37287664643502,46869600,ITUB4.SA
2026-05-18,39.214515686035156,39.44216134226835,38.89779096643623,39.264003215536896,22993100,ITUB4.SA
2026-05-19,38.38311004638672,39.01655944751488,38.30393075907383,38.65034722042321,41150400,ITUB4.SA
2026-05-20,39.26400375366211,39.57083248182846,38.69983760316593,38.81861220638573,38261500,ITUB4.SA
2026-05-21,39.70939636230469,40.03602083534829,38.84830131393124,39.026459430926614,40949800,ITUB4.SA
2026-05-22,39.026458740234375,39.63021637318266,38.90768792289156,39.6005208371048,21539700,ITUB4.SA
2026-05-25,39.907352447509766,40.07561457869404,39.452061134798306,39.452061134798306,11436200,ITUB4.SA
2026-05-26,39.6500129699707,39.946941907381145,39.244209207856635,39.808375321633356,23046600,ITUB4.SA
2026-05-27,39.907352447509766,40.40223529410652,39.87766068492404,40.18448563339388,21601400,ITUB4.SA
2026-05-28,39.59062957763672,40.036024915516464,39.31349637880339,39.90735431220528,20196600,ITUB4.SA
2026-05-29,39.630218505859375,39.74898932959377,39.135335668700264,39.46195637788394,80334400,ITUB4.SA
2026-06-01,38.97487258911133,39.66802401504577,38.86594830794531,39.658119747282655,32832400,ITUB4.SA
2026-06-02,39.17292022705078,39.5987131256231,39.0838006953177,39.24223499869076,23121000,ITUB4.SA
2026-06-03,38.34114074707031,38.91546370360708,38.261921703480745,38.84614892915216,40844400,ITUB4.SA
2026-06-05,38.4500617980957,38.78673137282041,38.192603705531226,38.3708427611923,34727700,ITUB4.SA
2026-06-08,38.14309310913086,38.69761502680584,38.05397358267187,38.341136920969895,23153100,ITUB4.SA
2026-06-09,38.836246490478516,38.95507127253413,38.39064883605533,38.53917886928191,28212000,ITUB4.SA
2026-06-10,38.97487258911133,39.2026216418351,38.27182067278515,38.64809974561327,41470600,ITUB4.SA
2026-06-11,40.103721618652344,40.22254640282129,38.83624718119218,38.85605194144897,57558800,ITUB4.SA
2026-06-12,40.20273971557617,40.71765212545665,39.717536333342764,39.82646062084827,30651000,ITUB4.SA
2026-06-15,40.00469970703125,41.08403453717884,39.92548066974222,40.87608645298094,25132500,ITUB4.SA
2026-06-16,40.0542106628418,40.232449723581006,39.73734206094358,39.88587209331179,20052700,ITUB4.SA
2026-06-17,40.40078353881836,41.22266405206121,40.232448750730505,40.5493173449666,28205700,ITUB4.SA
2026-06-18,40.09381866455078,40.97510966630202,40.064109637304504,40.519607763117484,20051100,ITUB4.SA
2026-06-19,39.83591842651367,40.33549103115019,39.7260118436638,40.32550125608952,48413400,ITUB4.SA
2026-06-22,40.905006408691406,40.98493986061546,40.06572422067264,40.12567430961569,25404800,ITUB4.SA
2026-06-23,41.01490783691406,41.34462756744456,40.35547218728935,40.4853621245986,21074900,ITUB4.SA
2026-06-24,40.93497848510742,41.44454084042542,40.77511541172959,40.77511541172959,22041600,ITUB4.SA
2026-06-25,41.66435623168945,42.074005617420354,41.184766985816914,41.26469662107741,20778400,ITUB4.SA
2026-06-26,42.203895568847656,42.50363837113291,41.364613435587046,41.47451620765697,23047700,ITUB4.SA
2026-06-29,42.373748779296875,42.5735785862989,42.004066113776894,42.20389592077892,21151300,ITUB4.SA
2026-06-30,42.14394760131836,42.48365714402659,41.604408243234104,42.054024374970986,40172400,ITUB4.SA
2026-07-01,42.4220085144043,42.78185652222005,41.45242228565654,41.68232433218767,26405300,ITUB4.SA
2026-07-02,42.45199966430664,43.141705824596144,42.292067635265,42.691895801328926,15005100,ITUB4.SA
2026-07-03,42.721885681152344,42.87181981353131,42.511971794893235,42.77186372527867,9878400,ITUB4.SA
2026-07-06,42.541961669921875,42.651911841762704,42.03217570584738,42.4719916455321,19170500,ITUB4.SA
2026-07-07,42.41201400756836,43.16169607867115,42.34204398597851,42.65191013499634,21184500,ITUB4.SA
2026-07-08,41.87224197387695,42.31205789567455,41.542383845608946,42.31205789567455,18564500,ITUB4.SA
2026-07-09,42.57194519042969,42.73187720992022,41.92221921639184,41.93221711246756,18657300,ITUB4.SA
2026-07-10,44.281219482421875,44.32120344067175,43.21167338425857,43.371605404177934,28815100,ITUB4.SA
2026-07-13,43.50155258178711,44.62107675261554,43.46156862241603,44.09130263672963,17749900,ITUB4.SA
2026-07-14,43.611507415771484,43.98134951448077,43.22167333698598,43.79143142337715,15398000,ITUB4.SA
2026-07-15,43.12171173095703,43.60150779456738,43.03174973071258,43.50155171122029,18975900,ITUB4.SA
2026-07-16,42.53196334838867,43.21167541831132,42.32205327731617,43.21167541831132,18156600,ITUB4.SA
2026-07-17,41.94221115112305,42.59193712447403,41.85224915193722,42.481983146238,19576400,ITUB4.SA
2026-07-20,42.282066345214844,42.51196838019373,42.082150371687106,42.12213432900866,12612200,ITUB4.SA
2026-07-21,42.51197052001953,42.561952375727316,42.162120408546436,42.36203639213687,9834900,ITUB4.SA
2026-07-22,42.88181686401367,42.96178097042178,42.252082843823636,42.661908898500904,21986300,ITUB4.SA
2026-07-23,42.541961669921875,42.851827831339364,42.25208367568974,42.62192577790433,22570600,ITUB4.SA
2026-07-24,42.0821533203125,42.432007251769726,42.02218119320806,42.28206930784801,10443700,ITUB4.SA
2026-07-27,42.67190170288086,42.84183162016018,42.31205751520967,42.43200557776673,14920100,ITUB4.SA
2026-07-28,42.84183120727539,43.65148538808278,42.581939292312924,43.48155928552127,19096400,ITUB4.SA
2026-07-29,41.80227279663086,42.71188690815658,41.80227279663086,42.631922801811164,20532400,ITUB4.SA
2026-07-30,42.721885681152344,42.83183585299812,41.81227155096402,42.17211575652175,12531700,ITUB4.SA
2026-07-31,42.87181854248047,43.28164459309448,42.87181854248047,43.23166655044989,10285400,ITUB4.SA
2026-08-03,43.16999816894531,43.470001220703125,42.83000183105469,43.349998474121094,17043500,ITUB4.SA
2026-08-04,42.099998474121094,43.86000061035156,42.04999923706055,43.81999969482422,26508600,ITUB4.SA
2026-08-05,42.380001068115234,43.380001068115234,42.279998779296875,42.61000061035156,30166400,ITUB4.SA
2026-08-06,41.83000183105469,42.900001525878906,41.83000183105469,42.29999923706055,22055300,ITUB4.SA
2026-08-07,40.75,42.130001068115234,40.5,42.0099983215332,25577700,ITUB4.SA
2026-08-10,40.41999816894531,40.880001068115234,40.34000015258789,40.75,19652700,ITUB4.SA
2026-08-11,39.0,40.54999923706055,38.79999923706055,40.45000076293945,44710200,ITUB4.SA
2026-08-12,38.43000030517578,39.34000015258789,38.38999938964844,39.209999084472656,49492600,ITUB4.SA
2026-08-13,38.310001373291016,38.90999984741211,38.15999984741211,38.380001068115234,24129000,ITUB4.SA
2026-08-14,39.0,39.130001068115234,37.869998931884766,38.2599983215332,39681400,ITUB4.SA
2026-08-17,38.380001068115234,38.97999954223633,38.16999816894531,38.91999816894531,21823400,ITUB4.SA
2026-08-18,38.189998626708984,38.7400016784668,38.099998474121094,38.47999954223633,14745300,ITUB4.SA
2026-08-19,38.369998931884766,39.0,38.15999984741211,38.720001220703125,35577300,ITUB4.SA
2026-08-20,37.5099983215332,38.34000015258789,37.349998474121094,38.220001220703125,27458900,ITUB4.SA
2026-08-21,38.599998474121094,38.720001220703125,37.560001373291016,37.79999923706055,29492600,ITUB4.SA
2026-08-24,38.72999954223633,39.13999938964844,38.150001525878906,38.25,18970400,ITUB4.SA
2026-08-25,39.439998626708984,39.56999969482422,38.43000030517578,38.849998474121094,18255700,ITUB4.SA
2026-08-26,39.45000076293945,40.15999984741211,39.29999923706055,39.5,20036200,ITUB4.SA
2021-08-30,32.83341979980469,33.05720264826865,32.35004802760527,33.03034979914266,5335600,WEGE3.SA
2021-08-31,31.83087730407715,32.85132666564206,31.311699396105848,32.85132666564206,15163400,WEGE3.SA
2021-09-01,32.484317779541016,32.74390669270407,31.338547320104304,31.9472369163083,8836600,WEGE3.SA
2021-09-02,31.99201011657715,32.64545588164526,31.777176995007057,32.16208391910503,8597200,WEGE3.SA
2021-09-03,32.448509216308594,32.448509216308594,31.660792726126562,32.08150552451723,13005000,WEGE3.SA
2021-09-06,32.564903259277344,33.209395980143725,32.224752141677726,32.42168227523397,7104700,WEGE3.SA
2021-09-08,32.66334915161133,33.34364757279574,32.421663242667286,32.65439592461954,15224800,WEGE3.SA
2021-09-09,34.766902923583984,35.26817772548393,32.627539472479675,32.65439232118058,18308300,WEGE3.SA
2021-09-10,34.60578536987305,35.11601007700792,34.22983176026034,34.91013023155489,9863600,WEGE3.SA
2021-09-13,34.82061767578125,35.19657127711064,34.310392979888064,34.9101294623866,7557600,WEGE3.SA
2021-09-14,35.250282287597656,35.74260396963147,34.775860232119875,34.99069331200777,6674400,WEGE3.SA
2021-09-15,35.66204071044922,35.83211447386975,34.82061829164723,35.420354784753194,9827700,WEGE3.SA
2021-09-16,35.71575927734375,35.8589802251143,34.999651123834276,35.61729423550336,6141500,WEGE3.SA
2021-09-17,35.080204010009766,35.715750001930374,34.71320021324292,35.581478904353496,11435300,WEGE3.SA
2021-09-20,34.81166458129883,35.062300316475785,34.059753961112165,34.516272952648244,7290800,WEGE3.SA
2021-09-21,35.58148956298828,36.046958515457895,34.8295787035615,34.95489661102315,8918000,WEGE3.SA
2021-09-22,36.31549072265625,36.772009775802196,35.19657616153261,35.876878126903286,9876300,WEGE3.SA
2021-09-23,36.852569580078125,37.04054982777984,36.44080982731506,36.52137181499969,7578700,WEGE3.SA
2021-09-24,37.004730224609375,37.2822221729778,35.90371907151679,36.50345543826307,6960700,WEGE3.SA
2021-09-27,36.593406677246094,37.238225499657666,36.09188054688517,36.772523396401226,6418800,WEGE3.SA
2021-09-28,36.423240661621094,37.05910512267881,36.1097889963135,36.369508042635175,7499700,WEGE3.SA
2021-09-29,35.706787109375,36.71879384761169,35.384377641167355,36.71879384761169,7602400,WEGE3.SA
2021-09-30,35.49184036254883,35.76051370960069,34.84702159653079,35.55453069631536,7873300,WEGE3.SA
2021-10-01,35.97545623779297,36.351601711307104,35.16047836427438,35.6261804943375,5930200,WEGE3.SA
2021-10-04,34.7306022644043,35.80529928674875,34.300724138740044,35.724696924663725,9377000,WEGE3.SA
2021-10-05,33.61111831665039,34.86493175817293,33.49469536947243,34.83806544980368,7446600,WEGE3.SA
2021-10-06,33.593204498291016,33.77232118263867,32.57224383878594,33.13646019875275,7941000,WEGE3.SA
2021-10-07,33.63798141479492,34.15741596701841,33.109589150635145,33.96038730081324,6626600,WEGE3.SA
2021-10-08,34.614166259765625,34.900751569013366,33.92456929177375,34.076816242651326,7309300,WEGE3.SA
2021-10-11,34.587303161621094,34.927624562660554,33.89770606157376,34.59626087595654,5608500,WEGE3.SA
2021-10-13,36.3426399230957,36.611313253744775,34.676860490158006,34.68581478742071,10157500,WEGE3.SA
2021-10-14,36.36055374145508,36.85312557083954,35.715738338531565,36.35159944290593,5601000,WEGE3.SA
2021-10-15,35.93067169189453,36.67400479481733,35.84111505084288,36.530712119314565,4586500,WEGE3.SA
2021-10-18,36.14561462402344,36.5665383787173,35.464971811481576,35.75155718001486,5671000,WEGE3.SA
2021-10-19,35.24108123779297,35.81425546374949,34.79329111575561,35.67991706059128,5855200,WEGE3.SA
2021-10-20,35.93067169189453,36.43219776433763,34.93657726093361,35.36645870380877,7935400,WEGE3.SA
2021-10-21,35.24108123779297,35.948590450540195,34.39923703825504,35.24108123779297,10526100,WEGE3.SA
2021-10-22,34.82910919189453,35.30376554688062,33.49469676948828,34.48878780073645,12439500,WEGE3.SA
2021-10-25,35.420196533203125,35.82320830996369,34.847025746862485,35.20525919650907,7140900,WEGE3.SA
2021-10-26,35.518707275390625,35.72469029217319,34.8291101758836,35.25003392377715,8620500,WEGE3.SA
2021-10-27,35.10673904418945,36.566535498942905,35.044048713282876,35.83215670649893,9889100,WEGE3.SA
2021-10-28,33.87980270385742,35.03509863695975,33.60217159477292,34.91867566353476,8346500,WEGE3.SA
2021-10-29,33.136474609375,34.10370307566749,32.93944582927066,34.094745358552885,6366500,WEGE3.SA
2021-11-01,33.10063552856445,33.74545421300614,32.77822618634361,33.593203838572286,5526100,WEGE3.SA
2021-11-03,33.74546432495117,34.06787376378312,32.64390101985372,32.876750383250375,9360300,WEGE3.SA
2021-11-04,33.78127670288086,33.94248136669218,33.06481001200105,33.7454526850636,5138400,WEGE3.SA
2021-11-05,33.74546432495117,34.34550145671364,33.60217162062226,33.96040167326077,4935300,WEGE3.SA
2021-11-08,33.22602462768555,33.62903640792411,33.109601659457944,33.52156773864963,4916300,WEGE3.SA
2021-11-09,32.948394775390625,33.65590391890709,32.07968093040541,33.002127398302086,6209000,WEGE3.SA
2021-11-10,32.49164962768555,33.23498285790483,32.39313525583794,32.89466141416784,6490400,WEGE3.SA
2021-11-11,32.68867874145508,33.23498323416395,32.62598839800004,32.75136908491011,6100600,WEGE3.SA
2021-11-12,31.92743682861328,33.00213038035743,31.91847911307384,32.464783604485355,6540200,WEGE3.SA
2021-11-16,31.685626983642578,32.30357606349237,31.578154904772642,32.043856997440805,6011000,WEGE3.SA
2021-11-17,32.03489303588867,32.2767000158554,31.255739489128885,32.06175933931848,6058200,WEGE3.SA
2021-11-18,32.16923522949219,32.599116679583474,31.873695575967215,32.2140169671366,4434200,WEGE3.SA
2021-11-19,32.05280685424805,32.3035681440678,31.802042148061943,32.133409185456735,4636600,WEGE3.SA
2021-11-22,31.049755096435547,32.31252610035179,30.906462441691108,32.1513214367185,5763500,WEGE3.SA
2021-11-23,30.593019485473633,31.166190266669908,30.019848704277354,31.121411939957824,8878900,WEGE3.SA
2021-11-24,30.0288028717041,30.476592969600638,29.885510177031904,30.16314126761999,6562700,WEGE3.SA
2021-11-25,30.27060317993164,30.73630518779109,29.930281824886936,30.028796171060392,4754200,WEGE3.SA
2021-11-26,29.276512145996094,29.912376611412665,28.828722097420258,29.786992528063195,6526100,WEGE3.SA
2021-11-29,29.025753021240234,29.62579350851297,29.016798722788643,29.607881495242584,5887300,WEGE3.SA
2021-11-30,28.864547729492188,29.115309077429007,28.2824209755457,28.918283768207424,18230300,WEGE3.SA
2021-12-01,29.097402572631836,29.79595404431134,29.007842501668193,29.178004928315424,10971100,WEGE3.SA
2021-12-02,29.30337905883789,30.24373738729686,28.801853022688686,29.563094665639607,8249600,WEGE3.SA
2021-12-03,29.35710906982422,29.98401570532881,29.01679115553953,29.366066782306945,8404300,WEGE3.SA
2021-12-06,29.563100814819336,29.778041565410387,29.339205765455347,29.446677848934538,6809000,WEGE3.SA
2021-12-07,30.95125389099121,30.95125389099121,29.778042563123247,29.840732905736218,12047300,WEGE3.SA
2021-12-08,32.276710510253906,32.33940084955059,30.637797140838902,31.05872091871719,11021000,WEGE3.SA
2021-12-09,32.68867874145508,33.23498323416395,31.640851501105924,32.01699356183614,16902100,WEGE3.SA
2021-12-10,32.061767578125,33.21706675160627,31.927432610090197,32.9931717218479,5805900,WEGE3.SA
2021-12-13,31.882654190063477,32.74241379027645,31.730407193834882,32.070728631078204,7824400,WEGE3.SA
2021-12-14,31.605024337768555,32.64389717591395,31.45277393564038,32.608073149958244,5036100,WEGE3.SA
2021-12-15,31.891597747802734,31.963242356467845,31.1840888742682,31.605012480410544,5620600,WEGE3.SA
2021-12-16,31.882654190063477,32.500606723001,31.631892823867023,32.16923958467867,6482000,WEGE3.SA
2021-12-17,31.210968017578125,31.855786842711492,31.004984985408804,31.766230190939538,8382200,WEGE3.SA
2021-12-20,30.48666763305664,30.746625350236723,30.011575088870323,30.48666763305664,4157000,WEGE3.SA
2021-12-21,30.40599822998047,30.683884483412164,30.21775435806249,30.49564061149418,3300100,WEGE3.SA
2021-12-22,30.181896209716797,30.648026316599424,29.904013386801417,30.648026316599424,2736900,WEGE3.SA
2021-12-23,30.00261878967285,30.39703500071749,29.733695070839506,30.379106524828128,2166400,WEGE3.SA
2021-12-27,29.733686447143555,30.423917180913595,29.6709385094832,30.00261008798066,4457200,WEGE3.SA
2021-12-28,29.841259002685547,30.27153206568098,29.5275158766741,29.76954511576647,3670800,WEGE3.SA
2021-12-29,29.348243713378906,29.93986971764338,29.088285951935138,29.93986971764338,3091700,WEGE3.SA
2021-12-30,29.563377380371094,30.04743593322328,29.339276578440288,29.509591956885227,4858300,WEGE3.SA
2022-01-03,28.702836990356445,30.011585120543547,28.702836990356445,29.330320047962235,5475700,WEGE3.SA
2022-01-04,28.559406280517578,28.98071687553491,28.46080138215124,28.88211197716857,4485400,WEGE3.SA
2022-01-05,27.053449630737305,28.469766659243763,26.98173744105673,28.469766659243763,8402200,WEGE3.SA
2022-01-06,27.04448127746582,27.770567301199332,26.856235739607083,27.089300748037648,6043900,WEGE3.SA
2022-01-07,26.363218307495117,27.187909330279453,26.264613407131232,27.08930442991557,6155500,WEGE3.SA
2022-01-10,25.601274490356445,26.399074487809752,25.377173694058413,26.273576879250548,7796200,WEGE3.SA
2022-01-11,26.031551361083984,26.058442364507435,25.215822825584365,25.556457020145263,7274600,WEGE3.SA
2022-01-12,27.08930206298828,27.250654900484278,25.71780636377889,25.986726619770025,10750500,WEGE3.SA
2022-01-13,26.085330963134766,27.18790638317393,25.95087083796591,27.035517785381693,12602100,WEGE3.SA
2022-01-14,27.51957893371582,27.663003308986696,25.753663534843845,25.99569280927098,12708400,WEGE3.SA
2022-01-17,27.205842971801758,27.59129669942615,26.91899416326838,27.43890805617357,5187200,WEGE3.SA
2022-01-18,27.376157760620117,27.591294348690848,26.79349424445573,27.169983701017916,9922400,WEGE3.SA
2022-01-19,27.340299606323242,28.057421535046696,27.295480126935605,27.618184139984386,6666600,WEGE3.SA
2022-01-20,27.555438995361328,27.949856951263286,27.19687799442942,27.403050356246055,6339400,WEGE3.SA
2022-01-21,27.438901901245117,27.564397799389546,27.00862707520793,27.510614087292417,6589400,WEGE3.SA
2022-01-24,26.80245590209961,27.394081889769943,26.291506340907365,27.38511765241088,10710400,WEGE3.SA
2022-01-25,27.07137680053711,27.196872698989836,26.551463022978613,26.775563818646127,7030700,WEGE3.SA
2022-01-26,27.555438995361328,28.09328135163605,27.12516579424304,27.29548291084334,12183300,WEGE3.SA
2022-01-27,29.04346466064453,29.133103611646884,27.564398032558206,27.77953459251996,10350400,WEGE3.SA
2022-01-28,28.344270706176758,28.980717884535675,27.752643005133862,28.980717884535675,9012800,WEGE3.SA
2022-01-31,28.828325271606445,29.133102480490304,28.17395138007777,28.353230984874944,7201500,WEGE3.SA
2022-02-01,28.738685607910156,29.30341711833702,28.478727879265463,28.774539134321454,4459400,WEGE3.SA
2022-02-02,28.478734970092773,29.509596775603136,28.380130054020604,28.87315121487403,4925100,WEGE3.SA
2022-02-03,27.743680953979492,28.7835085753023,27.671968763190108,28.52355081509485,5506300,WEGE3.SA
2022-02-04,27.65403938293457,27.770571047995666,27.286514203448935,27.752642573446746,5170800,WEGE3.SA
2022-02-07,27.788501739501953,28.09327899213484,27.35822857452149,27.698861069359296,5010100,WEGE3.SA
2022-02-08,27.08930206298828,27.73471341297227,26.93691346199243,27.582324811976413,6430500,WEGE3.SA
2022-02-09,27.152055740356445,27.761608524875875,27.134127264700524,27.37615655679483,5009700,WEGE3.SA
2022-02-10,26.659034729003906,27.385120944848577,26.551467287269556,27.152057584506267,8569200,WEGE3.SA
2022-02-11,26.470787048339844,26.901060172972194,26.408037388296723,26.712814612349657,9352700,WEGE3.SA
2022-02-14,27.286516189575195,27.734717827401152,26.443896631731402,26.443896631731402,10962400,WEGE3.SA
2022-02-15,29.47374725341797,29.47374725341797,27.75265080105747,27.78850776078554,11758400,WEGE3.SA
2022-02-16,28.057415008544922,29.733687768171798,27.58232248243561,29.581300889799486,20714400,WEGE3.SA
2022-02-17,27.47475814819336,28.523549976239895,27.403045959512976,28.290484935590282,8085500,WEGE3.SA
2022-02-18,26.721782684326172,27.788503121595877,26.60525100417238,27.636114487700205,6716700,WEGE3.SA
2022-02-21,26.645235061645508,26.97920214700287,26.500816583393014,26.906992907876624,4769200,WEGE3.SA
2022-02-22,26.654266357421875,27.15973112471504,26.654266357421875,26.897971508506913,5137500,WEGE3.SA
2022-02-23,25.814834594726562,27.231942353295608,25.72457259218746,26.72647754932294,7304600,WEGE3.SA
2022-02-24,26.46471405029297,26.69036816289315,24.84000512821334,25.03858012752397,9964800,WEGE3.SA
2022-02-25,26.536924362182617,26.952128841260116,25.995354125892295,26.15782536893982,13633700,WEGE3.SA
2022-03-02,27.304153442382812,27.791567255823665,26.49179880825268,26.536928951747,10503800,WEGE3.SA
2022-03-03,28.206769943237305,28.33313572166953,27.19583855096565,27.30415330505371,10167600,WEGE3.SA
2022-03-04,28.441448211669922,29.13646165932509,28.044296440435204,28.206767697831427,9286000,WEGE3.SA
2022-03-07,28.05332374572754,28.856651965566556,27.845722341751877,27.990140859439688,11272000,WEGE3.SA
2022-03-08,28.495607376098633,28.973993098957266,28.0533254240196,28.0533254240196,9613000,WEGE3.SA
2022-03-09,29.48847770690918,29.65094894302508,28.45949722858503,28.74833421652253,8949000,WEGE3.SA
2022-03-10,28.630998611450195,29.235751816661246,28.14358653112143,29.217699071047885,6884800,WEGE3.SA
2022-03-11,28.3331356048584,28.946915191749508,28.0804040490359,28.721261033133928,4591900,WEGE3.SA
2022-03-14,27.99916648864746,28.486578542502414,27.926957231720632,28.333133656332347,4247300,WEGE3.SA
2022-03-15,27.25901985168457,28.847623426969232,27.16875785450593,27.890850388726232,10034200,WEGE3.SA
2022-03-16,28.865673065185547,28.90177854881432,26.834786094380863,27.349277184861375,12743400,WEGE3.SA
2022-03-17,29.876605987548828,30.011999845337645,28.441447278068896,28.88372917446029,10140900,WEGE3.SA
2022-03-18,30.04810333251953,30.138363602896497,29.344060139386507,29.813421120405653,12356000,WEGE3.SA
2022-03-21,29.380168914794922,30.048106697289,28.892755136478346,29.921740927327445,8384300,WEGE3.SA
2022-03-22,29.786348342895508,30.21057925445458,29.524588697754414,29.768295597381385,7019900,WEGE3.SA
2022-03-23,29.56068992614746,29.876604319067106,29.226722790316884,29.71413307607739,8557300,WEGE3.SA
2022-03-24,29.9036865234375,30.219600930813463,29.470431003375264,29.723162529276035,7001100,WEGE3.SA
2022-03-25,29.678035736083984,30.309868065248626,29.26282946975859,30.039080321885788,7154700,WEGE3.SA
2022-03-28,30.361858367919922,30.669091610382583,29.593776985294568,29.8196836798388,8764800,WEGE3.SA
2022-03-29,30.678138732910156,31.09380634449586,30.515485589756864,30.723319395549716,6285900,WEGE3.SA
2022-03-30,30.858861923217773,31.0757304622812,30.596809278708125,30.67813584262273,5573300,WEGE3.SA
2022-03-31,31.509471893310547,31.89803177128812,31.057658402365778,31.057658402365778,11060600,WEGE3.SA
2022-04-01,31.970321655273438,32.37695446199933,31.708269019043065,31.807668532583083,12134000,WEGE3.SA
2022-04-04,31.64502716064453,31.98840648572717,31.184175326205963,31.98840648572717,5428600,WEGE3.SA
2022-04-05,31.29261016845703,31.970330552588113,31.22935654170326,31.645024216674933,4841100,WEGE3.SA
2022-04-06,31.021522521972656,31.635985828676,30.443198235377796,31.0395920320269,8243200,WEGE3.SA
2022-04-07,30.831748962402344,31.202235854716413,30.687168795817904,31.02151323178317,5002100,WEGE3.SA
2022-04-08,30.849817276000977,31.292595908569375,30.41607684145824,30.723310080142163,4997500,WEGE3.SA
2022-04-11,29.413057327270508,30.741390082697116,29.413057327270508,30.461264479690662,8741200,WEGE3.SA
2022-04-12,29.25040054321289,30.02752019567641,29.123893334125885,29.629925617536827,7807000,WEGE3.SA
2022-04-13,29.422096252441406,29.66607595518928,29.10582473536967,29.49438461970183,7557300,WEGE3.SA
2022-04-14,29.178110122680664,29.720284822431974,28.988349322473972,29.422089771687556,4676000,WEGE3.SA
2022-04-18,28.834732055664062,29.25039957086449,28.373882164769196,29.051604011934568,6937300,WEGE3.SA
2022-04-19,28.346776962280273,28.536537786334332,27.71423743503697,28.509428358527373,12091000,WEGE3.SA
2022-04-20,28.39196014404297,28.852810116567024,28.247379963274447,28.41003309752196,5515500,WEGE3.SA
2022-04-22,28.292560577392578,28.473286664824943,27.641949764993132,27.85882003579295,10587900,WEGE3.SA
2022-04-25,28.202194213867188,28.5726828218448,27.940143313822343,28.039542822562545,5920900,WEGE3.SA
2022-04-26,27.090734481811523,28.30159468506814,26.955190789349096,28.17508746857408,11274900,WEGE3.SA
2022-04-27,28.58172035217285,28.753409959358624,27.31664293669147,27.72327576330733,12950700,WEGE3.SA
2022-04-28,28.129905700683594,28.87991598705878,27.87689126219128,28.780518196307483,7984900,WEGE3.SA
2022-04-29,27.199174880981445,28.509433085320776,27.08170239787286,28.48232537655098,9606000,WEGE3.SA
2022-05-02,26.150959014892578,27.361819015708292,25.73528980750014,27.027476354902824,12226000,WEGE3.SA
2022-05-03,25.672040939331055,26.241326870318126,25.527460768436594,26.241326870318126,9842500,WEGE3.SA
2022-05-04,26.150959014892578,26.34975628236558,25.283476425808644,25.662999735370754,8729900,WEGE3.SA
2022-05-05,25.446136474609375,26.096747301616432,25.00335944634366,25.934095887513475,11077900,WEGE3.SA
2022-05-06,24.53347396850586,25.38288387483029,24.33467663874134,25.38288387483029,13021900,WEGE3.SA
2022-05-09,24.0906925201416,24.849739238396975,24.063583093228374,24.30756276485292,10148000,WEGE3.SA
2022-05-10,23.60273551940918,24.45214356925483,23.53044543594292,24.36178053403912,8285600,WEGE3.SA
2022-05-11,23.584659576416016,23.855746924149575,23.40393352890609,23.60273252587327,8726100,WEGE3.SA
2022-05-12,23.86478042602539,23.964179912126713,23.322604074566243,23.59369311206137,8428100,WEGE3.SA
2022-05-13,23.946117401123047,24.4521480787088,23.864790826783853,24.153951213975713,6176600,WEGE3.SA
2022-05-16,23.67502784729004,23.95515173183635,23.412975192674804,23.94611525510496,7571800,WEGE3.SA
2022-05-17,24.31660270690918,24.488292321438255,23.611773018472775,23.973225201382775,10281000,WEGE3.SA
2022-05-18,23.882858276367188,24.41599826367669,23.756351067016276,24.289489330794318,9313800,WEGE3.SA
2022-05-19,23.06959342956543,23.991291479856898,23.060556954504648,23.991291479856898,9109900,WEGE3.SA
2022-05-20,23.485265731811523,23.584665254224706,23.087669365690527,23.223214795720047,9310600,WEGE3.SA
2022-05-23,24.00936508178711,24.144908764315783,23.44911740106022,23.512371004671508,8069400,WEGE3.SA
2022-05-24,23.566591262817383,23.928041705407963,23.214177296733027,23.765388575359285,8546100,WEGE3.SA
2022-05-25,22.870798110961914,23.458155296315162,22.50031119142225,23.3497210251742,11060700,WEGE3.SA
2022-05-26,23.232250213623047,23.485266403579406,22.789473173848265,22.897909176267213,7967100,WEGE3.SA
2022-05-27,23.693090438842773,23.828635816862796,23.105733453703294,23.26838652850246,7992800,WEGE3.SA
2022-05-30,23.07863426208496,23.982261256399358,22.906944650576346,23.94611534933156,7458000,WEGE3.SA
2022-05-31,22.925016403198242,23.250320932108995,22.726217371802736,23.123813711062127,29812700,WEGE3.SA
2022-06-01,23.684064865112305,23.88286392514827,22.87983731796861,23.141889997640796,7284500,WEGE3.SA
2022-06-02,23.792497634887695,24.06358503173211,23.385864816089434,23.9461142860413,6323600,WEGE3.SA
2022-06-03,23.42201042175293,23.801533806596236,23.322610906534184,23.801533806596236,4551500,WEGE3.SA
2022-06-06,23.476228713989258,23.891898024340946,23.27743139727514,23.593701187503914,5582200,WEGE3.SA
2022-06-07,23.449119567871094,23.557553834501302,23.223212834937968,23.259357015970842,6091800,WEGE3.SA
2022-06-08,22.057531356811523,23.34971803312602,22.057531356811523,23.27742795378479,15193900,WEGE3.SA
2022-06-09,22.156930923461914,22.644888529480852,21.75933462422065,22.057531417768736,12419700,WEGE3.SA
2022-06-10,21.687047958374023,22.265368685733847,21.569577206953454,22.138861457506817,9086600,WEGE3.SA
2022-06-13,21.524391174316406,21.668971331648546,21.244267334926818,21.415956918083015,14000200,WEGE3.SA
2022-06-14,21.912948608398438,22.138855295082955,21.40691811281386,21.56053472870058,10169400,WEGE3.SA
2022-06-15,21.687047958374023,22.147897934313278,21.370778164274725,22.147897934313278,15840900,WEGE3.SA
2022-06-17,20.629802703857422,21.352703557074616,20.62076622775076,21.28944994785956,16863300,WEGE3.SA
2022-06-20,21.77741050720215,22.11175152377227,21.14487093340163,21.162943886603173,15968600,WEGE3.SA
2022-06-21,22.86176300048828,22.93405309341231,21.696085036646846,21.894882361304983,21113500,WEGE3.SA
2022-06-22,23.304540634155273,23.67502755795605,22.45513079063393,22.68103753556278,13461400,WEGE3.SA
2022-06-23,23.412973403930664,23.81056973207712,23.0967036366217,23.412973403930664,10303100,WEGE3.SA
2022-06-24,23.909969329833984,24.379855778315576,23.376830991344594,23.55755535523864,11421500,WEGE3.SA
2022-06-27,23.46944808959961,24.166381585926846,23.424191658850646,24.121125155177882,6158200,WEGE3.SA
2022-06-28,23.66857147216797,24.00346215805357,23.415142362547186,23.587111622259478,5828100,WEGE3.SA
2022-06-29,23.559953689575195,23.931047702750462,23.460391291674938,23.704770781235986,4724300,WEGE3.SA
2022-06-30,23.940105438232422,24.057768709531636,23.107406073606345,23.261274490755394,10803700,WEGE3.SA
2022-07-01,23.98535919189453,24.33835071813368,23.433242824099924,23.940104487735365,7334800,WEGE3.SA
2022-07-04,23.976306915283203,24.383606141314583,23.922000927264428,23.976306915283203,4041600,WEGE3.SA
2022-07-05,24.45601463317871,24.618934323140845,23.632366624020133,23.813387159034324,9210200,WEGE3.SA
2022-07-06,24.52842140197754,25.388272764830706,24.3655017239079,24.537472687020976,11535800,WEGE3.SA
2022-07-07,24.99003028869629,25.152949990937472,24.25689162861097,24.673242170600254,8539800,WEGE3.SA
2022-07-08,24.682287216186523,25.026227380121533,24.265936779469484,24.990023970086444,5482100,WEGE3.SA
2022-07-11,24.057764053344727,24.392654682214808,23.86769225348909,24.33834697395088,6136000,WEGE3.SA
2022-07-12,24.06682014465332,24.320250988098465,23.867697020318385,24.0125141518995,5197000,WEGE3.SA
2022-07-13,24.193532943725586,24.51937232926465,23.487549910199284,23.83149014110232,7119900,WEGE3.SA
2022-07-14,23.89484977722168,24.284046475888402,23.56901208583733,23.93105492424018,6633600,WEGE3.SA
2022-07-15,24.030609130859375,24.24783650154552,23.397034766485337,23.885792034639255,6464800,WEGE3.SA
2022-07-18,23.641416549682617,24.60083033649781,23.550905424204323,24.34739953042982,6260100,WEGE3.SA
2022-07-19,24.401708602905273,24.573679590439195,23.63236825487971,23.759082810769787,7068400,WEGE3.SA
2022-07-20,23.52374839782715,24.60082702048875,23.32462532970012,24.437907361859413,14736400,WEGE3.SA
2022-07-21,22.926382064819336,23.59616167522731,22.636747825330076,23.57805910367017,12130500,WEGE3.SA
2022-07-22,23.38798713684082,23.75002993396481,22.79061608999718,23.071199041973742,10870400,WEGE3.SA
2022-07-25,24.090269088745117,24.363196143906926,23.562612197692523,23.580807681746684,10255700,WEGE3.SA
2022-07-26,23.835535049438477,24.290411659273435,23.762754861273546,24.099362580830142,6015000,WEGE3.SA
2022-07-27,24.445072174072266,24.454168180170704,23.89012210036406,23.99929152571263,5446300,WEGE3.SA
2022-07-28,25.409414291381836,25.600461684144943,24.481465350260148,24.53605007173289,9270700,WEGE3.SA
2022-07-29,25.509489059448242,26.055339773126434,25.36392690255468,25.39122013232543,10100100,WEGE3.SA
2022-08-01,25.363922119140625,26.091725825482627,25.26385043262139,25.509484248582446,8202200,WEGE3.SA
2022-08-02,25.818796157836914,26.018942980944,25.21835915894884,25.33662805173332,7214800,WEGE3.SA
2022-08-03,25.58226203918457,25.909772027773837,25.363919733169578,25.800602609982953,6627100,WEGE3.SA
2022-08-04,26.20999526977539,26.26458172375977,25.56407118124593,25.818801025638653,5433900,WEGE3.SA
2022-08-05,26.22818946838379,26.510212525940197,26.046238101124715,26.155409268523528,4063300,WEGE3.SA
2022-08-08,27.046964645385742,27.4654520572324,26.537503293552867,26.619381227713806,9073300,WEGE3.SA
2022-08-09,26.910505294799805,27.419966709005227,26.555702026808856,27.1470413851994,6007000,WEGE3.SA
2022-08-10,27.911235809326172,28.138674169264988,27.110651810620034,27.256212222163516,8105700,WEGE3.SA
2022-08-11,27.410865783691406,28.19325416606266,27.201622944058016,28.129571713584383,6286900,WEGE3.SA
2022-08-12,28.111377716064453,28.165962430326296,27.247113088587646,27.583720850955245,8429300,WEGE3.SA
2022-08-15,27.601919174194336,28.202356298506473,27.429065536826613,27.9567224562287,7390400,WEGE3.SA
2022-08-16,27.829357147216797,28.14777119000846,27.601918793110883,27.601918793110883,5016200,WEGE3.SA
2022-08-17,27.683795928955078,27.902136534278736,27.256210725214807,27.665600444707216,6125800,WEGE3.SA
2022-08-18,28.056795120239258,28.266037986722576,27.738381081772474,27.774772050839267,4327000,WEGE3.SA
2022-08-19,27.1561336517334,28.184154015015334,27.065157983736356,27.911228746240745,7775300,WEGE3.SA
2022-08-22,26.337358474731445,26.94689324925348,26.209991834014136,26.89230680242462,7237300,WEGE3.SA
2022-08-23,26.200897216796875,26.41923955971178,25.955265117647187,26.328263872700052,8786300,WEGE3.SA
2022-08-24,26.191797256469727,26.637576146803898,26.146308552221356,26.24638196635113,5426700,WEGE3.SA
2022-08-25,26.337358474731445,26.728550932371434,26.255480539704852,26.410138668619897,5546600,WEGE3.SA
2022-08-26,26.20999526977539,26.5920917715814,26.028045628811576,26.546604795144678,6257700,WEGE3.SA
2022-08-29,25.809701919555664,26.12811418681483,25.527677146816526,26.09172495707809,6306200,WEGE3.SA
2022-08-30,25.82790184020996,26.037146468272628,25.55497647869118,25.90977979570902,11887500,WEGE3.SA
2022-08-31,25.736919403076172,26.164502791405667,25.655041474534016,26.08262486286351,11184100,WEGE3.SA
2022-09-01,25.818796157836914,26.055332208189274,25.109189741996424,25.72782222211543,7750600,WEGE3.SA
2022-09-02,27.4836483001709,27.547332493248415,25.836995196794085,26.000751079988312,15536400,WEGE3.SA
2022-09-05,28.111377716064453,28.58444986691182,27.574623109375473,27.638305565217085,7376200,WEGE3.SA
2022-09-06,27.556428909301758,28.375206550662433,27.31079509632853,28.129572737689205,7818500,WEGE3.SA
2022-09-08,27.4836483001709,27.920331233761114,27.019675611409703,27.556430235116633,6160600,WEGE3.SA
2022-09-09,27.701988220214844,28.084084669294246,27.55642783344333,27.56552383930195,3199600,WEGE3.SA
2022-09-12,28.93015480041504,29.3213490045477,27.911232056606796,27.97491451119272,8149600,WEGE3.SA
2022-09-13,27.847553253173828,28.666330999175646,27.674699614336866,28.447990382589627,7885400,WEGE3.SA
2022-09-14,27.856647491455078,28.12047505260116,27.547331223065356,27.829354267108897,4667700,WEGE3.SA
2022-09-15,27.30170249938965,27.802066225833972,27.12884885007265,27.792968482689176,3266400,WEGE3.SA
2022-09-16,27.729280471801758,27.87484086258155,26.837722644471334,27.110647943379266,12522000,WEGE3.SA
2022-09-19,27.83845329284668,28.184158807763207,27.34718564325195,27.692892893385316,5470400,WEGE3.SA
2022-09-20,28.320615768432617,28.602640503972157,27.883934657890507,27.902130137967216,7372000,WEGE3.SA
2022-09-21,28.366107940673828,28.71181342836369,27.902133553225568,28.202352070372477,6342700,WEGE3.SA
2022-09-22,28.211448669433594,28.55715414312818,27.365377863939433,28.52076491521031,8889000,WEGE3.SA
2022-09-23,27.811159133911133,27.911232555888713,27.41996492278071,27.674696480897833,5895500,WEGE3.SA
2022-09-26,27.851356506347656,27.851356506347656,27.851356506347656,27.851356506347656,0,WEGE3.SA
2022-09-27,27.37759780883789,28.060898936223776,27.24093793090564,28.02445711304667,7256200,WEGE3.SA
2022-09-28,27.62358856201172,27.915130118699217,27.158943554394238,27.37759972190986,5869400,WEGE3.SA
2022-09-29,27.4595947265625,27.55070189322699,26.94939702605589,27.34115662630593,9294800,WEGE3.SA
2022-09-30,29.281734466552734,29.318178032487214,27.833135737429792,28.106457268763762,15921500,WEGE3.SA
2022-10-03,30.59366798400879,30.639220693201008,28.543763053594184,29.45483287695871,14750100,WEGE3.SA
2022-10-04,30.283916473388672,31.10387598408034,29.99237137518798,30.794112575476746,5980900,WEGE3.SA
2022-10-05,30.675670623779297,30.930772132964712,29.74638393647189,30.393241650843734,6648500,WEGE3.SA
2022-10-06,30.730331420898438,31.14031282535919,30.66655692192116,30.967211110342223,5312700,WEGE3.SA
2022-10-07,30.38412094116211,30.83054585693716,30.08347026355779,30.721218653758235,4132400,WEGE3.SA
2022-10-10,31.222309112548828,31.331636328610564,30.575451493963357,30.593673275881905,5924600,WEGE3.SA
2022-10-11,30.88521957397461,31.559408231144637,30.739448771712166,31.158539393785432,6250100,WEGE3.SA
2022-10-13,30.493459701538086,30.97632482938149,30.10170002124814,30.593677779116916,6147300,WEGE3.SA
2022-10-14,29.93770408630371,30.83055057915928,29.47305731958878,30.502565443936895,6263600,WEGE3.SA
2022-10-17,30.621004104614258,30.90343303474632,29.728157646405734,29.965033859624516,7601300,WEGE3.SA
2022-10-18,31.48652458190918,31.914724358807156,30.94899409667761,30.958103251313705,9402000,WEGE3.SA
2022-10-19,31.56851577758789,31.67784299281669,31.231418027837375,31.413632370185045,4180600,WEGE3.SA
2022-10-20,31.57762336730957,31.741615919758065,31.16764198618833,31.650510490819716,7265000,WEGE3.SA
2022-10-21,32.06959915161133,32.35202805009438,31.404519827947592,31.5593997431868,6512600,WEGE3.SA
2022-10-24,31.814498901367188,32.03315679186784,31.30430294928111,31.75983703532897,8644200,WEGE3.SA
2022-10-25,31.932939529418945,32.652684237345966,31.641397985148394,31.69606332799263,11524300,WEGE3.SA
2022-10-26,34.60236358642578,35.49520984455387,33.35420135036851,33.518193874866405,28711200,WEGE3.SA
2022-10-27,35.37677764892578,35.90519536445328,34.192386283067535,34.4657095062343,10912300,WEGE3.SA
2022-10-28,35.04879379272461,35.75942585684424,34.5112634306356,35.194564561658105,7314600,WEGE3.SA
2022-10-31,36.697837829589844,36.989379469660925,34.11951579856424,34.34728292208543,12566800,WEGE3.SA
2022-11-01,35.90519714355469,36.88915245463203,35.67743009659596,36.48828022769712,11428100,WEGE3.SA
2022-11-03,36.62494659423828,36.89826639093302,34.620595626060606,35.40411492524868,8951600,WEGE3.SA
2022-11-04,37.17158126831055,37.800220540508555,36.706938022965744,36.71604717562182,12213700,WEGE3.SA
2022-11-07,37.262691497802734,38.16464708716344,36.71604848185889,36.71604848185889,10878700,WEGE3.SA
2022-11-08,37.17158126831055,38.64751075549623,36.880039727025704,37.262690172117885,13437300,WEGE3.SA
2022-11-09,36.98937225341797,37.98243685725176,36.570281662007325,37.12603389104961,8842100,WEGE3.SA
2022-11-10,35.7412109375,37.12603524593615,34.84836437195234,36.57939562636002,18520800,WEGE3.SA
2022-11-11,36.43362045288086,36.7342711648973,34.957687401510775,35.65921036348185,9507500,WEGE3.SA
2022-11-14,37.044036865234375,37.50868016811147,36.114746784030444,36.44273192744945,6076200,WEGE3.SA
2022-11-16,35.267452239990234,37.0622578614592,34.91213616731255,36.807159855526436,14823500,WEGE3.SA
2022-11-17,36.032745361328125,36.22406884256412,34.18327809181503,34.903022778882914,8238900,WEGE3.SA
2022-11-18,35.7867546081543,36.69782272730649,35.62276206867098,36.041856044822275,6672000,WEGE3.SA
2022-11-21,35.978084564208984,36.29695704240741,35.40411062800246,35.88697565940275,4928900,WEGE3.SA
2022-11-22,35.44055938720703,36.44273315889674,34.884807150461874,36.123860633936346,7992000,WEGE3.SA
2022-11-23,35.47699737548828,35.76853894543711,34.98502314835567,35.33122659051387,5489100,WEGE3.SA
2022-11-24,36.22406768798828,36.962034131954816,35.586322770861926,35.7138717542872,5489500,WEGE3.SA
2022-11-25,35.622764587402344,36.251403858353115,35.16723049561741,36.242291230265806,4690200,WEGE3.SA
2022-11-28,34.16505432128906,35.36766395536252,33.955509071839046,35.36766395536252,7981800,WEGE3.SA
2022-11-29,34.35637664794922,35.07612126913797,33.19021061140465,34.092166069216795,9077200,WEGE3.SA
2022-11-30,35.53166580200195,35.75032373613533,34.19239420962866,34.356386791366205,12458900,WEGE3.SA
2022-12-01,34.903018951416016,35.850527101206815,34.62969575053809,35.35855298561406,6962500,WEGE3.SA
2022-12-02,35.221893310546875,35.877863467793695,34.49303951107766,34.96679534959492,6555700,WEGE3.SA
2022-12-05,34.25616455078125,34.88480386281531,33.92818290263902,34.62970239143864,6914000,WEGE3.SA
2022-12-06,34.35637664794922,34.702583493341734,33.63663202676046,34.620587226681636,5641000,WEGE3.SA
2022-12-07,33.94639587402344,34.620587797165804,33.572858092071975,34.35637721407967,4978700,WEGE3.SA
2022-12-08,33.89173889160156,34.32905122547035,33.43620477605705,33.72774633196958,5710700,WEGE3.SA
2022-12-09,33.800628662109375,34.26527538805556,33.66397051805706,33.90995934789045,4345000,WEGE3.SA
2022-12-12,32.86222839355469,33.74596562467385,32.47958143293561,33.66396935090558,10669500,WEGE3.SA
2022-12-13,32.60712814331055,33.91906495655942,32.29736485019566,32.86222609924669,10196600,WEGE3.SA
2022-12-14,33.764190673828125,34.128615889396656,32.48869373071433,32.6162427299358,14185900,WEGE3.SA
2022-12-15,33.78241729736328,34.32905693678111,33.12644694970184,33.253995967202655,8144300,WEGE3.SA
2022-12-16,34.11949920654297,34.21060462146746,33.49086002703804,33.70040873717222,12123500,WEGE3.SA
2022-12-19,34.780399322509766,35.06324223582815,34.35157723647989,34.38807028940727,6603400,WEGE3.SA
2022-12-20,35.0632438659668,35.71104170218292,34.771278545967945,34.771278545967945,7623900,WEGE3.SA
2022-12-21,35.03586959838867,35.437321001937626,34.625292321747246,35.20010050904524,6900900,WEGE3.SA
2022-12-22,35.528560638427734,35.67454329074918,35.081490288412496,35.081490288412496,5599500,WEGE3.SA
2022-12-23,35.12710952758789,35.93001586275875,34.734780493385145,35.72928840884079,9476400,WEGE3.SA
2022-12-26,34.84427261352539,35.34609133473155,34.588803795821605,34.97201050287889,2339100,WEGE3.SA
2022-12-27,34.68003463745117,35.14535672455126,34.47018479678872,35.12710845834136,4735700,WEGE3.SA
2022-12-28,35.30958938598633,35.884397618268956,34.84426727587622,34.87164141679516,5410500,WEGE3.SA
2022-12-29,35.136226654052734,35.574178029773634,34.89900618266269,35.43731778979829,6444500,WEGE3.SA
2023-01-02,34.76215362548828,35.1271120257485,34.43369524185558,35.1271120257485,3017700,WEGE3.SA
2023-01-03,33.895381927490234,35.008498383173546,33.658157934286464,34.77127787047087,5662900,WEGE3.SA
2023-01-04,34.123477935791016,34.38806909268632,33.44830601286643,34.05961074476447,6169800,WEGE3.SA
2023-01-05,34.196475982666016,34.57968270416344,33.99574848661966,34.29683973068919,6660600,WEGE3.SA
2023-01-06,34.69828796386719,34.917263709819245,34.03224181232756,34.20559862635252,4071700,WEGE3.SA
2023-01-09,34.597923278808594,34.94463341687192,33.95925128829892,34.67091635229617,5730600,WEGE3.SA
2023-01-10,34.26032638549805,34.588788134105755,33.83150441859356,34.23295573328075,6556000,WEGE3.SA
2023-01-11,35.218345642089844,35.309586971411825,33.940998356089665,34.205592990372146,5982900,WEGE3.SA
2023-01-12,35.136226654052734,35.574178029773634,34.853387262837735,35.16360079034809,5376000,WEGE3.SA
2023-01-13,35.55592727661133,35.91175969903619,34.59791262485179,34.84425895126137,4957200,WEGE3.SA
2023-01-16,34.388065338134766,35.67453837199705,34.004862233814315,35.67453837199705,7545600,WEGE3.SA
2023-01-17,34.95375061035156,35.19097107926853,34.433687272667825,34.625288822235426,4932900,WEGE3.SA
2023-01-18,34.66179275512695,35.3917060621582,34.48843595186246,35.20922686527509,5833500,WEGE3.SA
2023-01-19,34.58879852294922,34.86251556883399,34.2694625495005,34.415445206005785,5522400,WEGE3.SA
2023-01-20,34.05961227416992,34.588798092223854,33.9501226727786,34.5705498253253,6967000,WEGE3.SA
2023-01-23,34.09611129760742,34.77128336907068,33.904509682375206,34.0504923626238,4331400,WEGE3.SA
2023-01-24,33.95011901855469,34.433689338064646,33.54866763149985,34.433689338064646,7500200,WEGE3.SA
2023-01-25,35.32783889770508,35.88439888248316,33.85888640817636,33.89538294368667,12935100,WEGE3.SA
2023-01-26,34.86250686645508,35.546801050604024,33.72201655954016,35.373447776933034,11767800,WEGE3.SA
2023-01-27,34.58879852294922,35.190977416096146,33.91362656129912,34.77127771370609,14610700,WEGE3.SA
2023-01-30,34.077857971191406,34.698285140317076,33.84063745617329,34.67091447948837,8055300,WEGE3.SA
2023-01-31,34.88988494873047,35.34608112311998,33.95924433531578,34.01398564872214,9636200,WEGE3.SA
2023-02-01,35.02674865722656,35.355210524788674,34.415447332986965,34.84426945519191,6318500,WEGE3.SA
2023-02-02,34.70741271972656,35.56506044601376,34.40632151381113,34.78952818674884,7112600,WEGE3.SA
2023-02-03,34.58879852294922,35.2183480765343,34.406319332192346,34.52493132825948,8093400,WEGE3.SA
2023-02-06,34.27858352661133,34.69828321166171,33.959247566355806,34.52492990188028,6881500,WEGE3.SA
2023-02-07,34.36981964111328,34.57054708055937,33.968368242721866,34.21471460554186,8673800,WEGE3.SA
2023-02-08,34.3607063293457,34.96288532632461,34.05961857110709,34.35158393446039,4938900,WEGE3.SA
2023-02-09,34.65265655517578,35.136223324396326,34.30594653246097,34.433684368566546,6409800,WEGE3.SA
2023-02-10,35.218345642089844,35.364328288504176,34.21471538305393,34.57054786615756,7127800,WEGE3.SA
2023-02-13,35.200096130371094,35.74753011079507,34.99936871331547,35.14535134012855,5129800,WEGE3.SA
2023-02-14,34.999385833740234,35.90265269133508,34.826028986755844,35.24573228958484,6066600,WEGE3.SA
2023-02-15,35.47381591796875,35.89351556809039,35.12710584675926,35.47381591796875,10995900,WEGE3.SA
2023-02-16,35.382572174072266,35.546803066019514,34.48842814041525,35.32783086375678,7342600,WEGE3.SA
2023-02-17,36.14899444580078,36.267606460337305,35.05412261127518,35.17273462581171,8000500,WEGE3.SA
2023-02-22,35.23713684082031,36.40252860438455,35.20043065128422,36.24653254959851,8043500,WEGE3.SA
2023-02-23,36.00794982910156,36.28323925353532,35.0994908779257,35.319724517769686,9948300,WEGE3.SA
2023-02-24,35.65924835205078,36.04465284969863,35.191253175769845,35.8335975056779,5112700,WEGE3.SA
2023-02-27,35.60419464111328,36.11807088559783,35.30137727419054,35.71430972904014,4714600,WEGE3.SA
2023-02-28,35.93455123901367,36.09972565715925,35.576674499863685,35.595027601935,7461500,WEGE3.SA
2023-03-01,36.136417388916016,36.59523425545712,35.50324787277256,35.93453684747956,7934900,WEGE3.SA
2023-03-02,35.93455123901367,36.48513029916807,35.7785551221519,36.12725356001808,4163300,WEGE3.SA
2023-03-03,35.64089584350586,36.44841454298195,35.53078077100754,36.11806582499196,5339900,WEGE3.SA
2023-03-06,36.182308197021484,36.32912949414892,35.51243581009654,35.778550505044976,5594500,WEGE3.SA
2023-03-07,36.329132080078125,36.49430648866569,35.91619605860921,36.06301736618748,4956200,WEGE3.SA
2023-03-08,36.852176666259766,36.99899794777891,36.173126051424056,36.33830043069503,7378100,WEGE3.SA
2023-03-09,36.57688522338867,36.98064285061268,36.57688522338867,36.705353400210164,5384100,WEGE3.SA
2023-03-10,36.283241271972656,36.6961771818424,36.0813607159263,36.540177615671546,4632900,WEGE3.SA
2023-03-13,36.51266098022461,36.97147802144232,35.842788520106296,35.980431532173874,7427900,WEGE3.SA
2023-03-14,36.943931579589844,37.026518753409505,36.43005894292956,36.43005894292956,4704200,WEGE3.SA
2023-03-15,36.76959228515625,37.1366472672382,36.384187704416355,36.75123918600258,6236000,WEGE3.SA
2023-03-16,36.98063659667969,37.06322376788335,36.549351147500296,36.80628745769182,6583700,WEGE3.SA
2023-03-17,36.58605194091797,36.91640060863642,36.44840899636495,36.80628555289511,9680200,WEGE3.SA
2023-03-20,36.47876739501953,37.06683763228094,36.36850510182679,36.846309540720355,5827400,WEGE3.SA
2023-03-21,36.71767044067383,37.011705565920806,36.570652878050346,36.60740814500001,5241100,WEGE3.SA
2023-03-22,36.313377380371094,36.984145309462,36.18473743577497,36.72686542026976,4920900,WEGE3.SA
2023-03-23,36.65335464477539,37.085220317613164,36.32256421495715,36.386884186846736,6499000,WEGE3.SA
2023-03-24,37.22304916381836,37.31493734617855,36.57984941317577,36.75443170189651,6714600,WEGE3.SA
2023-03-27,37.847877502441406,37.95814332919597,37.25980711378778,37.47114469063668,7311600,WEGE3.SA
2023-03-28,38.013267517089844,38.47269788327958,37.792742904217064,37.82949466957884,6873300,WEGE3.SA
2023-03-29,38.34405517578125,38.72997847823489,37.921380110616774,38.114340009255955,7454100,WEGE3.SA
2023-03-30,38.46350860595703,38.61971323899299,37.728420763368035,38.399188638803956,5155400,WEGE3.SA
2023-03-31,37.259803771972656,38.932130104157224,37.167919096427624,38.5186420538532,10945300,WEGE3.SA
2023-04-03,36.37770462036133,37.48033844532145,36.11123410750384,37.48033844532145,8938800,WEGE3.SA
2023-04-04,36.414451599121094,36.699296181230885,36.06528354134807,36.6257891457487,6442000,WEGE3.SA
2023-04-05,35.60585403442383,36.69010999898291,35.3393835758918,36.48795951248612,7128200,WEGE3.SA
2023-04-06,35.477210998535156,36.000961299563585,35.41289103210537,35.59666386697988,3998900,WEGE3.SA
2023-04-10,35.27506637573242,35.61504389823023,35.07291587335087,35.385328692860604,4469500,WEGE3.SA
2023-04-11,35.91825866699219,36.13878673898075,35.504770722747885,35.513961291050414,7179900,WEGE3.SA
2023-04-12,36.51552200317383,37.14953455907676,36.000958802254395,36.074465828,9407100,WEGE3.SA
2023-04-13,36.175537109375,36.80955310129406,35.9550125510181,36.561460344261555,6615400,WEGE3.SA
2023-04-14,35.61504364013672,35.853949414888326,35.20155907760849,35.77125180134752,6485300,WEGE3.SA
2023-04-17,36.27662658691406,36.295004224864236,35.670178555262616,35.68855619321278,3679400,WEGE3.SA
2023-04-18,36.083656311035156,36.49714428354168,35.69773303497073,36.30418089292195,5687600,WEGE3.SA
2023-04-19,35.93663787841797,36.30418000765859,35.76205212474185,35.90907318264803,4241900,WEGE3.SA
2023-04-20,36.98413848876953,37.11277840964161,35.74367810301743,36.13878843436735,9536000,WEGE3.SA
2023-04-24,37.07603454589844,37.45276736080087,36.70849230255579,37.07603454589844,8144200,WEGE3.SA
2023-04-25,37.25060272216797,37.82948227009963,37.03926524361245,37.3976202509533,9244600,WEGE3.SA
2023-04-26,36.855499267578125,38.031639715222546,36.46038892872726,37.73760460331144,9771600,WEGE3.SA
2023-04-27,37.07603454589844,37.16792273561612,36.4512088765223,36.91982988114242,5337900,WEGE3.SA
2023-04-28,37.78355026245117,37.78355026245117,36.855502515906835,36.855502515906835,7415000,WEGE3.SA
2023-05-02,37.507896423339844,38.197042002169226,37.085221309566656,37.3792564761198,5799900,WEGE3.SA
2023-05-03,36.66254425048828,37.66410257878492,36.63497604527841,37.360876857704746,5451100,WEGE3.SA
2023-05-04,36.11122131347656,36.93819726549723,35.99176845259023,36.754424442250965,5340400,WEGE3.SA
2023-05-05,36.0377197265625,36.32256431567034,35.651796388979285,35.982586819714726,7852800,WEGE3.SA
2023-05-08,36.01934051513672,36.34094036140674,35.670172464061096,36.23067805771065,4669200,WEGE3.SA
2023-05-09,36.62578582763672,36.68091522296004,36.010147373516574,36.05609320985292,3642300,WEGE3.SA
2023-05-10,36.157169342041016,36.77280787117591,36.14798227675943,36.570657383224805,4335000,WEGE3.SA
2023-05-11,36.129600524902344,36.29499572253297,35.71611253082579,36.0009605945619,6709000,WEGE3.SA
2023-05-12,35.75286865234375,36.414449458673104,35.6517934174684,35.92745091838053,5474100,WEGE3.SA
2023-05-15,36.42363739013672,36.543090261939646,35.80800240695122,35.83556710614597,5580100,WEGE3.SA
2023-05-16,36.47876739501953,36.81874484371595,36.21229697339324,36.285807505638466,4265800,WEGE3.SA
2023-05-17,36.25823974609375,36.80955822913805,36.17554214889586,36.65335009879753,3886400,WEGE3.SA
2023-05-18,36.11122131347656,36.36850466809136,35.909074362563224,36.24905180720503,5386900,WEGE3.SA
2023-05-19,36.873870849609375,37.19547060512385,35.91825514011715,36.26742309265747,11502300,WEGE3.SA
2023-05-22,37.08522415161133,37.56303221017117,36.61660315919597,36.662549005446216,6401900,WEGE3.SA
2023-05-23,36.95658493041992,37.553842386630485,36.77281205728744,37.03009197656731,5552000,WEGE3.SA
2023-05-24,36.58903884887695,37.05765984632946,36.52471886964637,36.84631876579928,3074900,WEGE3.SA
2023-05-25,35.872318267822266,37.01170343630132,35.697732512444446,36.99332580388391,7746200,WEGE3.SA
2023-05-26,36.30419158935547,36.414457417961906,35.88151642855897,36.18474219946258,6524500,WEGE3.SA
2023-05-29,35.725303649902344,36.331751548820314,35.58747314803111,36.3041833453409,3442100,WEGE3.SA
2023-05-30,35.2291145324707,36.07446457770929,35.12803930854545,36.00095755451133,6349200,WEGE3.SA
2023-05-31,34.558353424072266,35.229121352033175,34.558353424072266,35.10966847289132,12497500,WEGE3.SA
2023-06-01,34.172428131103516,34.91670655909473,34.172428131103516,34.76050192276192,10739000,WEGE3.SA
2023-06-02,34.61348342895508,34.82482449003291,33.93352842390905,34.25512829046114,9999400,WEGE3.SA
2023-06-05,34.576725006103516,35.02696473260443,34.40213925057563,34.71455199159003,4888100,WEGE3.SA
2023-06-06,35.10048294067383,35.2199358250328,34.760505429226015,34.806447767771544,6913000,WEGE3.SA
2023-06-07,35.054542541503906,35.33020009320345,34.8523920345088,35.275067180793165,7235000,WEGE3.SA
2023-06-09,34.732933044433594,35.651793725530645,34.668613077170825,35.15560811649616,8603000,WEGE3.SA
2023-06-12,34.6870002746582,34.935093147574925,34.558360304666486,34.88915080188878,7812500,WEGE3.SA
2023-06-13,34.31945037841797,34.85239133888587,34.20918806097408,34.82482663581887,10187500,WEGE3.SA
2023-06-14,34.7972526550293,34.7972526550293,34.37457758729909,34.5215951545607,11544100,WEGE3.SA
2023-06-15,34.769691467285156,34.907521984024065,34.512411574893214,34.834011440383144,6148900,WEGE3.SA
2023-06-16,34.778873443603516,35.19236142814061,34.64104645220791,34.6502335162309,10825900,WEGE3.SA
2023-06-19,34.61348342895508,35.091291448672216,34.5215987542761,34.79725628348869,3436700,WEGE3.SA
2023-06-20,33.951908111572266,34.60429845467326,33.88758813437504,34.60429845467326,6858200,WEGE3.SA
2023-06-21,33.49246597290039,34.11729139418867,33.37301312628434,34.02540324095531,11890100,WEGE3.SA
2023-06-22,33.446529388427734,33.59354695365526,33.170868386597775,33.3178859518253,4656400,WEGE3.SA
2023-06-23,33.63029479980469,33.63029479980469,33.20761978714331,33.52922308343553,5203600,WEGE3.SA
2023-06-26,33.49989318847656,33.748378307290125,32.966102018835024,33.72997486281839,6546100,WEGE3.SA
2023-06-27,33.591922760009766,33.729973161960665,33.10415075844703,33.56431408392661,6131000,WEGE3.SA
2023-06-28,33.66554641723633,33.84960891606969,33.38944564745203,33.72076376257949,6256700,WEGE3.SA
2023-06-29,33.90483093261719,34.05208304318405,33.52749717986665,33.80359444833361,9004800,WEGE3.SA
2023-06-30,34.74232482910156,35.009220352491965,33.83120006368039,34.12570776895848,8007900,WEGE3.SA
2023-07-03,34.68710708618164,34.926393959906044,34.364994191668686,34.85276614929323,4338100,WEGE3.SA
2023-07-04,34.226951599121094,34.77914977220732,34.226951599121094,34.696320221782784,2692200,WEGE3.SA
2023-07-05,34.512245178222656,34.71471814004704,34.125709717394784,34.19013229419943,4665600,WEGE3.SA
2023-07-06,33.95083999633789,34.585867452907586,33.739165347736844,34.512239656472495,5783000,WEGE3.SA
2023-07-07,34.05207824707031,34.68710222618019,33.82199663729281,33.88641920716917,4221200,WEGE3.SA
2023-07-10,33.398651123046875,34.06128384737948,33.3250233143615,34.01526822233469,4546100,WEGE3.SA
2023-07-11,33.08574676513672,33.45387535200543,32.69000598894614,33.398657994897455,6933800,WEGE3.SA
2023-07-12,33.186973571777344,33.33422566565794,32.97529890624693,33.140954439941595,4844700,WEGE3.SA
2023-07-13,33.186973571777344,33.65633852390709,33.11334576945362,33.140954439941595,3046100,WEGE3.SA
2023-07-14,33.131752014160156,33.463070096024445,33.00290687360555,33.242190204526,4424000,WEGE3.SA
2023-07-17,32.48752212524414,33.104142656065385,32.257440518817816,33.08573570625927,12067700,WEGE3.SA
2023-07-18,33.076541900634766,33.54591050589409,32.515145536091836,32.53354898148781,10489700,WEGE3.SA
2023-07-19,34.88957595825195,35.055235001913694,32.88326399458585,34.05207902008064,42083100,WEGE3.SA
2023-07-20,35.119651794433594,35.32212470576323,34.36498450227108,35.018415338768776,22364800,WEGE3.SA
2023-07-21,35.791500091552734,36.03078696809544,34.89878218657783,35.147270784171894,14512500,WEGE3.SA
2023-07-24,38.373634338378906,38.502962341931195,36.11961990872885,36.138095841225436,28879300,WEGE3.SA
2023-07-25,37.41291427612305,38.87248151220617,37.39443834002933,38.50296983818084,9924300,WEGE3.SA
2023-07-26,37.39442825317383,37.74546389641632,36.96025268189821,37.34824018736065,7944300,WEGE3.SA
2023-07-27,37.27434158325195,37.91174896037366,37.01568556002809,37.3944333900019,8479800,WEGE3.SA
2023-07-28,37.24663543701172,38.27202701393507,37.1265436109413,37.782427027230064,5882900,WEGE3.SA
2023-07-31,36.87712097167969,37.218920487496646,36.7755086138165,37.218920487496646,7141800,WEGE3.SA
2023-08-01,36.821693420410156,37.08034944277562,36.581509807707356,36.87711769724618,5088200,WEGE3.SA
2023-08-02,36.97874069213867,37.01569256642898,36.39676452972741,36.67389653905535,4455200,WEGE3.SA
2023-08-03,37.34824752807617,37.62537950134843,36.91407187146429,36.99721181583839,5008000,WEGE3.SA
2023-08-04,37.73622512817383,38.29049250379229,37.246625275045936,37.34824113677217,6023600,WEGE3.SA
2023-08-07,37.81012725830078,37.94869497733653,37.329763629279924,37.41290355591668,4166400,WEGE3.SA
2023-08-08,37.56071472167969,37.810134549688605,37.31129489367077,37.54223878731708,6978200,WEGE3.SA
2023-08-09,37.67156219482422,37.93945792441876,37.29281439654093,37.4036699891534,4456500,WEGE3.SA
2023-08-10,37.1727294921875,38.02260130235227,36.83093000321232,37.671565608450976,6334900,WEGE3.SA
2023-08-11,36.76627731323242,37.255880899188675,36.489145269137914,37.200453080799726,6228100,WEGE3.SA
2023-08-14,36.31361389160156,36.90482961062071,36.045718167694865,36.84016561159822,6590800,WEGE3.SA
2023-08-15,36.3505744934082,36.747798349357275,36.175058368842855,36.23048618266999,3892600,WEGE3.SA
2023-08-16,34.74320602416992,36.322861688323876,34.586162316476226,36.322861688323876,12275400,WEGE3.SA
2023-08-17,34.096553802490234,35.094233040950755,33.73628191879857,35.094233040950755,8420400,WEGE3.SA
2023-08-18,33.49609375,33.939509033740215,33.16353757307997,33.939509033740215,10409500,WEGE3.SA
2023-08-21,33.29287338256836,33.643905572423755,33.117353763716416,33.48686541231859,4868400,WEGE3.SA
2023-08-22,33.690093994140625,33.763994202537006,33.12659036893205,33.29287024272881,7395500,WEGE3.SA
2023-08-23,33.6716194152832,33.88408736836334,33.209731641476644,33.727043692828595,6666600,WEGE3.SA
2023-08-24,33.237449645996094,33.67162535765331,32.92336576342113,33.67162535765331,7784400,WEGE3.SA
2023-08-25,33.58848190307617,33.902565752926,33.11735436633926,33.237446182908876,6243500,WEGE3.SA
2023-08-28,33.82865905761719,33.884086858252196,33.39448695304366,33.73628291381618,4461100,WEGE3.SA
2023-08-29,33.70856857299805,34.14274064920348,33.570000842426325,33.95798484974911,3816100,WEGE3.SA
2023-08-30,33.53305435180664,33.91180221562109,33.3575382523546,33.85637793364904,4406700,WEGE3.SA
2023-08-31,33.14506912231445,33.67162092616699,33.06192917834173,33.449913234264976,7545200,WEGE3.SA
2023-09-01,33.209739685058594,33.44991983508438,32.85870390524407,33.03422003318888,10375300,WEGE3.SA
2023-09-04,33.37602233886719,33.37602233886719,32.86794632780134,33.348306667188005,3994000,WEGE3.SA
2023-09-05,33.172786712646484,33.57001056312213,33.0157465281874,33.25592667027917,4331200,WEGE3.SA
2023-09-06,32.8402214050293,33.54229282437506,32.8402214050293,33.20049332004327,4726300,WEGE3.SA
2023-09-08,32.701656341552734,32.91412429818343,32.43376058252634,32.840220561655826,4376200,WEGE3.SA
2023-09-11,32.590797424316406,32.96030902154999,32.15662535007927,32.85869315611457,6954500,WEGE3.SA
2023-09-12,32.93259811401367,32.93259811401367,32.40604635885793,32.590798640445016,8096700,WEGE3.SA
2023-09-13,34.11503601074219,34.844819640826735,33.126596318926225,33.218972476994715,14268900,WEGE3.SA
2023-09-14,33.3298225402832,34.38292607201057,33.3298225402832,34.225882400759254,6123300,WEGE3.SA
2023-09-15,33.348297119140625,33.7178087617154,33.209732896118226,33.348297119140625,9770200,WEGE3.SA
2023-09-18,33.06192398071289,33.51457197479639,32.89564411890811,33.4683839073892,4523900,WEGE3.SA
2023-09-19,33.237449645996094,33.551533528571056,32.932605493925365,33.08040946667095,4680200,WEGE3.SA
2023-09-20,33.06192398071289,33.588475701786805,33.06192398071289,33.292867841672454,3614500,WEGE3.SA
2023-09-21,32.313663482666016,32.90487918240439,32.18433548883869,32.8125030507916,8498600,WEGE3.SA
2023-09-22,31.953393936157227,32.47994567688756,31.953393936157227,32.40604547106207,4730200,WEGE3.SA
2023-09-25,33.4338493347168,33.683701378954396,32.38817304513664,32.57324902568642,12727400,WEGE3.SA
2023-09-26,33.3875732421875,33.517125338599136,32.489957245578495,32.563985502086624,9274100,WEGE3.SA
2023-09-27,33.33203887939453,33.97980268698423,33.091439179132955,33.48009887569828,10447500,WEGE3.SA
2023-09-28,33.67443084716797,33.84099880349597,33.13771462235598,33.40607096974739,5738900,WEGE3.SA
2023-09-29,33.563385009765625,33.9705491433641,33.4523408878804,33.88726516944294,5247900,WEGE3.SA
2023-10-02,33.45234680175781,33.813242909207595,33.304286769726374,33.56339094327399,5406700,WEGE3.SA
2023-10-03,32.545475006103516,33.433838724823,32.42517865744711,33.33204679132173,7549900,WEGE3.SA
2023-10-04,32.536216735839844,32.89711277462014,32.43442482130613,32.66576879796313,5224100,WEGE3.SA
2023-10-05,32.369651794433594,32.86009994085509,32.2771156071942,32.66577182963479,4103700,WEGE3.SA
2023-10-06,32.203086853027344,32.526970598794,31.703382923007656,32.203086853027344,6279600,WEGE3.SA
2023-10-09,32.249351501464844,32.41591946032129,31.962487206790353,32.09203927922776,3984400,WEGE3.SA
2023-10-10,32.665771484375,32.767563407280015,32.286367472656735,32.3789071889473,4115100,WEGE3.SA
2023-10-11,32.545475006103516,32.90637464216153,32.30487877876111,32.508462645763636,5169500,WEGE3.SA
2023-10-13,31.962493896484375,32.52697392741711,31.962493896484375,32.39741829783471,5443600,WEGE3.SA
2023-10-16,32.06428146362305,32.46219344652159,32.05502572632988,32.29562547553943,3835500,WEGE3.SA
2023-10-17,31.72188377380371,32.26785567967854,31.72188377380371,32.04576744713589,5700600,WEGE3.SA
2023-10-18,31.731136322021484,32.31412052140809,31.564568399331467,31.68486823905836,8699900,WEGE3.SA
2023-10-19,31.407262802124023,31.82368274303921,30.87054651274524,31.749654492448506,8305700,WEGE3.SA
2023-10-20,31.286962509155273,31.768158432431626,31.19442279504685,31.34248280759118,4624100,WEGE3.SA
2023-10-23,31.370250701904297,31.61084693085563,30.907562659280515,31.018606801101928,6072400,WEGE3.SA
2023-10-24,32.39741134643555,32.48069532542501,31.666367008671557,31.962487038405396,9893700,WEGE3.SA
2023-10-25,29.12158203125,31.185171848881065,29.12158203125,31.01860388678384,43128700,WEGE3.SA
2023-10-26,30.222780227661133,30.805768100098224,29.167852145175466,29.45471821295383,19917500,WEGE3.SA
2023-10-27,29.269638061523438,30.68546378141609,29.13083203369421,30.352327902614427,13106900,WEGE3.SA
2023-10-30,29.889644622802734,30.046960381201202,29.362180575873165,29.59352457996611,14193400,WEGE3.SA
2023-10-31,30.546663284301758,30.740994946702546,29.9451709417202,30.037707139031316,13609300,WEGE3.SA
2023-11-01,30.611434936523438,30.80576301860442,30.35232729705339,30.491135087127656,11413500,WEGE3.SA
2023-11-03,31.027851104736328,31.481286824212887,30.815015082950588,30.953822872389807,8785500,WEGE3.SA
2023-11-06,30.731739044189453,31.416518902721176,30.602186956636608,31.23144297906155,8521100,WEGE3.SA
2023-11-07,30.333824157714844,30.796512157826562,30.195019875698907,30.731736120213263,15716300,WEGE3.SA
2023-11-08,30.02845001220703,30.41710621328166,29.852626324076923,30.259793997616903,6569200,WEGE3.SA
2023-11-09,29.99143409729004,30.259793967303633,29.797105996947398,30.083970279349657,5700600,WEGE3.SA
2023-11-10,30.694725036621094,30.916816864644254,30.028456612611322,30.13024855337069,7267300,WEGE3.SA
2023-11-13,30.278305053710938,30.61144099176371,30.02845310017136,30.61144099176371,7939500,WEGE3.SA
2023-11-14,30.96307945251465,31.0926315249473,30.25979526072486,30.49113925579152,8465100,WEGE3.SA
2023-11-16,30.981582641601562,31.11113469415446,30.703970596126968,30.963074701232767,10829700,WEGE3.SA
2023-11-17,30.777997970581055,31.15740191250545,30.39859402865666,31.009341923706383,8961500,WEGE3.SA
2023-11-20,30.981582641601562,31.037106462707953,30.57441854357407,30.777998827573477,6991600,WEGE3.SA
2023-11-21,31.148155212402344,31.148155212402344,30.731735317177204,30.95382710464035,4985800,WEGE3.SA
2023-11-22,31.555326461791992,31.777418299160995,31.166670158933734,31.185178106216984,5651700,WEGE3.SA
2023-11-23,31.51830291748047,31.573823209606765,31.3147190996074,31.555315268888418,3008100,WEGE3.SA
2023-11-24,31.203678131103516,31.63860242673065,31.203678131103516,31.462782267224284,2542400,WEGE3.SA
2023-11-27,31.592336654663086,31.731144469220823,30.750244620418574,31.203680421948402,4968000,WEGE3.SA
2023-11-28,31.8051700592041,31.99024595315063,31.305469734586254,31.583081810491517,5627600,WEGE3.SA
2023-11-29,31.583078384399414,31.990242482889887,31.55531470880031,31.832930284619255,3021400,WEGE3.SA
2023-11-30,31.63860511779785,31.768160726906878,31.222188729336033,31.62009717363942,8086700,WEGE3.SA
2023-12-01,32.18458938598633,32.28638135265196,31.62010922904473,31.638617180259455,5005000,WEGE3.SA
2023-12-04,32.16606903076172,32.64726498669168,31.740396907064618,31.786665002243975,5514000,WEGE3.SA
2023-12-05,32.665771484375,32.887863273443145,32.166067606493606,32.17532334313728,5143900,WEGE3.SA
2023-12-06,32.74905776977539,33.40607391656526,32.67502952156008,32.786073658897784,5700700,WEGE3.SA
2023-12-07,32.72129440307617,33.12845855333015,32.40666643650701,32.83233852950378,4183000,WEGE3.SA
2023-12-08,32.06428146362305,32.88786558124067,31.7866658252998,32.72129761025851,5927600,WEGE3.SA
2023-12-11,32.267860412597656,32.7120404728623,31.99024831618592,32.05502435434768,4105000,WEGE3.SA
2023-12-12,32.415924072265625,32.499208063543,32.1660720984335,32.295627719332536,3469600,WEGE3.SA
2023-12-13,33.36905288696289,33.4523368508333,32.03650946503635,32.27710915178579,6245100,WEGE3.SA
2023-12-14,33.59115219116211,33.80398827351856,33.20249591817113,33.65592823666061,5864700,WEGE3.SA
2023-12-15,33.34130096435547,34.02608085643991,33.34130096435547,33.776228876761664,11388200,WEGE3.SA
2023-12-18,33.417274475097656,33.83452748916937,33.324549618030815,33.56563070931297,5052100,WEGE3.SA
2023-12-19,33.76961898803711,33.95506516874398,33.426545852839006,33.49145148552265,4893400,WEGE3.SA
2023-12-20,33.52853775024414,34.066331261576785,33.52853775024414,33.713983910603375,6796400,WEGE3.SA
2023-12-21,33.741798400878906,33.84379396231637,33.454360222745535,33.84379396231637,4939500,WEGE3.SA
2023-12-22,33.85307312011719,33.89016306754181,33.53781564119201,33.74180681493538,4733200,WEGE3.SA
2023-12-26,34.04779052734375,34.23323317368056,33.79743871027895,33.90870500549939,3173100,WEGE3.SA
2023-12-27,34.159061431884766,34.2981469724969,33.85307465737495,34.04779512165039,2730800,WEGE3.SA
2023-12-28,34.22396469116211,34.51140647110206,34.03851849562317,34.15905905328728,3536300,WEGE3.SA
2024-01-02,33.9087028503418,34.35377154002777,33.68617027404458,34.2239602810058,3991200,WEGE3.SA
2024-01-03,34.1683349609375,34.576317360506856,33.7325404028873,33.7325404028873,6435500,WEGE3.SA
2024-01-04,33.713985443115234,34.400131669415345,33.621260590175034,34.02924286892897,5461100,WEGE3.SA
2024-01-05,33.35237503051758,33.70471894145601,32.981482607633424,33.408006417985604,9274700,WEGE3.SA
2024-01-08,33.43581771850586,33.658350289782256,33.04638041313499,33.2503715510479,3433300,WEGE3.SA
2024-01-09,32.61058807373047,33.36164358976041,32.49005105062442,33.194742363975976,5964800,WEGE3.SA
2024-01-10,32.74967575073242,32.981482630925655,32.67549938835858,32.78676570046549,3191100,WEGE3.SA
2024-01-11,32.28605651855469,32.8053051155393,32.26751154683113,32.656948878842506,4883200,WEGE3.SA
2024-01-12,32.146968841552734,32.53640614742609,31.970796927640652,32.26750938111966,4474600,WEGE3.SA
2024-01-15,31.822444915771484,32.25824293701756,31.72044933317415,32.1469730994067,2592600,WEGE3.SA
2024-01-16,31.164113998413086,31.72044903283212,31.034302726188105,31.711178314998286,7196800,WEGE3.SA
2024-01-17,30.969398498535156,31.136299723869758,30.75613307064713,30.997214190393574,4706900,WEGE3.SA
2024-01-18,30.728315353393555,31.117752699202654,30.505782759009907,31.01575711965523,4085900,WEGE3.SA
2024-01-19,31.043567657470703,31.470091340160323,30.255425916105477,30.9044856933369,6901200,WEGE3.SA
2024-01-22,30.95085334777832,31.210475902549675,30.783952123399015,31.052848933464787,3767000,WEGE3.SA
2024-01-23,31.312471389770508,31.349561336647504,30.96012396862308,31.071390272162052,5512800,WEGE3.SA
2024-01-24,31.034305572509766,31.479374348283,30.93230998152361,31.479374348283,6881200,WEGE3.SA
2024-01-25,30.83031463623047,31.16411710499359,30.79322468701407,31.04357653858641,4835300,WEGE3.SA
2024-01-26,30.756135940551758,31.062122727914662,30.63559890652308,30.96940138833993,3828900,WEGE3.SA
2024-01-29,30.83031463623047,31.312473364766948,30.70977406982329,30.73759330028171,4135300,WEGE3.SA
2024-01-30,30.589231491088867,31.03430018966573,30.366695373254636,30.876669702639067,4833100,WEGE3.SA
2024-01-31,29.986534118652344,30.77467599016668,29.903083511555028,30.598504058335376,6014500,WEGE3.SA
2024-02-01,30.255430221557617,30.80249451401865,29.75472659040513,30.01434912340639,9860000,WEGE3.SA
2024-02-02,30.218339920043945,30.589232280306337,29.90308247494842,30.264700580803822,6217700,WEGE3.SA
2024-02-05,30.839574813842773,30.987931022907123,30.134883705059888,30.218334293726773,7346000,WEGE3.SA
2024-02-06,30.821044921875,31.229023765273975,30.505787417446406,30.92303697990548,5566400,WEGE3.SA
2024-02-07,31.18265724182129,31.43300905455322,30.802494164063546,30.941576146409048,4950400,WEGE3.SA
2024-02-08,31.340290069580078,31.395924995200186,30.923036970160148,31.015761846193662,5247100,WEGE3.SA
2024-02-09,30.94158172607422,31.340289847461676,30.8488603877902,31.331019128470206,4039600,WEGE3.SA
2024-02-14,31.089927673339844,31.303189510302506,30.867395120461914,30.941571459057506,4030600,WEGE3.SA
2024-02-15,30.793224334716797,31.405194341417044,30.626323102244708,31.247567364689072,4843200,WEGE3.SA
2024-02-16,30.969398498535156,31.127025468522255,30.73759163413622,30.969398498535156,6446000,WEGE3.SA
2024-02-19,31.05284309387207,31.05284309387207,30.644860827848653,30.90448687088847,2780000,WEGE3.SA
2024-02-20,31.776086807250977,31.905898091143825,30.839585052723056,31.006486285468778,8284100,WEGE3.SA
2024-02-21,33.96434783935547,33.96434783935547,32.92585038489981,33.25038216582692,23108000,WEGE3.SA
2024-02-22,32.888755798339844,34.112695638285985,32.39732288922041,33.89015951416319,12996800,WEGE3.SA
2024-02-23,33.36164093017578,33.73253329948305,32.805305913306654,32.91657220926213,8754900,WEGE3.SA
2024-02-26,34.19184112548828,34.49103113962391,33.341018854047654,33.537361632081726,8763800,WEGE3.SA
2024-02-27,34.55648422241211,34.66868317050814,33.89265649599818,34.23859433606043,5350600,WEGE3.SA
2024-02-28,34.509735107421875,34.640630308504,34.22924488129921,34.50038697875604,3790300,WEGE3.SA
2024-02-29,34.30403137207031,34.67802061726579,34.191836025161976,34.36947895498565,7661800,WEGE3.SA
2024-03-01,34.865020751953125,35.136162819255574,34.3788360829845,34.3881842106107,6122500,WEGE3.SA
2024-03-04,34.72477722167969,34.99591931514394,34.285340281694644,34.7995765164119,4485100,WEGE3.SA
2024-03-05,34.99591827392578,35.10811364605932,34.51908170076174,34.72477618852871,6135700,WEGE3.SA
2024-03-06,34.71542739868164,35.09876484890672,34.6219282848301,34.96786965614106,4409400,WEGE3.SA
2024-03-07,34.50038528442383,34.69672807640452,34.145095779915984,34.59388083299752,3489600,WEGE3.SA
2024-03-08,34.51907730102539,34.724771762574925,34.182491227525404,34.45362971173711,2724400,WEGE3.SA
2024-03-11,34.74348068237305,34.90242741700449,34.26664761173283,34.29469556688018,3755200,WEGE3.SA
2024-03-12,35.164215087890625,35.41665736432115,34.734129831732,34.799577433033235,5878500,WEGE3.SA
2024-03-13,35.547550201416016,35.67844539530808,35.06136550508367,35.108113279098475,4603100,WEGE3.SA
2024-03-14,35.3325080871582,35.57559865544779,35.145513421828824,35.23900897118022,4046200,WEGE3.SA
2024-03-15,35.52885437011719,36.30488105912962,35.10811722346146,35.67844940374734,9875600,WEGE3.SA
2024-03-18,35.52885437011719,35.67844940374734,35.22966430285688,35.482106590850314,5536500,WEGE3.SA
2024-03-19,36.23942947387695,36.40772433061512,35.547553788732834,35.6223495213793,8934600,WEGE3.SA
2024-03-20,36.30487823486328,36.43577343327856,36.089832047036275,36.3796739625463,4640600,WEGE3.SA
2024-03-21,36.8658561706543,37.27724156152404,36.2300764787297,36.26747612334324,9309100,WEGE3.SA
2024-03-22,37.15570068359375,37.417491081075376,36.75366339224601,36.82845912011505,5473300,WEGE3.SA
2024-03-25,36.55435562133789,37.15360676729121,36.49817448697281,37.0412480703796,3554400,WEGE3.SA
2024-03-26,36.31090545654297,36.872706051405906,36.19854676629773,36.460718234142746,7648500,WEGE3.SA
2024-03-27,36.095550537109375,36.45135723048857,35.80529028382657,36.29217914194324,4968600,WEGE3.SA
2024-03-28,35.76783752441406,36.25472997243612,35.63675178298862,36.039374315548805,5257500,WEGE3.SA
2024-04-01,35.57120132446289,35.89891560812066,35.17794061225576,35.76782989465755,6335000,WEGE3.SA
2024-04-02,35.739742279052734,35.870831581688016,35.39330090877662,35.44948203847745,5312400,WEGE3.SA
2024-04-03,35.477569580078125,36.0112777922581,35.28094099071038,35.786560424928716,7117600,WEGE3.SA
2024-04-04,35.6742057800293,36.20791410606834,35.41203427160841,35.477577148713635,4821600,WEGE3.SA
2024-04-05,35.57120132446289,35.76782989465755,35.412023263959256,35.50565489591353,4478300,WEGE3.SA
2024-04-08,35.76783752441406,35.908285002304794,35.33712621063944,35.53375482277761,3081900,WEGE3.SA
2024-04-09,36.32963943481445,36.42327467107387,35.683572377810215,35.7303882100304,3764800,WEGE3.SA
2024-04-10,35.955101013183594,36.71352660907955,35.870831105659796,36.23599951432351,7144900,WEGE3.SA
2024-04-11,35.80529022216797,36.273455607243385,35.61802335377412,35.78656317814674,4135800,WEGE3.SA
2024-04-12,35.56184005737305,36.011278371073864,35.27157625043747,35.58056710025452,6024400,WEGE3.SA
2024-04-15,35.243492126464844,35.67420345416618,35.08431759867818,35.56184475385685,4838200,WEGE3.SA
2024-04-16,36.301544189453125,36.51689983679551,34.67232708667292,34.9157750858032,13386100,WEGE3.SA
2024-04-17,35.78656005859375,36.37644582065853,35.636747291301695,36.301541222921564,6574700,WEGE3.SA
2024-04-18,36.142364501953125,36.19854563122326,35.674199140156745,35.78656139869702,6347300,WEGE3.SA
2024-04-19,36.095550537109375,36.44199192255262,35.889560196158,36.011280624777946,8284900,WEGE3.SA
2024-04-22,35.83338165283203,36.11428019029124,35.68356886139921,35.824016344219466,5350900,WEGE3.SA
2024-04-23,35.57120132446289,35.936369689629494,35.39329622320484,35.65547122194886,4381600,WEGE3.SA
2024-04-24,35.79592514038086,36.17045887953459,35.533753666064314,35.552480710203845,4946800,WEGE3.SA
2024-04-25,36.20791244506836,36.29218236488341,35.56184544103215,35.655480669614846,5460400,WEGE3.SA
2024-04-26,36.722896575927734,36.87270936699867,36.19855002127011,36.39517863983471,5979700,WEGE3.SA
2024-04-29,36.85398864746094,36.956985628717185,36.46072777101157,36.72290287925092,4677100,WEGE3.SA
2024-04-30,37.03187942504883,37.23787332733966,36.666711014128346,36.74161918653165,6934600,WEGE3.SA
2024-05-02,36.376441955566406,37.453223561692155,35.58056238360754,37.162959793234656,12268300,WEGE3.SA
2024-05-03,36.301544189453125,36.507538100745144,35.80529002696062,36.507538100745144,5092600,WEGE3.SA
2024-05-06,36.17046356201172,36.441996807640365,35.95510788425573,36.151736515447865,2810000,WEGE3.SA
2024-05-07,36.42327117919922,36.71353145422873,36.048737413705965,36.14236906916992,4895900,WEGE3.SA
2024-05-08,36.601165771484375,36.601165771484375,36.10491166291423,36.235997384286115,3759000,WEGE3.SA
2024-05-09,36.42327117919922,36.45135996147467,35.833381748683884,36.20791194235844,4949800,WEGE3.SA
2024-05-10,36.48881149291992,36.61989723010208,36.25472879886079,36.38581453604295,3462100,WEGE3.SA
2024-05-13,36.59180450439453,36.81652186624349,36.048730998259764,36.60116623954738,11032700,WEGE3.SA
2024-05-14,37.088069915771484,37.25660977440191,36.50754572038845,36.526269196397024,9947400,WEGE3.SA
2024-05-15,37.09742736816406,37.42514530956161,36.872709963829664,37.12551972256992,3768600,WEGE3.SA
2024-05-16,37.07869338989258,37.265960239703766,36.61052805127364,37.19105564287013,3271800,WEGE3.SA
2024-05-17,37.116146087646484,37.116146087646484,36.44198688223843,36.80715883304642,6701800,WEGE3.SA
2024-05-20,37.31277847290039,37.31277847290039,36.76970850231758,36.93824832086838,8148200,WEGE3.SA
2024-05-21,37.22850799560547,37.378320768496145,36.985063579089974,37.19105748124649,6672800,WEGE3.SA
2024-05-22,36.77907180786133,37.21914841639558,36.713528939162835,37.078697371002555,7065600,WEGE3.SA
2024-05-23,36.544986724853516,36.68543776106672,36.329631088659966,36.51689794633816,5413400,WEGE3.SA
2024-05-24,35.89891815185547,36.41389930773026,35.646108441483904,36.41389930773026,9008900,WEGE3.SA
2024-05-27,35.90827941894531,35.964460544457175,35.70228910237118,35.89891768393568,1905700,WEGE3.SA
2024-05-28,35.79592514038086,36.0112807902578,35.589931226664454,35.964464965818195,4937400,WEGE3.SA
2024-05-29,35.327762603759766,35.54311827101872,35.11240693650081,35.486940705884315,7136500,WEGE3.SA
2024-05-31,35.159217834472656,35.421392865004776,34.98131628346227,35.16858314189429,21946000,WEGE3.SA
2024-06-03,34.962589263916016,35.44011636001101,34.943862220878415,35.32775767360364,5074200,WEGE3.SA
2024-06-04,35.3932991027832,35.627381773531525,34.81277507943642,34.92513376128655,4322600,WEGE3.SA
2024-06-05,35.14985656738281,35.34648516403909,34.44760851776614,34.72850702324915,8883900,WEGE3.SA
2024-06-06,35.40266036987305,35.70228586849383,34.95322212194187,34.981310896244544,5135800,WEGE3.SA
2024-06-07,35.44011688232422,35.571206185519415,35.01877090913227,35.04685968819352,6847500,WEGE3.SA
2024-06-10,35.40266036987305,35.833371577663215,35.37456802375269,35.43074914417572,4491300,WEGE3.SA
2024-06-11,35.3932991027832,35.67419759331757,35.318394505489145,35.49629604940336,5918200,WEGE3.SA
2024-06-12,35.64611053466797,35.73974217875499,34.737868585387176,35.40266611695076,12710400,WEGE3.SA
2024-06-13,35.97382354736328,36.02064293951565,35.552477592537045,35.7210174031948,5056600,WEGE3.SA
2024-06-14,36.301544189453125,36.79779835194564,35.80529002696062,35.80529002696062,11832200,WEGE3.SA
2024-06-17,36.301544189453125,36.76970957197614,35.95510280649525,36.14236610204973,6603100,WEGE3.SA
2024-06-18,36.38581085205078,36.59180474494825,35.973823066255854,36.30154094784892,4188300,WEGE3.SA
2024-06-19,37.275333404541016,37.284695141686946,36.535631156353425,36.797802658265454,7729100,WEGE3.SA
2024-06-20,38.183563232421875,38.183563232421875,37.33150247334223,37.33150247334223,10168600,WEGE3.SA
2024-06-21,38.464473724365234,38.773461053077504,37.89331132410027,38.127394040810906,12574100,WEGE3.SA
2024-06-24,38.26783752441406,38.661098304693326,38.04312014009884,38.20229465633725,8649700,WEGE3.SA
2024-06-25,38.923274993896484,39.063726056782,38.10866811588962,38.24911560695624,7233100,WEGE3.SA
2024-06-26,39.27907943725586,39.4569810109327,38.51128843449667,38.6611012259663,9408900,WEGE3.SA
2024-06-27,39.04499816894531,39.644249356949075,38.74537257494343,39.325896716844724,8056700,WEGE3.SA
2024-06-28,39.50379180908203,39.50379180908203,38.717273861048206,39.044991756289605,11180100,WEGE3.SA
2024-07-01,39.356353759765625,39.81583740777968,39.17818356482375,39.24382408596861,3981200,WEGE3.SA
2024-07-02,39.4126091003418,39.75019091675288,39.33759290621688,39.40323341750352,5461800,WEGE3.SA
2024-07-03,39.487632751464844,39.92836500809898,39.3844823444109,39.68455430467331,4894700,WEGE3.SA
2024-07-04,39.281333923339844,39.67518062680879,39.15942856546373,39.665801365435186,3864100,WEGE3.SA
2024-07-05,39.562652587890625,39.787708367335036,39.35635533196853,39.40324090935354,3948100,WEGE3.SA
2024-07-08,41.70066452026367,41.70066452026367,39.5532717316832,39.56264741507824,11694400,WEGE3.SA
2024-07-09,41.77567672729492,41.82256229406986,41.30681390526661,41.34432378954234,5605400,WEGE3.SA
2024-07-10,41.306819915771484,42.04762414088321,41.18491456270678,41.77568280602347,4993800,WEGE3.SA
2024-07-11,42.1601448059082,42.1601448059082,41.16615789589388,41.16615789589388,5502300,WEGE3.SA
2024-07-12,43.022857666015625,43.56673673147751,42.15077244745762,42.16014813085361,8072900,WEGE3.SA
2024-07-15,43.61362838745117,43.726158066741206,42.91971325086408,43.03223935301382,4646400,WEGE3.SA
2024-07-16,43.77303695678711,44.27003044439516,43.50109563909451,43.669886555100966,8663600,WEGE3.SA
2024-07-17,44.119998931884766,44.41069522264493,43.651136023836806,43.96058726017571,5579100,WEGE3.SA
2024-07-18,44.44820022583008,44.44820022583008,43.651131223518234,44.05435356626829,7334900,WEGE3.SA
2024-07-19,44.34505081176758,44.935815448545604,44.195014837438904,44.72951821955605,4210800,WEGE3.SA
2024-07-22,44.23252868652344,44.504470054196126,44.02623142237554,44.345058369302734,3704000,WEGE3.SA
2024-07-23,44.119998931884766,44.42007090686425,43.88556747786078,43.88556747786078,4935300,WEGE3.SA
2024-07-24,43.744903564453125,44.20438713564862,43.519847831625064,44.026220547633564,3907100,WEGE3.SA
2024-07-25,43.08850860595703,43.59488148320606,42.825942904527544,43.454221158256665,5990900,WEGE3.SA
2024-07-26,43.99809646606445,44.035606359687335,43.08850479712178,43.182275954038644,5986900,WEGE3.SA
2024-07-29,43.585487365722656,44.09186007039122,43.510471174552926,43.819918775979644,3952200,WEGE3.SA
2024-07-30,43.00410461425781,43.61362422172973,42.863444317150474,43.56673864840727,7409900,WEGE3.SA
2024-07-31,47.50519561767578,47.71149646759896,44.20439990460763,44.27941969626716,21911100,WEGE3.SA
2024-08-01,49.549434661865234,49.633830132480945,46.91442370343291,47.44892715828562,13624400,WEGE3.SA
2024-08-02,46.71749496459961,49.549427061004664,46.5768346761039,49.3712604624312,15383100,WEGE3.SA
2024-08-05,45.99041748046875,46.52694068147648,44.776179250542896,45.180925327184845,10892300,WEGE3.SA
2024-08-06,46.09395217895508,46.41398383881948,45.48212578517824,46.41398383881948,5361900,WEGE3.SA
2024-08-07,45.48213195800781,46.253972491142505,45.34094012777157,46.23514667440051,4746100,WEGE3.SA
2024-08-08,46.77166748046875,47.20465406196691,45.416241060622525,45.46330380473007,6144900,WEGE3.SA
2024-08-09,46.78108215332031,47.1575876965935,45.83039820594179,46.84697071315955,7694400,WEGE3.SA
2024-08-12,47.609397888183594,47.78823774365475,46.86579435797814,47.129348585126586,8193400,WEGE3.SA
2024-08-13,48.12709426879883,49.21896637601474,47.83529952981656,47.98590245527196,10203100,WEGE3.SA
2024-08-14,48.51301956176758,48.76716269829261,47.910607796963355,48.15533622991857,7557200,WEGE3.SA
2024-08-15,49.604888916015625,49.96257222719082,48.833048438139826,48.91776281208508,6993700,WEGE3.SA
2024-08-16,50.122589111328125,50.809715254182,49.32251166036798,49.86844597509603,10598700,WEGE3.SA
2024-08-19,48.74834060668945,50.82854501305866,48.74834060668945,50.51792440335208,11183700,WEGE3.SA
2024-08-20,49.990806579589844,50.2825977265247,48.87069396061193,49.20955143893611,6174500,WEGE3.SA
2024-08-21,50.29201889038086,50.452032947560255,49.576652212976406,49.93433555167863,4524500,WEGE3.SA
2024-08-22,51.016788482666016,51.5627227207538,50.31083662245567,50.31083662245567,6979500,WEGE3.SA
2024-08-23,50.64970397949219,51.534495857746464,50.612052344504974,51.299178525062686,4682400,WEGE3.SA
2024-08-26,50.903846740722656,51.016798054163715,50.03787709592116,50.649703592487135,4814100,WEGE3.SA
2024-08-27,50.82854080200195,51.12974668246493,50.263780673798195,50.90384406744636,3857600,WEGE3.SA
2024-08-28,50.82854080200195,51.36506400099272,50.53674603439086,50.83795191485384,3555600,WEGE3.SA
2024-08-29,50.39555358886719,50.8473623718287,50.216710143701555,50.59321925816466,6435200,WEGE3.SA
2024-08-30,50.96973419189453,50.96973419189453,49.849621423343734,50.10376456602356,17140300,WEGE3.SA
2024-09-02,49.27544403076172,51.38388874047202,49.10601527771994,51.28976325129648,5049200,WEGE3.SA
2024-09-03,49.69902038574219,49.99081517349635,49.13426021855211,49.30368898684065,4760400,WEGE3.SA
2024-09-04,50.25436019897461,50.46144056450787,49.44486814169758,49.82137724436589,4687100,WEGE3.SA
2024-09-05,50.81912612915039,50.922662725897474,49.755490918530896,49.90609384821229,3816500,WEGE3.SA
2024-09-06,49.77432632446289,50.74383264668257,49.62372336576219,50.63088132532148,4776400,WEGE3.SA
2024-09-09,49.36956787109375,49.91550211355596,49.011884587003905,49.74607337849534,4805900,WEGE3.SA
2024-09-10,49.783729553222656,49.783729553222656,48.89893775983043,49.27544330161859,5643900,WEGE3.SA
2024-09-11,50.35790252685547,50.64969727338594,49.52017350792319,49.52017350792319,6069800,WEGE3.SA
2024-09-12,50.1790657043457,51.092094447830206,49.548413430979096,50.21671374596705,6480500,WEGE3.SA
2024-09-13,50.47085189819336,50.969727000020896,49.868440203800866,50.13199442243335,2955000,WEGE3.SA
2024-09-16,49.887271881103516,50.753237895901485,49.55782906909502,50.470857829800295,2720400,WEGE3.SA
2024-09-17,50.188472747802734,50.33907567404909,49.661360710612,49.88726689531003,4258700,WEGE3.SA
2024-09-18,50.452030181884766,51.082682444253365,49.840207325984395,50.07552463763621,6973800,WEGE3.SA
2024-09-19,50.131996154785156,50.35790234331718,49.71783899824301,50.16964778465,4842400,WEGE3.SA
2024-09-20,49.435462951660156,50.423794976232806,49.435462951660156,49.8966828874873,11824400,WEGE3.SA
2024-09-23,51.1297492980957,51.1297492980957,49.313099218874726,49.331925036198896,4877100,WEGE3.SA
2024-09-24,52.13690185546875,52.50399627911652,51.270935891033716,51.29917281880442,8896000,WEGE3.SA
2024-09-25,52.409873962402344,52.57930272058753,51.8168733087542,52.287507950233625,6674000,WEGE3.SA
2024-09-26,52.75814437866211,52.842858760624026,51.967478010570034,52.522827049952056,5616900,WEGE3.SA
2024-09-27,52.739315032958984,52.79579248070746,52.24985459111056,52.664015359951584,6450600,WEGE3.SA
2024-09-30,51.25973129272461,53.00326174464447,51.25973129272461,52.42836805599019,6435400,WEGE3.SA
2024-10-01,52.66398239135742,52.98441477694598,51.64613707413978,51.83462734716004,8044000,WEGE3.SA
2024-10-02,52.16447067260742,53.12576760904612,51.96655754911619,52.899582209385315,5130300,WEGE3.SA
2024-10-03,51.457645416259766,51.83462595215475,50.845056539371456,51.6084369115872,4470600,WEGE3.SA
2024-10-04,51.3634033203125,51.81577781721984,51.13721427428237,51.23146120810865,4819200,WEGE3.SA
2024-10-07,50.32670211791992,51.561306144562124,50.28900335195241,51.50476159076306,5409300,WEGE3.SA
2024-10-08,51.18433380126953,51.42936861144484,50.90159662663703,51.03354231920338,6798000,WEGE3.SA
2024-10-09,50.89216995239258,51.18433000007779,50.223033025114326,50.81677241938262,5806100,WEGE3.SA
2024-10-10,51.06181716918945,51.06181716918945,50.43980182495863,50.60944270021728,3762500,WEGE3.SA
2024-10-11,51.05238723754883,51.250303975444844,50.54346824123003,51.07123662187952,3283900,WEGE3.SA
2024-10-14,51.872314453125,51.872314453125,50.60943458164837,51.052382489187586,5422800,WEGE3.SA
2024-10-15,53.27656555175781,53.27656555175781,51.72152905576883,52.211602274824635,8123800,WEGE3.SA
2024-10-16,53.898582458496094,53.92685833408961,52.786493889221944,52.786493889221944,10016400,WEGE3.SA
2024-10-17,52.984413146972656,53.804341674961236,52.77707349351352,53.62527789843469,5134400,WEGE3.SA
2024-10-18,52.041961669921875,53.417934410099214,51.778073876694904,53.28599231106201,5431900,WEGE3.SA
2024-10-21,51.872314453125,52.35296112581924,51.599003798479195,52.33411174324173,5297800,WEGE3.SA
2024-10-22,52.729949951171875,52.729949951171875,51.45764338901519,51.64613364953685,4733100,WEGE3.SA
2024-10-23,52.96555709838867,53.295412328170706,51.947711940514345,52.25872138158229,4913300,WEGE3.SA
2024-10-24,53.03153610229492,53.342541994880264,52.30585089272525,53.01268671559992,3520800,WEGE3.SA
2024-10-25,52.2775764465332,53.0409568027443,52.239877674703514,52.918441187026936,3796300,WEGE3.SA
2024-10-28,53.02210235595703,53.201169707480005,52.64512545910021,52.96555779876233,2063700,WEGE3.SA
2024-10-29,53.6629753112793,53.72894636828222,52.814774466176125,52.890168419113905,4877100,WEGE3.SA
2024-10-30,50.89216995239258,52.19274863559635,50.37382449598199,52.089078825283785,20716600,WEGE3.SA
2024-10-31,50.99584197998047,51.50476456446865,50.18533644064427,50.79792883995253,9694500,WEGE3.SA
2024-11-01,51.55188751220703,52.352966581901065,51.48591646388647,51.78749942625263,6364400,WEGE3.SA
2024-11-04,52.956138610839844,52.956138610839844,51.09951895885336,52.04196672367085,6547400,WEGE3.SA
2024-11-05,52.786495208740234,53.07865529615873,51.75922705026242,52.66397959366551,5779800,WEGE3.SA
2024-11-06,52.86189270019531,53.351965945472124,51.99483892927395,52.418941121835886,5170500,WEGE3.SA
2024-11-07,52.560302734375,52.9561289980733,51.70267556787644,52.64512316161782,4521400,WEGE3.SA
2024-11-08,51.919437408447266,52.50375390233246,51.74037366221773,51.844039876254485,7160900,WEGE3.SA
2024-11-11,52.29642105102539,52.29642105102539,51.41051796978888,51.5141877852657,3348100,WEGE3.SA
2024-11-12,52.23044967651367,52.277574937516874,51.83462336918589,51.928866700886985,3988000,WEGE3.SA
2024-11-13,51.55188751220703,52.352966581901065,51.37282015663478,51.98541257121433,9208500,WEGE3.SA
2024-11-14,51.22203063964844,51.63670992516787,50.79793205422557,51.50476782346719,6074900,WEGE3.SA
2024-11-18,50.89216995239258,51.18433000007779,50.50576658359717,50.81677241938262,3437300,WEGE3.SA
2024-11-19,51.01469421386719,51.3728217457849,50.45864993571299,50.8827521131446,4176900,WEGE3.SA
2024-11-21,50.63771057128906,50.84505019969419,50.10051571146885,50.64713706084515,6608700,WEGE3.SA
2024-11-22,50.90159606933594,51.12778508753498,50.54346855032013,50.84505151115054,5034900,WEGE3.SA
2024-11-25,49.148643493652344,51.090083237520346,49.08267244964628,50.911019488811355,12443900,WEGE3.SA
2024-11-26,49.742393493652344,50.034553604498406,49.03555764706129,49.15807686711325,8886200,WEGE3.SA
2024-11-27,49.11095428466797,50.19476707222904,48.91304111413329,49.88376117498211,6111900,WEGE3.SA
2024-11-28,49.864906311035156,50.505771017269396,48.56432751365948,48.92245863659098,7146300,WEGE3.SA
2024-11-29,50.83562088012695,51.16547968833123,49.27115805008295,49.71410956059764,8458300,WEGE3.SA
2024-12-02,50.75080490112305,51.21260583500872,50.14763897575176,50.458648428294616,6197600,WEGE3.SA
2024-12-03,51.457645416259766,51.778077793224654,50.420954335277806,50.750809607821296,6016400,WEGE3.SA
2024-12-04,51.834617614746094,52.77706520774147,51.33512154090726,51.410515478867715,5505900,WEGE3.SA
2024-12-05,51.768646240234375,52.494331313624585,51.476486194016836,51.994831647823496,5198100,WEGE3.SA
2024-12-06,52.40009307861328,52.626282118825884,51.599013935034606,51.62728621687887,6487900,WEGE3.SA
2024-12-09,52.54145431518555,52.74879394006193,52.23044487787097,52.40008573546941,4459000,WEGE3.SA
2024-12-10,53.606422424316406,54.0116751945165,52.701669963432245,52.767644605347236,5662200,WEGE3.SA
2024-12-11,55.18030548095703,56.38664083660819,53.46505116081555,53.71951244063683,10358000,WEGE3.SA
2024-12-12,54.47347640991211,55.152039905219766,53.84203817578623,55.10491823919066,10479800,WEGE3.SA
2024-12-13,54.34153366088867,55.15203924950257,54.3226842756706,54.47347576226254,6356600,WEGE3.SA
2024-12-16,53.82319259643555,54.82218492944564,53.82319259643555,54.52060193134981,5966200,WEGE3.SA
2024-12-17,54.56772232055664,55.12376659770769,54.03052742849661,54.38865495976823,9401900,WEGE3.SA
2024-12-18,53.766639709472656,55.180311236953024,53.30484235711453,54.46405257823012,10121900,WEGE3.SA
2024-12-19,53.21059799194336,55.28398371771348,53.191748605918306,54.20016738976578,9028800,WEGE3.SA
2024-12-20,52.343544006347656,53.125773696269036,51.2785771417257,52.90901116544377,14233300,WEGE3.SA
2024-12-23,51.1918830871582,52.37163699347771,51.17300659261831,52.37163699347771,4062300,WEGE3.SA
2024-12-26,51.58827590942383,51.81479023145151,51.05974489157457,51.191880346279135,3560800,WEGE3.SA
2024-12-27,50.66334915161133,51.909168917608085,50.66334915161133,51.814790050614356,3720300,WEGE3.SA
2024-12-30,49.80449295043945,50.97480684714104,49.76673996013984,50.67279012539074,4283000,WEGE3.SA
2025-01-02,49.757301330566406,50.07819453339339,49.31371271480826,49.65348241195721,4029300,WEGE3.SA
2025-01-03,49.51191329956055,50.12538679852262,49.323151946008885,49.64404516694971,5796000,WEGE3.SA
2025-01-06,49.5213508605957,49.77617813504526,48.75686903724706,49.61572973247042,5551100,WEGE3.SA
2025-01-07,50.51234436035156,50.635039776339696,49.49303524350848,49.83280494912284,7466200,WEGE3.SA
2025-01-08,50.21976089477539,51.314572320773166,49.71010636879633,49.804488836749684,6627600,WEGE3.SA
2025-01-09,51.239078521728516,51.39008689540251,50.21033285097327,50.21033285097327,4555800,WEGE3.SA
2025-01-10,50.35189437866211,51.40895645200154,49.89886931879798,51.03143376861986,5768000,WEGE3.SA
2025-01-13,50.25751495361328,50.82379537211631,49.72898392277352,50.38964681124245,4563200,WEGE3.SA
2025-01-14,49.955501556396484,50.578411498102895,49.61573184267966,50.30470771757285,5413100,WEGE3.SA
2025-01-15,51.11637496948242,51.2107538379084,49.757299822403866,50.57840749874364,4634000,WEGE3.SA
2025-01-16,50.65391159057617,51.361763928736195,50.200886526192534,51.08806376089326,4442000,WEGE3.SA
2025-01-17,51.125816345214844,51.125816345214844,50.37077452404459,50.691667748082374,4222700,WEGE3.SA
2025-01-20,52.0318717956543,52.192316612644774,50.83324129105596,51.069192092740906,2471800,WEGE3.SA
2025-01-21,52.5037727355957,52.815225917716134,51.56940598858748,51.824233283226086,3951600,WEGE3.SA
2025-01-22,53.26824951171875,53.306002502520556,52.45658181142025,52.87185390926995,4930100,WEGE3.SA
2025-01-23,54.0327262878418,54.05160278146583,53.183302076375334,53.268244497521984,4528400,WEGE3.SA
2025-01-24,54.61788558959961,54.64620213144182,53.63633308026725,53.768464941120264,4763100,WEGE3.SA
2025-01-27,50.31414794921875,53.54195304067731,49.8328063195865,53.40982117382089,22361900,WEGE3.SA
2025-01-28,51.050315856933594,52.3244487524012,50.719986173019336,51.42783858168435,10279700,WEGE3.SA
2025-01-29,51.3712043762207,52.598147718523386,50.72941796326425,50.77660739944451,7108300,WEGE3.SA
2025-01-30,53.051170349121094,53.21161874515037,51.35232552241897,51.70153165449724,6202600,WEGE3.SA
2025-01-31,51.946922302246094,53.239931511639135,51.626029111558445,53.05117017588351,7220600,WEGE3.SA
2025-02-03,50.87099075317383,51.90917276841277,50.625599920269394,51.54109011937939,7771800,WEGE3.SA
2025-02-04,51.021995544433594,51.54108651575957,50.87098719640562,50.96536606380197,5745400,WEGE3.SA
2025-02-05,51.408958435058594,51.89029645463046,51.25795007594553,51.305139513107754,4234700,WEGE3.SA
2025-02-06,51.4655876159668,51.607159536844605,50.67279277976279,51.39952167964342,5926400,WEGE3.SA
2025-02-07,50.90874099731445,51.72041228846352,50.56897488503367,51.46558500401044,4872800,WEGE3.SA
2025-02-10,51.16356658935547,51.380640876266874,50.77660745176154,51.15413014223898,3066100,WEGE3.SA
2025-02-11,50.125389099121094,51.43727498601541,49.8516853039252,51.16357119081952,6808600,WEGE3.SA
2025-02-12,49.73842239379883,50.10650501419414,48.700236859010964,49.54966106017167,8590300,WEGE3.SA
2025-02-13,49.5213508605957,50.0498783036112,49.040009253194384,49.5307873076539,5410300,WEGE3.SA
2025-02-14,50.776611328125,51.18244699125723,49.72898920238011,49.83280813020326,7097900,WEGE3.SA
2025-02-17,49.502471923828125,50.41795845687923,49.46471893681161,50.1253818083087,5452400,WEGE3.SA
2025-02-18,49.917747497558594,50.776608210928636,49.700673207401685,49.73842619707852,8727000,WEGE3.SA
2025-02-19,49.275962829589844,50.10651063044859,48.964509654469936,49.776180959817864,6153300,WEGE3.SA
2025-02-20,49.17213439941406,49.408085147204574,48.91731076008427,49.26651685872388,6433300,WEGE3.SA
2025-02-21,49.97438049316406,49.97438049316406,48.61530157189822,49.45528944976881,8664000,WEGE3.SA
2025-02-24,48.65304946899414,50.25751547172414,48.53035405693513,49.90830933005803,9130900,WEGE3.SA
2025-02-25,49.455284118652344,49.76673727098647,48.98338256637636,49.24764628354751,8806700,WEGE3.SA
2025-02-26,45.16098403930664,47.35060728967765,45.038292209129516,47.05803058659901,25725700,WEGE3.SA
2025-02-27,46.1519775390625,46.661628526608574,45.20817434685528,45.481874536349544,11326100,WEGE3.SA
2025-02-28,45.698951721191406,46.05759796494399,45.20817719857042,46.00097207404663,7843900,WEGE3.SA
2025-03-05,45.25509262084961,45.94840208232236,44.9701678473118,45.5875000260184,9387200,WEGE3.SA
2025-03-06,44.9036865234375,45.49252767603881,43.953946936238104,45.264588581004595,7728600,WEGE3.SA
2025-03-07,45.483028411865234,45.90091615040833,44.571279274447775,44.60926972758243,7584000,WEGE3.SA
2025-03-10,45.28358459472656,45.32157504838754,44.675751828027266,44.90368730405496,5747800,WEGE3.SA
2025-03-11,44.25786590576172,45.33107271656848,44.13440236073424,45.03665212302844,8850600,WEGE3.SA
2025-03-12,44.82770919799805,45.103134547537884,44.20088121595819,44.381330433086525,6859100,WEGE3.SA
2025-03-13,44.390830993652344,44.89419182792139,43.963447444287546,44.82771034501676,6531300,WEGE3.SA
2025-03-14,44.390830993652344,44.438317249588636,43.726012541637,44.35284053971567,8528600,WEGE3.SA
2025-03-17,45.25509262084961,45.66348093175355,44.57127896110926,45.54001377141843,8931300,WEGE3.SA
2025-03-18,45.25509262084961,45.54001377141843,44.485802253641715,45.22659796971443,5953500,WEGE3.SA
2025-03-19,45.720462799072266,45.77744847813804,45.312074489856656,45.312074489856656,5319200,WEGE3.SA
2025-03-20,45.49252700805664,45.834430211134176,45.38805507532366,45.824934409507975,4807700,WEGE3.SA
2025-03-21,45.445037841796875,45.72996261660459,44.827709283307854,45.55900920090757,9662300,WEGE3.SA
2025-03-24,45.0556526184082,45.4361880426248,44.72268003949314,45.379109724991466,4934900,WEGE3.SA
2025-03-25,44.71317672729492,45.32203642548027,44.58950096701037,45.131766862524834,5214000,WEGE3.SA
2025-03-26,44.475337982177734,44.81782244889808,43.90453295703706,44.71317401416799,6298500,WEGE3.SA
2025-03-27,44.13285446166992,44.770256928196495,43.89501842458044,44.665608491222734,8070000,WEGE3.SA
2025-03-28,43.61912536621094,44.18993400147738,43.38128934212235,44.13285204922382,3862500,WEGE3.SA
2025-03-31,43.07685852050781,43.50496407973602,42.953186403800494,43.36226464605304,6231100,WEGE3.SA
2025-04-01,43.14344787597656,43.41933850010038,42.60118209978245,43.39079934211835,5457000,WEGE3.SA
2025-04-02,42.71535110473633,43.267128789965994,42.38237849568819,43.143453042085845,5444800,WEGE3.SA
2025-04-03,42.116004943847656,43.019782590445814,41.91622354813044,42.277731703497835,8146000,WEGE3.SA
2025-04-04,41.59276580810547,41.992328593856335,40.641421694500785,41.84962915426951,10632400,WEGE3.SA
2025-04-07,41.85913848876953,41.92573228240177,40.57482546404538,41.050497492326855,9948200,WEGE3.SA
2025-04-08,41.85913848876953,42.591673847813745,41.62130247462879,42.35383783367301,8394700,WEGE3.SA
2025-04-09,43.20054244995117,43.83794498756762,41.53569000464285,41.640338453288116,11604000,WEGE3.SA
2025-04-10,42.72486877441406,43.2481073695884,42.14454821956809,43.191029039006956,5364200,WEGE3.SA
2025-04-11,42.92464828491211,43.143457010308786,42.563140110303706,42.90562096586587,3282900,WEGE3.SA
2025-04-14,43.5905876159668,43.61912677847273,42.858052202565794,43.286157785604026,5625800,WEGE3.SA
2025-04-15,43.5905876159668,44.07577515310673,43.286157785604026,43.61912677847273,4444900,WEGE3.SA
2025-04-16,43.609615325927734,43.828424041649335,43.010267504287775,43.59058800772283,7962000,WEGE3.SA
2025-04-17,43.714263916015625,43.933072632510594,43.267131009344666,43.504967044111794,3543500,WEGE3.SA
2025-04-22,43.99015808105469,44.21847866027416,43.39081020969576,43.96161528683462,3871500,WEGE3.SA
2025-04-23,44.01869201660156,44.827333051327116,43.99015285486223,44.247012568695716,8449700,WEGE3.SA
2025-04-24,46.22581100463867,46.59683463133551,44.13285321171132,44.189935165468455,13221900,WEGE3.SA
2025-04-25,47.462554931640625,47.84309401015396,46.216296526234196,46.50169902057439,10397400,WEGE3.SA
2025-04-28,47.87163162231445,48.32827632430519,47.49109255611076,47.57671366455211,8104100,WEGE3.SA
2025-04-29,48.01433563232422,48.38535923323708,47.68136303551531,47.85260525579656,5513900,WEGE3.SA
2025-04-30,42.46800231933594,44.979550297283126,42.46800231933594,44.71317509631598,34414500,WEGE3.SA
2025-05-02,42.25870132446289,43.01977947431583,42.25870132446289,42.7629161431039,18290500,WEGE3.SA
2025-05-05,40.460662841796875,42.00184287503374,40.194287658857526,41.849627966341295,15804300,WEGE3.SA
2025-05-06,40.8602294921875,41.26930774222455,40.641420786438104,40.736553744037074,6818100,WEGE3.SA
2025-05-07,39.90888595581055,41.19319904673698,39.75667104407786,41.09806608781271,9070700,WEGE3.SA
2025-05-08,40.15623092651367,40.850711637959,40.042070658230884,40.35601230328093,12632900,WEGE3.SA
2025-05-09,39.75667190551758,40.460664526626566,39.75667190551758,40.43212536414886,5972700,WEGE3.SA
2025-05-12,40.593849182128906,40.98390372953926,40.00401688276105,40.099153465942685,10286700,WEGE3.SA
2025-05-13,41.85913848876953,42.049408025900036,40.87925527181836,40.907794432206586,11479300,WEGE3.SA
2025-05-14,41.92573165893555,42.23967693489572,41.67838380470683,41.887677026257435,7012500,WEGE3.SA
2025-05-15,42.02086639404297,42.29675704902815,41.71643657788334,41.78303037335016,6936800,WEGE3.SA
2025-05-16,42.81048583984375,43.286157904730906,41.84011439198318,41.859141710069444,8772000,WEGE3.SA
2025-05-19,42.382381439208984,42.91513547323277,42.20162735597643,42.76292055338168,3814500,WEGE3.SA
2025-05-20,42.36334991455078,42.534592136017736,41.58324807413003,42.382377231279285,4196400,WEGE3.SA
2025-05-21,41.335899353027344,42.44897014026657,41.021954077186834,42.201622286132135,7585500,WEGE3.SA
2025-05-22,41.545196533203125,42.22065362553098,41.202715693865315,41.57373932496534,8321200,WEGE3.SA
2025-05-23,41.5642204284668,41.5642204284668,40.85071238769765,41.22173961733284,5707900,WEGE3.SA
2025-05-26,41.60227966308594,41.992330623351485,41.564225025721015,41.75449458345566,1926500,WEGE3.SA
2025-05-27,42.420433044433594,42.601187114746715,41.821085252631605,42.087464065148986,5502100,WEGE3.SA
2025-05-28,42.48703384399414,42.48703384399414,41.91622874853007,42.429951882811615,5306500,WEGE3.SA
2025-05-29,41.878170013427734,42.42994773455184,41.76400973131411,42.23968180739245,6974600,WEGE3.SA
2025-05-30,40.2894172668457,41.99232391128835,40.2894172668457,41.94475743673022,13668500,WEGE3.SA
2025-06-02,39.81374740600586,40.289419435368366,39.5759113913246,40.289419435368366,7716100,WEGE3.SA
2025-06-03,39.67105484008789,40.31796920230248,39.65202752012979,39.67105484008789,6516500,WEGE3.SA
2025-06-04,41.06001281738281,41.164661253131726,39.918399126897185,40.04207488088135,12869400,WEGE3.SA
2025-06-05,40.470176696777344,41.76400518347498,40.470176696777344,41.031469830592066,12056700,WEGE3.SA
2025-06-06,40.498722076416016,40.907800370447696,40.42261642796994,40.470182911885,4539700,WEGE3.SA
2025-06-09,40.75558090209961,40.869741176590175,39.78520949620561,40.36552997092464,4151900,WEGE3.SA
2025-06-10,40.24185562133789,41.27882085913505,40.09915618053946,41.27882085913505,5988000,WEGE3.SA
2025-06-11,40.23234176635742,40.508232418839505,39.59493934955709,40.24185361029938,5025600,WEGE3.SA
2025-06-12,40.203800201416016,40.565311976750024,39.575913238514715,39.95645233140207,5467300,WEGE3.SA
2025-06-13,40.32747268676758,40.84119933185634,39.57591003514767,39.71861309070215,4923100,WEGE3.SA
2025-06-16,40.470176696777344,41.31687231934254,40.35601279800552,40.631903443069774,5928600,WEGE3.SA
2025-06-17,39.39516067504883,40.812665039829945,39.109758158991326,40.4511532506425,8397400,WEGE3.SA
2025-06-18,39.82326126098633,39.99450347492695,39.423694885428404,39.52834330829094,4336700,WEGE3.SA
2025-06-20,39.61397171020508,40.33699533089739,39.30003001289428,39.41419030018093,9459600,WEGE3.SA
2025-06-23,39.66550827026367,39.84667518582638,38.95038489781441,39.42713381278058,6081400,WEGE3.SA
2025-06-24,39.5129508972168,40.14225935347135,39.30318383666912,40.04691102025021,4735500,WEGE3.SA
2025-06-25,39.87527847290039,39.96109342204516,39.19829589481693,39.57969283977829,4072000,WEGE3.SA
2025-06-26,41.0671501159668,41.591573180561035,39.94202241657273,39.94202241657273,11156400,WEGE3.SA
2025-06-27,40.38063049316406,41.42948025861452,40.38063049316406,40.72389028413674,6984100,WEGE3.SA
2025-06-30,40.79063415527344,41.124360563035914,40.26621109999571,40.34249266884613,10282300,WEGE3.SA
2025-07-01,40.52365493774414,40.99087044214659,40.390165832859246,40.69528482611195,7110200,WEGE3.SA
2025-07-02,40.456912994384766,41.114825184020205,40.15179398145481,40.31388686575267,7025100,WEGE3.SA
2025-07-03,40.72389221191406,40.95273329583049,40.266213681386844,40.52365853680321,6963500,WEGE3.SA
2025-07-04,41.00040817260742,41.362738379555125,40.80017449402015,40.876452431779526,3488100,WEGE3.SA
2025-07-07,40.361572265625,41.1052995449986,40.275757299750644,41.00041418256259,4161300,WEGE3.SA
2025-07-08,38.72154998779297,40.704823712353424,38.55945345470496,40.704823712353424,11029800,WEGE3.SA
2025-07-09,38.24480056762695,38.66433832560375,38.10177443063412,38.61666415904139,11678900,WEGE3.SA
2025-07-10,38.04457092285156,38.36876038210561,37.36758459152572,37.60595908693881,12622900,WEGE3.SA
2025-07-11,37.90153884887695,38.21619487956676,37.53920865401445,38.00642419244022,11076600,WEGE3.SA
2025-07-14,37.6917724609375,38.23526599657025,37.6917724609375,37.73945026785398,5026100,WEGE3.SA
2025-07-15,37.825260162353516,38.11131244382608,37.396189014756374,37.758515599958145,7131200,WEGE3.SA
2025-07-16,39.20783615112305,39.37946607952296,37.85387075741941,37.9968932728819,11531300,WEGE3.SA
2025-07-17,40.132720947265625,40.533188261391025,39.4557384092125,39.474808800928756,17894300,WEGE3.SA
2025-07-18,40.39970779418945,40.88599379365919,40.06598496106793,40.27575567749065,13711800,WEGE3.SA
2025-07-21,40.018306732177734,41.048082539461134,39.83713980916352,41.03854916118415,7733200,WEGE3.SA
2025-07-22,39.398536682128906,40.28529010440564,39.398536682128906,40.04691560674644,8965700,WEGE3.SA
2025-07-23,36.242454528808594,38.082705815041706,36.242454528808594,37.48200474115242,31116000,WEGE3.SA
2025-07-24,34.545230865478516,36.80502002604562,34.402208352987934,36.42362302209799,30042500,WEGE3.SA
2025-07-25,34.488014221191406,34.898018572608585,34.2687101602273,34.79313686829963,19069200,WEGE3.SA
2025-07-28,35.18877410888672,35.18877410888672,34.489406036153525,34.58520847995792,11133300,WEGE3.SA
2025-07-29,35.04507064819336,36.3480007028485,35.04507064819336,35.59115262125671,14293400,WEGE3.SA
2025-07-30,35.30374526977539,35.90731102688245,34.24990354560856,35.112140341475786,18990800,WEGE3.SA
2025-07-31,35.552833557128906,35.763603340297315,34.39360705896132,35.07381398056749,15042800,WEGE3.SA
2025-08-01,35.619895935058594,35.75402083148994,34.81514290184119,35.70611960485436,16118400,WEGE3.SA
2025-08-04,35.5145149230957,36.20430435681071,35.46661369122766,35.84024841628004,6629900,WEGE3.SA
2025-08-05,35.57199478149414,35.840244574907864,35.38038621992891,35.51451111663577,5735100,WEGE3.SA
2025-08-06,36.55876922607422,36.61625288352089,35.75401629496512,35.83066117156068,9789400,WEGE3.SA
2025-08-07,37.363525390625,37.967091054846655,36.55877238987252,36.57793361067963,14205400,WEGE3.SA
2025-08-08,36.50128936767578,37.689259496148715,36.36716447430271,37.296463599286476,7471100,WEGE3.SA
2025-08-11,35.6582145690918,36.568348741832224,35.47618481084056,36.530029957394696,9567300,WEGE3.SA
2025-08-12,35.073814392089844,36.07017600013897,34.98759072111195,36.07017600013897,6654500,WEGE3.SA
2025-08-13,35.08339309692383,35.332485325691515,34.738498413786644,35.08339309692383,7988800,WEGE3.SA
2025-08-14,34.95884704589844,35.332481696037654,34.53730751886629,34.90136338640433,5821900,WEGE3.SA
2025-08-15,34.460670471191406,35.25584109011741,34.22116067621149,35.25584109011741,7183300,WEGE3.SA
2025-08-18,34.8822021484375,35.025909469783564,34.56605115795676,34.63311360001719,5425600,WEGE3.SA
2025-08-19,34.1061897277832,34.61395292446204,33.88584117831577,34.489406820979035,5848800,WEGE3.SA
2025-08-20,34.55647277832031,34.55647277832031,33.7708809465441,34.048713184633826,7037900,WEGE3.SA
2025-08-21,34.4031867980957,34.76724270969122,34.31696312573438,34.31696312573438,4723200,WEGE3.SA
2025-08-22,35.92646408081055,35.97436530199251,34.42234307699759,34.63311283575293,10637800,WEGE3.SA
2025-08-25,36.14681625366211,36.39590847624117,35.888145247735835,36.06059258502002,8394800,WEGE3.SA
2025-08-26,36.012691497802734,36.348003735686746,35.801921717058896,36.21387884053314,13465700,WEGE3.SA
2025-08-27,36.15639877319336,36.47254978917462,35.80192165984893,36.098915109092545,7509800,WEGE3.SA
2025-08-28,36.23303985595703,36.712059424284995,36.06059251898862,36.40548719292544,11601700,WEGE3.SA
2025-08-29,36.079750061035156,36.501285922510995,36.00310883832541,36.271358599752865,12724500,WEGE3.SA
2025-09-01,36.22346115112305,36.395908488465146,35.926467702449585,36.338424824474686,4831500,WEGE3.SA
2025-09-02,36.098915100097656,36.405487332633705,35.89772775773887,35.9647902051918,7248500,WEGE3.SA
2025-09-03,36.26177978515625,36.271362223095274,35.84024388157091,36.1851385547904,8758100,WEGE3.SA
2025-09-04,35.68695831298828,36.357586448453524,35.68695831298828,36.146816666116905,8614300,WEGE3.SA
2025-09-05,36.26177978515625,36.635418117563546,35.9743687756831,35.9743687756831,6112300,WEGE3.SA
2025-09-08,35.868980407714844,36.40548358676516,35.61989186489475,36.27135870565981,6063500,WEGE3.SA
2025-09-09,35.42828369140625,36.05101053682936,35.4091224718178,35.69653345638657,5401000,WEGE3.SA
2025-09-10,35.715702056884766,35.97437309284159,35.40912978937217,35.44745223646867,6369400,WEGE3.SA
2025-09-11,35.284584045410156,35.87856730179182,35.16961671478452,35.821083636479,6560300,WEGE3.SA
2025-09-12,35.3995475769043,35.44744880382143,34.939689220167,35.09297533907943,4908900,WEGE3.SA
2025-09-15,34.978004455566406,35.4761852050798,34.776817130175125,35.13129055890676,6287600,WEGE3.SA
2025-09-16,35.22709274291992,35.36121761160908,34.91093813418528,35.18877030768628,6047700,WEGE3.SA
2025-09-17,35.169612884521484,35.4282838683137,34.93010312041339,35.24625776325798,9531700,WEGE3.SA
2025-09-18,35.18877410888672,35.39954387081115,34.88220190315789,35.26541898763341,7699800,WEGE3.SA
2025-09-19,34.8247184753418,35.43786654549986,34.8247184753418,35.18877434254805,9696300,WEGE3.SA
2025-09-22,35.552833557128906,35.677379670331085,34.55647196077012,34.79598174905083,17499300,WEGE3.SA
2025-09-23,35.1600341796875,35.840241034146594,35.09297173795936,35.55283004750758,6867600,WEGE3.SA
2025-09-24,35.34206771850586,35.53367630144182,35.0642354559802,35.1983640222762,4562300,WEGE3.SA
2025-09-25,34.8247184753418,35.43786654549986,34.59479114683289,35.43786654549986,8075800,WEGE3.SA
2025-09-26,34.79597854614258,35.06422831484367,34.69059366425886,34.95884708758896,4491900,WEGE3.SA
2025-09-29,34.94995880126953,35.52653443752794,34.62323370711633,35.52653443752794,4873200,WEGE3.SA
2025-09-30,35.16136932373047,35.35356119750516,34.83464423804003,35.17097726782941,7668000,WEGE3.SA
2025-10-01,34.39260482788086,34.94034927478298,34.13314635317643,34.87308267012869,11275700,WEGE3.SA
2025-10-02,34.71933364868164,34.9307414293391,34.344561477862754,34.46948309096544,8501800,WEGE3.SA
2025-10-03,34.978790283203125,35.69950708574916,34.77698679251627,34.786598402706474,7971200,WEGE3.SA
2025-10-06,34.286903381347656,35.142153460420886,34.15237015530317,34.98840067840497,10721600,WEGE3.SA
2025-10-07,34.33494567871094,34.89230172735222,34.21002041509221,34.27728701878961,5190500,WEGE3.SA
2025-10-08,34.113929748535156,34.604015577060636,34.02744358282415,34.48870191136441,6387700,WEGE3.SA
2025-10-09,35.747554779052734,35.891695942687875,34.219634983686404,34.219634983686404,14768200,WEGE3.SA
2025-10-10,35.25746536254883,36.208813173774935,35.25746536254883,35.795601905498025,10273600,WEGE3.SA
2025-10-13,36.36256790161133,36.47788157209719,35.34395342601229,35.35356503691015,11420200,WEGE3.SA
2025-10-14,35.87247848510742,36.61241115741247,35.85325893097863,36.20881151797335,10186200,WEGE3.SA
2025-10-15,35.95896530151367,36.37217660055345,35.82443207219943,35.92052985439215,7314800,WEGE3.SA
2025-10-16,36.929527282714844,37.073672101825025,35.84364633181519,36.12232436035886,10795000,WEGE3.SA
2025-10-17,38.582374572753906,39.07246038906918,36.73733763880557,36.81421585785791,28853800,WEGE3.SA
2025-10-20,37.99618911743164,38.630419730458726,37.99618911743164,38.52471401732837,12463500,WEGE3.SA
2025-10-21,38.12111282348633,38.41901042550623,37.84243844210253,38.09228532404273,10407600,WEGE3.SA
2025-10-22,38.45744705200195,39.18777176153862,37.16976628417662,37.669463681545935,16229100,WEGE3.SA
2025-10-23,39.82200622558594,40.043025615217715,38.620811499920585,38.89948955605624,15783500,WEGE3.SA
2025-10-24,39.75474166870117,40.15834502357542,39.39918903794107,39.83161989467935,10015800,WEGE3.SA
2025-10-27,40.04302215576172,40.69647232333027,39.879661446747114,40.36013929550311,11591400,WEGE3.SA
2025-10-28,40.66764831542969,41.186565316399374,40.04302559214151,40.11990381410237,9574200,WEGE3.SA
2025-10-29,40.40818786621094,41.54211592516094,40.340921258116886,40.773352071403785,12072900,WEGE3.SA
2025-10-30,39.83161926269531,40.43702245252333,39.69708603512365,40.283266003006545,11980500,WEGE3.SA
2025-10-31,40.456233978271484,40.51389264061968,39.822003355461824,40.08146183739602,12528200,WEGE3.SA
2025-11-03,41.12890625,41.22500402651664,40.34092281134024,40.73491453067012,8375200,WEGE3.SA
2025-11-04,41.08086013793945,41.503679367055646,41.06164058219479,41.128907194423384,7341200,WEGE3.SA
2025-11-05,41.81118392944336,41.89767009535222,40.77335360429241,41.080859157356045,6623200,WEGE3.SA
2025-11-06,42.1955680847168,42.40697952901555,41.63821563941378,41.801576362186175,11139300,WEGE3.SA
2025-11-07,43.24300765991211,43.35832132059376,41.99376594955457,42.185957827860776,12825500,WEGE3.SA
2025-11-10,43.59856033325195,43.61777988769389,43.20456863158016,43.43519961912825,10066300,WEGE3.SA
2025-11-11,44.232791900634766,44.818975493345974,43.72348652731433,43.973333408823805,10291400,WEGE3.SA
2025-11-12,43.13730239868164,44.39615573240153,42.973941683138676,44.1559167984229,10226300,WEGE3.SA
2025-11-13,43.07003402709961,43.36793161270877,42.68565028216876,43.05081447327756,10736800,WEGE3.SA
2025-11-14,42.704872131347656,43.20456956031413,42.483852749147054,42.89706401414326,6639800,WEGE3.SA
2025-11-17,42.25322723388672,42.77214057419998,41.9745491751733,42.57034073820286,9531800,WEGE3.SA
2025-11-18,41.74391555786133,42.21478547811385,41.74391555786133,42.11869137149343,7190100,WEGE3.SA
2025-11-19,41.945716857910156,42.17634416806527,41.513286069175564,41.7054779381415,7656600,WEGE3.SA
2025-11-21,41.53250503540039,42.14751607479143,41.023196039978785,41.763132342294554,9992100,WEGE3.SA
2025-11-24,41.50367736816406,41.71508880541792,41.330705040548224,41.71508880541792,12391300,WEGE3.SA
2025-11-25,41.282657623291016,41.791966657127205,41.100077352749125,41.73430799317729,4409100,WEGE3.SA
2025-11-26,42.666439056396484,42.90667800679116,41.43641313766203,41.43641313766203,8639200,WEGE3.SA
2025-11-27,42.330101013183594,42.887457120371,42.29166190253163,42.83941006493372,3006400,WEGE3.SA
2025-11-28,42.52229309082031,42.656826312948375,41.772748758532316,42.33010120245649,7531800,WEGE3.SA
2025-12-01,43.41598129272461,43.656220231411325,42.28205320886286,42.935503415351164,17188500,WEGE3.SA
2025-12-02,43.829193115234375,44.14630661212153,43.127695845281536,43.435201397431946,5818500,WEGE3.SA
2025-12-03,43.29105758666992,44.02138603956097,43.29105758666992,44.0117744288423,10377300,WEGE3.SA
2025-12-04,44.167606353759766,44.167606353759766,43.34249870527017,43.56576308423806,7415000,WEGE3.SA
2025-12-05,45.33246994018555,45.516904777300084,44.16760917732828,44.16760917732828,15748300,WEGE3.SA
2025-12-08,46.37113571166992,46.45850035997915,45.04125491228746,45.04125491228746,10859600,WEGE3.SA
2025-12-09,46.26435852050781,46.40996750905383,45.439250793388126,46.10904399412092,8650500,WEGE3.SA
2025-12-10,47.050636291503906,47.14770647341195,46.109039974437515,46.30318404124369,4290600,WEGE3.SA
2025-12-11,47.1282958984375,47.35156029912455,46.701181875774076,47.16712545585884,5154200,WEGE3.SA
2025-12-12,48.069889068603516,48.069889068603516,46.574984535270836,47.27390170991784,9931700,WEGE3.SA
2025-12-15,48.22520065307617,48.53582966670388,47.623357402046224,48.118421235331034,12049800,WEGE3.SA
2025-12-16,48.47759246826172,48.63290699791971,47.613655165602204,47.84662881158444,10274800,WEGE3.SA
2025-12-17,48.3416862487793,48.73967990920678,47.86603718540961,48.53583031061977,10202400,WEGE3.SA
2025-12-18,48.53583526611328,49.17650814350636,48.11842678658548,48.18637665971881,5144100,WEGE3.SA
2025-12-19,48.264034271240234,49.234750946346495,47.85633134214068,48.53583375531311,12839100,WEGE3.SA
2025-12-22,47.44621276855469,48.63087345294175,46.96836634634178,48.48154858214222,6391700,WEGE3.SA
2025-12-23,48.06343078613281,48.06343078613281,47.50594519005993,47.595541631941046,4886100,WEGE3.SA
2025-12-26,48.53132247924805,48.53132247924805,47.76477600694246,47.80459749065369,1829300,WEGE3.SA
2025-12-29,48.49150085449219,48.83993313957347,48.053475927699786,48.77024744207435,3845900,WEGE3.SA
2025-12-30,48.292396545410156,48.829975173524744,48.06342871438038,48.56118585946745,4334800,WEGE3.SA
2026-01-02,48.033565521240234,48.87975116682883,47.93401560914242,48.29239757124599,4801300,WEGE3.SA
2026-01-05,47.86432647705078,48.640826368942484,47.83445846749579,48.043515546453484,4531300,WEGE3.SA
2026-01-06,47.953922271728516,48.461636694167055,47.38647942141653,48.31230802931203,5168600,WEGE3.SA
2026-01-07,47.48603057861328,47.824505576187406,47.31679118103347,47.78468409468798,4904900,WEGE3.SA
2026-01-08,45.50495910644531,47.5955414777012,45.45518414946951,47.336705625289746,9557100,WEGE3.SA
2026-01-09,45.89320755004883,46.171954135429715,45.45518262671553,45.54477906530481,4871300,WEGE3.SA
2026-01-12,46.5402946472168,46.77921975591565,45.604512549783315,45.72397320533985,4361500,WEGE3.SA
2026-01-13,46.19186782836914,46.550249808038366,45.604514203997866,46.5004748495498,5294900,WEGE3.SA
2026-01-14,46.79912567138672,46.8887221104803,45.8633435945315,46.24164009265837,6175000,WEGE3.SA
2026-01-15,46.23168182373047,47.13759966716908,46.02262473622593,47.13759966716908,4604100,WEGE3.SA
2026-01-16,46.112220764160156,46.87876720912635,45.29589936512303,46.440742296682345,9477300,WEGE3.SA
2026-01-19,46.01266860961914,46.530336461371874,45.59455066114812,46.12217578178025,5052000,WEGE3.SA
2026-01-20,46.22172927856445,47.06791491500173,45.79365782551905,46.331236459239186,5987900,WEGE3.SA
2026-01-21,47.37652587890625,47.77473311953753,46.44074380028416,46.789172287647254,7600400,WEGE3.SA
2026-01-22,49.00917053222656,49.32773481741299,47.35661687872729,47.68513843396782,14397700,WEGE3.SA
2026-01-23,49.646297454833984,50.96037603701006,48.94943668002287,49.12862955919103,9064000,WEGE3.SA
2026-01-26,51.37849044799805,51.51786183375104,49.775711916667674,49.775711916667674,14664900,WEGE3.SA
2026-01-27,52.46360397338867,52.84190046785632,51.35858250111847,51.76674320913321,11316600,WEGE3.SA
2026-01-28,51.33867263793945,52.76225840435436,50.49248699388504,52.46360487101667,13110700,WEGE3.SA
2026-01-29,51.836429595947266,53.15050817571397,51.35858318490353,51.836429595947266,9387700,WEGE3.SA
2026-01-30,51.48800277709961,52.06539911840073,51.2988526224228,51.86629549128158,7212600,WEGE3.SA
2026-02-02,51.71696853637695,52.154993460330196,51.08979346536439,51.53777565894479,6846500,WEGE3.SA
2026-02-03,53.757774353027344,53.757774353027344,52.00567078579237,52.56315638566513,6917500,WEGE3.SA
2026-02-04,51.16943359375,53.21023703176535,50.960372716618316,53.200279762690506,8893000,WEGE3.SA
2026-02-05,51.97580337524414,53.03104995486049,51.19930339637857,51.21921413911689,7437700,WEGE3.SA
2026-02-06,51.61741256713867,52.563151868253925,51.26898409716303,52.135080435092135,5766400,WEGE3.SA
2026-02-09,53.50889205932617,53.64826344963445,51.47804203532842,51.7667420853016,7661100,WEGE3.SA
2026-02-10,52.16495132446289,53.73786195835529,51.78665482361861,53.45911916698883,8866200,WEGE3.SA
2026-02-11,53.349613189697266,53.73786317146102,52.39392034265019,52.81203453913861,6680100,WEGE3.SA
2026-02-12,53.787635803222656,53.8274572861912,52.35409659462578,53.02108934521354,6660500,WEGE3.SA
2026-02-13,53.55867004394531,54.27544157475813,52.91158800981554,53.00118445116714,7178500,WEGE3.SA
2026-02-18,53.150508880615234,54.2853945965936,53.00118401132563,54.2853945965936,7766100,WEGE3.SA
2026-02-19,51.13957214355469,53.75777600100161,50.62190421524213,53.1903331136868,11680200,WEGE3.SA
2026-02-20,51.75679016113281,52.36405069455032,49.67616512089494,50.97033295220784,14808500,WEGE3.SA
2026-02-23,51.736881256103516,52.19481693923368,50.99024550411858,51.30880978782529,5164300,WEGE3.SA
2026-02-24,51.17938995361328,51.975800633201644,51.000197076007694,51.73687932811797,11974100,WEGE3.SA
2026-02-25,50.05445861816406,51.18934433135516,49.735894340692376,50.90064806573664,10719400,WEGE3.SA
2026-02-26,49.15849685668945,49.76576118309524,47.894193248739924,49.67616474481265,9902400,WEGE3.SA
2026-02-27,49.4770622253418,49.57661213782828,48.49150138234841,49.09876572223885,7316400,WEGE3.SA
2026-03-02,48.47159194946289,49.07885630575443,48.212759891456024,49.07885630575443,5402000,WEGE3.SA
2026-03-03,47.187381744384766,47.963881722739,45.84343509232643,47.008188857443656,13648400,WEGE3.SA
2026-03-04,47.127647399902344,48.00370105254275,46.60997950505054,47.78468668998622,6449100,WEGE3.SA
2026-03-05,46.50047302246094,47.2570660330685,46.27150518434137,46.88872300003698,7897500,WEGE3.SA
2026-03-06,46.4108772277832,47.137602236519676,45.972852287576316,46.390966485375735,5517900,WEGE3.SA
2026-03-09,46.37105941772461,47.02809872508745,45.664241355682044,46.33123793301515,5742300,WEGE3.SA
2026-03-10,46.97832107543945,47.73491411237264,45.992763990005656,46.80908545782217,5655000,WEGE3.SA
2026-03-11,46.66971206665039,47.366572845415156,46.390965476593045,46.789172720911694,3420400,WEGE3.SA
2026-03-12,45.614463806152344,46.59006734057215,44.877785368824505,46.520381645083994,7215300,WEGE3.SA
2026-03-13,46.002716064453125,46.67966610951933,45.70406252635586,46.29141613023431,4406200,WEGE3.SA
2026-03-16,45.7637939453125,47.00818683007662,45.3556332310133,47.00818683007662,5913000,WEGE3.SA
2026-03-17,45.99276351928711,47.05796356511127,45.53482783180091,45.634377747311525,5780200,WEGE3.SA
2026-03-18,45.95294189453125,46.54029550846667,45.723974051483324,45.94298842204475,5688200,WEGE3.SA
2026-03-19,46.381011962890625,46.60997979901393,44.7483690982996,44.79814405439845,5299300,WEGE3.SA
2026-03-20,45.75383758544922,46.32128044837899,45.2361696793827,46.2914162337782,10234300,WEGE3.SA
2026-03-23,47.140743255615234,47.69944973098251,46.17298498042371,46.41243170011726,5584500,WEGE3.SA
2026-03-24,47.34028244018555,47.49991232100932,46.41243256856095,47.140744137686696,5779900,WEGE3.SA
2026-03-25,48.0685920715332,48.856766241398084,47.55976923037935,48.16835931582246,8453500,WEGE3.SA
2026-03-26,47.410118103027344,48.238196882524804,47.19062559974726,47.679494228177525,4612800,WEGE3.SA
2026-03-27,47.30037307739258,47.569749209524865,46.811504436291045,47.430073542317714,3314900,WEGE3.SA
2026-03-30,48.936580657958984,49.644938007700205,48.268131729411316,48.64725031312051,8682700,WEGE3.SA
2026-03-31,50.89204788208008,51.23126185217961,49.305724287478846,49.455378964769665,11795500,WEGE3.SA
2026-04-01,50.89204788208008,51.530571206761245,50.6326507547694,51.251216062876814,12831600,WEGE3.SA
2026-04-02,50.193668365478516,51.37094012799928,49.28577273226773,49.38553997754856,7547300,WEGE3.SA
2026-04-06,50.50294876098633,50.79227909853186,49.95422130397419,50.193668019223416,2617700,WEGE3.SA
2026-04-07,50.53288269042969,50.62267473417762,49.42544875283066,50.11385188431384,3983500,WEGE3.SA
2026-04-08,52.647979736328125,52.77768020137379,51.79994291826216,52.11920647973068,10118800,WEGE3.SA
2026-04-09,52.378604888916016,52.74774827677341,51.779993783964755,52.42848851334919,6218000,WEGE3.SA
2026-04-10,52.75772476196289,53.2166601742013,52.18904309769433,52.37860238382505,6331700,WEGE3.SA
2026-04-13,51.91967010498047,52.75772794593419,51.91967010498047,52.647981687280776,5536700,WEGE3.SA
2026-04-14,51.779991149902344,52.22894755283896,50.47301894333033,52.16908872891482,11897600,WEGE3.SA
2026-04-15,49.84447479248047,51.979525785033566,49.19598009424432,51.779991296884845,14915400,WEGE3.SA
2026-04-16,48.2880859375,50.13380665002597,48.04863921622764,50.08392302647488,10979400,WEGE3.SA
2026-04-17,48.537506103515625,49.83449929826048,48.48761867589451,48.986462505094565,9369900,WEGE3.SA
2026-04-20,48.36790084838867,48.906653137722145,48.128457923713796,48.63727699305541,4448400,WEGE3.SA
2026-04-22,47.08087921142578,48.81685741095061,46.5121975508296,48.16835891089288,10210700,WEGE3.SA
2026-04-23,48.16836166381836,48.936581661097456,47.19062815979313,47.35025804196303,10526700,WEGE3.SA
2026-04-24,47.68947219848633,48.51755483192884,47.26046617492301,48.51755483192884,5113600,WEGE3.SA
2026-04-27,48.07856750488281,48.397827255195836,47.509885836770465,47.76928676257256,5188300,WEGE3.SA
2026-04-28,47.1806526184082,47.88900997758291,46.90129747220957,47.58970442639833,6446500,WEGE3.SA
2026-04-29,43.99802780151367,46.68181025725651,43.79849329826099,45.91359024092827,18546300,WEGE3.SA
2026-04-30,44.75627136230469,45.354882467061024,43.99802657001164,44.217519084498036,11343400,WEGE3.SA
2026-05-04,44.25742721557617,45.0156681970104,43.92818844600993,44.81612989477721,7037600,WEGE3.SA
2026-05-05,43.43932342529297,44.636549427953334,43.36948559067647,44.16763499049119,7527400,WEGE3.SA
2026-05-06,44.836082458496094,45.2451342504028,43.89825742009147,43.968095252426046,6614900,WEGE3.SA
2026-05-07,44.207542419433594,44.945829170483,44.207542419433594,44.66647783828879,4182700,WEGE3.SA
2026-05-08,45.41474533081055,46.46231667239908,44.60661690999143,44.70638796520919,10953200,WEGE3.SA
2026-05-11,44.05788803100586,45.17529717290641,43.918212364002855,45.015667295492044,6362800,WEGE3.SA
2026-05-12,43.289669036865234,44.01798060692746,42.94047986145066,43.90823435011814,7511100,WEGE3.SA
2026-05-13,43.20985412597656,43.399413412143986,42.092441201340925,43.27969195803174,9255500,WEGE3.SA
2026-05-14,43.6189079284668,44.36717371147091,43.47923225791295,43.758583599020646,7130800,WEGE3.SA
2026-05-15,43.030269622802734,43.399412989481675,42.730964087498826,43.030269622802734,5283900,WEGE3.SA
2026-05-18,42.242095947265625,43.16994578148015,41.91285719053564,43.16994578148015,6993100,WEGE3.SA
2026-05-19,41.72330093383789,42.32191205479149,41.414016364681736,42.092444331563385,6814600,WEGE3.SA
2026-05-20,42.481544494628906,42.80080425717848,41.713324501657574,42.15230572369409,6975500,WEGE3.SA
2026-05-21,42.37179946899414,42.730967663769135,41.83304717683164,42.022606477017696,3527300,WEGE3.SA
2026-05-22,42.631195068359375,43.16994734108486,41.95276712623318,42.04255917168743,4827600,WEGE3.SA
2026-05-25,43.20985412597656,43.41936762214209,42.90056957982049,43.169945705980346,2514500,WEGE3.SA
2026-05-26,43.33955383300781,43.33955383300781,42.5613586176831,42.900572599776865,3932200,WEGE3.SA
2026-05-27,43.34953308105469,44.257428772573135,43.299649455210606,44.077844674833074,3920700,WEGE3.SA
2026-05-28,43.6189079284668,43.898259269574496,43.17992290001004,43.78851301246031,4259200,WEGE3.SA
2026-05-29,43.99802780151367,44.197566110643045,43.00034006174351,43.499183931628586,25788200,WEGE3.SA
2026-06-01,42.900569915771484,44.75626959548695,42.74094004041297,44.44698504690889,10985100,WEGE3.SA
2026-06-02,41.90288162231445,43.25973744569153,41.5337382546204,42.7808478267131,9991100,WEGE3.SA
2026-06-03,41.68339157104492,42.35184432005241,41.194526721326405,41.50380747763256,6573100,WEGE3.SA
2026-06-05,42.361820220947266,42.56135852868104,41.42399512223818,41.823067931829065,10064100,WEGE3.SA
2026-06-08,43.898258209228516,44.25742638533517,42.22214259131513,42.45161030252182,9657900,WEGE3.SA
2026-06-09,43.22980880737305,44.0678628011737,42.68107754113245,43.98804976618736,9564900,WEGE3.SA
2026-06-10,42.2919807434082,43.120063356321154,41.97272098577048,43.030271311618264,7939100,WEGE3.SA
2026-06-11,42.252071380615234,42.69105639199138,41.58362246729455,42.01262847066137,9103200,WEGE3.SA
2026-06-12,42.511474609375,43.13003993378515,41.76320881495289,41.76320881495289,5024100,WEGE3.SA
2026-06-15,42.68107986450195,43.85835169017852,42.351844892711945,43.1699485267073,6230000,WEGE3.SA
2026-06-16,42.73096466064453,42.97040756974874,42.08246615389085,42.68107723252777,5226700,WEGE3.SA
2026-06-17,43.6987190246582,44.287354900035766,42.501493063871045,42.52144727390308,9704200,WEGE3.SA
2026-06-18,45.70407485961914,46.12310186636294,43.70869946169277,43.70869946169277,16176500,WEGE3.SA
2026-06-19,45.05557632446289,46.093172444599695,44.74629176772696,45.943517767432766,10422100,WEGE3.SA
2026-06-22,45.25,45.79999923706055,44.61000061035156,45.02000045776367,5109100,WEGE3.SA
2026-06-23,45.709999084472656,46.13999938964844,44.43000030517578,44.959999084472656,8107300,WEGE3.SA
2026-06-24,46.61000061035156,46.61000061035156,45.380001068115234,45.529998779296875,9621200,WEGE3.SA
2026-06-25,46.5,47.369998931884766,46.22999954223633,46.88999938964844,7163600,WEGE3.SA
2026-06-26,46.900001525878906,47.31999969482422,46.18000030517578,46.599998474121094,6014600,WEGE3.SA
2026-06-29,46.790000915527344,46.900001525878906,46.0099983215332,46.900001525878906,3248800,WEGE3.SA
2026-06-30,46.90999984741211,47.13999938964844,46.18000030517578,46.25,6927400,WEGE3.SA
2026-07-01,46.2599983215332,47.130001068115234,46.099998474121094,46.90999984741211,4539000,WEGE3.SA
2026-07-02,46.2599983215332,46.45000076293945,45.90999984741211,46.400001525878906,7406500,WEGE3.SA
2026-07-03,46.47999954223633,46.900001525878906,46.27000045776367,46.29999923706055,2348100,WEGE3.SA
2026-07-06,46.2599983215332,46.54999923706055,45.77000045776367,46.20000076293945,3598900,WEGE3.SA
2026-07-07,45.869998931884766,46.43000030517578,45.7599983215332,46.25,4428600,WEGE3.SA
2026-07-08,45.349998474121094,45.97999954223633,45.119998931884766,45.70000076293945,3293300,WEGE3.SA
2026-07-09,45.7400016784668,45.939998626708984,45.15999984741211,45.5099983215332,4324900,WEGE3.SA
2026-07-10,46.5099983215332,46.79999923706055,46.11000061035156,46.79999923706055,7150700,WEGE3.SA
2026-07-13,44.38999938964844,46.4900016784668,44.189998626708984,46.4900016784668,10194000,WEGE3.SA
2026-07-14,44.20000076293945,44.779998779296875,44.150001525878906,44.619998931884766,6736400,WEGE3.SA
2026-07-15,44.2599983215332,44.369998931884766,43.209999084472656,44.209999084472656,7916900,WEGE3.SA
2026-07-16,43.4900016784668,44.349998474121094,43.119998931884766,44.06999969482422,5658700,WEGE3.SA
2026-07-17,43.630001068115234,44.02000045776367,43.150001525878906,43.29999923706055,8201000,WEGE3.SA
2026-07-20,43.130001068115234,43.790000915527344,43.02000045776367,43.630001068115234,3975400,WEGE3.SA
2026-07-21,42.470001220703125,43.34000015258789,42.459999084472656,43.09000015258789,8949800,WEGE3.SA
2026-07-22,46.7400016784668,47.060001373291016,44.79999923706055,44.79999923706055,34084500,WEGE3.SA
2026-07-23,45.66999816894531,46.86000061035156,44.68000030517578,46.43000030517578,13598900,WEGE3.SA
2026-07-24,45.9900016784668,46.189998626708984,44.939998626708984,45.41999816894531,7721100,WEGE3.SA
2026-07-27,46.400001525878906,48.4900016784668,45.470001220703125,48.04999923706055,12593500,WEGE3.SA
2026-07-28,46.70000076293945,47.56999969482422,46.209999084472656,47.04999923706055,10923600,WEGE3.SA
2026-07-29,45.63999938964844,46.68000030517578,45.33000183105469,46.61000061035156,6456400,WEGE3.SA
2026-07-30,46.81999969482422,46.959999084472656,45.810001373291016,45.91999816894531,7612900,WEGE3.SA
2026-07-31,47.20000076293945,47.77000045776367,46.90999984741211,47.0,5153000,WEGE3.SA
2026-08-03,48.20000076293945,48.630001068115234,47.27000045776367,47.900001525878906,6927700,WEGE3.SA
2026-08-04,49.16999816894531,49.16999816894531,48.369998931884766,48.900001525878906,6265600,WEGE3.SA
2026-08-05,48.79999923706055,49.959999084472656,48.79999923706055,49.18000030517578,5897400,WEGE3.SA
2026-08-06,48.400001525878906,49.130001068115234,48.25,48.79999923706055,5958300,WEGE3.SA
2026-08-07,48.119998931884766,48.400001525878906,47.65999984741211,48.119998931884766,6880500,WEGE3.SA
2026-08-10,47.630001068115234,48.130001068115234,47.470001220703125,47.630001068115234,3125400,WEGE3.SA
2026-08-11,47.36000061035156,47.939998626708984,46.93000030517578,47.56999969482422,5572800,WEGE3.SA
2026-08-12,47.63999938964844,48.08000183105469,47.36000061035156,47.36000061035156,8033500,WEGE3.SA
2026-08-13,47.5,48.13999938964844,47.2400016784668,47.400001525878906,4982500,WEGE3.SA
2026-08-14,47.5,47.61000061035156,46.65999984741211,47.5,7327700,WEGE3.SA
2026-08-17,47.9900016784668,48.400001525878906,47.4900016784668,47.5,7151700,WEGE3.SA
2026-08-18,48.470001220703125,48.52000045776367,47.599998474121094,47.84000015258789,5889600,WEGE3.SA
2026-08-19,48.5099983215332,48.970001220703125,48.20000076293945,48.650001525878906,5763600,WEGE3.SA
2026-08-20,48.400001525878906,49.08000183105469,47.75,48.0,5478400,WEGE3.SA
2026-08-21,49.27000045776367,49.63999938964844,48.209999084472656,48.4900016784668,7851700,WEGE3.SA
2026-08-24,49.06999969482422,49.66999816894531,48.63999938964844,48.90999984741211,7208200,WEGE3.SA
2026-08-25,49.58000183105469,49.849998474121094,48.16999816894531,49.0099983215332,10726700,WEGE3.SA
2026-08-26,50.41999816894531,50.52000045776367,49.630001068115234,49.779998779296875,6706500,WEGE3.SA
2021-08-30,161.74754333496094,163.6323201997767,158.40635798949836,162.2615707207878,2517837,MGLU3.SA
2021-08-31,156.2645721435547,163.28963742376882,155.40786473996428,160.63381218725215,3447558,MGLU3.SA
2021-09-01,160.03411865234375,161.5762155315282,156.60727420182891,157.2926342868261,2493061,MGLU3.SA
2021-09-02,154.29412841796875,159.86277028199447,153.0090527031398,159.86277028199447,2931933,MGLU3.SA
2021-09-03,161.91888427734375,161.91888427734375,153.35175173599998,155.0651811793038,5206446,MGLU3.SA
2021-09-06,166.88783264160156,167.05917999606302,160.7194893079252,161.57621140505643,2060050,MGLU3.SA
2021-09-08,160.97650146484375,165.6027477036701,159.77709940008964,164.91738767396075,4080921,MGLU3.SA
2021-09-09,161.49053955078125,166.37380713147257,153.8657876436399,161.9188932665943,3948128,MGLU3.SA
2021-09-10,147.18341064453125,163.80366325930802,147.18341064453125,163.28963588695646,8235216,MGLU3.SA
2021-09-13,149.41087341308594,154.55116201579017,149.32519973509778,150.69594923255602,4009815,MGLU3.SA
2021-09-14,145.89834594726562,152.32371060199924,144.35626371319313,150.26758628139265,5520439,MGLU3.SA
2021-09-15,142.38583374023438,146.7550742582125,141.27210518956633,146.3267205099195,3465284,MGLU3.SA
2021-09-16,140.24404907226562,142.3858324697976,138.01659199080402,140.92942386852545,3523199,MGLU3.SA
2021-09-17,141.9574737548828,143.67088867277386,135.87480383580444,139.7300167514125,4943711,MGLU3.SA
2021-09-20,137.50254821777344,140.58671242156908,135.2750914010848,139.13030399341702,3028578,MGLU3.SA
2021-09-21,140.41537475585938,142.30015168269756,135.53210709222236,138.44493882454452,3350912,MGLU3.SA
2021-09-22,139.9870147705078,143.24252640063182,138.44493263126628,142.21447164113746,2674520,MGLU3.SA
2021-09-23,135.96047973632812,141.52910766073668,135.44645231753384,140.50105282314814,3510659,MGLU3.SA
2021-09-24,133.90435791015625,134.76108007441437,131.5912418195667,134.33272632987385,3280065,MGLU3.SA
2021-09-27,128.5927276611328,134.67539738755426,127.82169390753818,132.9619678487562,3709102,MGLU3.SA
2021-09-28,121.48200225830078,128.16437300820488,120.11126010480159,126.87929719470762,6202793,MGLU3.SA
2021-09-29,119.42589569091797,124.30916335938727,118.82619460792948,122.51006744801002,4687319,MGLU3.SA
2021-09-30,122.85274505615234,126.02259043013807,119.25455330473424,119.76858069779398,6210752,MGLU3.SA
2021-10-01,124.65184020996094,126.02258970029914,120.53962108929834,123.36677907234187,3639916,MGLU3.SA
2021-10-04,117.4554443359375,122.33871166830527,115.91336223232274,122.08169798436947,6068978,MGLU3.SA
2021-10-05,117.19843292236328,121.05364559367084,115.99903081570304,118.22648767802188,4633501,MGLU3.SA
2021-10-06,123.88080596923828,125.08020809971522,112.65785509687538,115.5706794082777,8233667,MGLU3.SA
2021-10-07,120.19692993164062,127.1363141544094,119.93991624469272,125.08020465882622,4442512,MGLU3.SA
2021-10-08,128.2500457763672,131.5055574506443,122.16737613754927,122.16737613754927,6156351,MGLU3.SA
2021-10-11,123.19542694091797,129.0210753610525,122.93841325584108,128.84974268778487,3381840,MGLU3.SA
2021-10-13,124.2234878540039,125.50856368083264,122.42439196906699,123.53811310135016,3358007,MGLU3.SA
2021-10-14,121.3963394165039,125.33721863538354,120.79663833126904,125.0802122703837,2922324,MGLU3.SA
2021-10-15,124.73751068115234,125.50855908404495,120.7966316792875,121.73901275768631,2595252,MGLU3.SA
2021-10-18,122.33871459960938,123.70945672597325,120.11125772706959,123.28110302167923,4376301,MGLU3.SA
2021-10-19,117.62679290771484,122.33871294143536,116.42739081180765,120.88229715891774,4055022,MGLU3.SA
2021-10-20,113.6859130859375,118.99753447082269,112.48651092156308,118.5691807478822,6846810,MGLU3.SA
2021-10-21,106.31816864013672,113.0862055015303,105.20444021942271,110.43039496179125,7751013,MGLU3.SA
2021-10-22,106.40384674072266,110.94442694955454,101.60624549710799,105.80414566807231,7793627,MGLU3.SA
2021-10-25,105.71846771240234,109.91636771351804,105.11876666401614,107.0035434839693,3922196,MGLU3.SA
2021-10-26,102.6343002319336,105.80414561245274,100.49251697724091,105.29011821833355,4167844,MGLU3.SA
2021-10-27,99.37879180908203,106.48951655970981,98.8647643979027,103.40535209263389,4679360,MGLU3.SA
2021-10-28,95.5235824584961,100.74953004527605,94.83820771222422,98.43640678618151,4758807,MGLU3.SA
2021-10-29,92.61074829101562,97.3226756971643,91.92538090084939,96.29462094312105,4666719,MGLU3.SA
2021-11-01,96.80865478515625,97.92238328894202,93.03911554353748,93.12478188703679,3514768,MGLU3.SA
2021-11-03,98.950439453125,99.97849428976063,94.15284532376641,95.86626760562967,5350387,MGLU3.SA
2021-11-04,94.92388153076172,101.26356492403785,93.63880571399206,98.52208061005834,3829468,MGLU3.SA
2021-11-05,106.57518005371094,108.11726213984797,95.60924342983616,96.12327079188184,7436852,MGLU3.SA
2021-11-08,102.20594787597656,108.4599577044264,101.69192047501775,105.46145964044118,5296704,MGLU3.SA
2021-11-09,112.48650360107422,118.2264856729368,103.23399628189091,103.23399628189091,7551358,MGLU3.SA
2021-11-10,111.54412841796875,115.99903496434594,109.83069887219932,113.08621060660838,6823482,MGLU3.SA
2021-11-11,116.94142150878906,122.1673764018526,112.40084135789188,113.94292352138422,7382271,MGLU3.SA
2021-11-12,95.5235824584961,109.48801036592032,95.5235824584961,108.37428190641953,16022142,MGLU3.SA
2021-11-16,83.44391632080078,97.66536518652558,83.44391632080078,95.86626199020832,15832174,MGLU3.SA
2021-11-17,79.41736602783203,86.87077072654026,78.73199126381967,84.90033478957817,14817574,MGLU3.SA
2021-11-18,77.01856231689453,82.24451741897643,77.01856231689453,80.18840778541674,8604969,MGLU3.SA
2021-11-19,79.41736602783203,84.55764740757198,76.59020796706038,77.53259643318033,10527264,MGLU3.SA
2021-11-22,75.73348999023438,82.92988802124346,75.47647629895461,80.5310911234364,7636642,MGLU3.SA
2021-11-23,73.67737579345703,77.5325882560619,72.56364742258953,77.104227239335,9538337,MGLU3.SA
2021-11-24,75.56214904785156,77.1899048518415,72.39230377752159,72.8206648161224,8873260,MGLU3.SA
2021-11-25,74.53409576416016,77.44692006617868,73.76304734700153,75.73349055318522,6598164,MGLU3.SA
2021-11-26,69.05113220214844,73.4203726409483,68.79411849031247,72.64932416785193,7124531,MGLU3.SA
2021-11-29,68.8797836303711,72.56365655233152,68.36575621569538,70.16485950464873,9569018,MGLU3.SA
2021-11-30,66.82366943359375,69.47948000825515,65.11023994264349,68.45142524872014,10526377,MGLU3.SA
2021-12-01,58.94190216064453,69.39380411058141,58.94190216064453,68.9654504203528,15742905,MGLU3.SA
2021-12-02,57.913848876953125,61.597718087147285,55.25803815291234,59.541604783634675,19517691,MGLU3.SA
2021-12-03,60.3983154296875,62.368754917245475,57.571161207298815,58.085188580679684,15910633,MGLU3.SA
2021-12-06,62.540103912353516,63.73949870260543,60.826674397607405,61.25503177629393,9498799,MGLU3.SA
2021-12-07,65.28157806396484,66.13829278460085,63.139794931168645,64.16785699848444,9571218,MGLU3.SA
2021-12-08,58.34220504760742,64.85322853749159,56.800119185184414,64.76755485864949,28697064,MGLU3.SA
2021-12-09,53.80162048339844,57.91384695387361,53.201923082783736,57.91384695387361,28944307,MGLU3.SA
2021-12-10,54.572662353515625,55.77206076010847,51.48849082936967,55.08668971794201,23482760,MGLU3.SA
2021-12-13,51.831180572509766,57.571162856473165,51.831180572509766,54.65833487588467,28688319,MGLU3.SA
2021-12-14,49.17536544799805,53.11624813764291,49.0896954410383,52.68789076525635,16019167,MGLU3.SA
2021-12-15,52.85923385620117,53.45893490458738,48.14731015028768,48.91835121067519,17176159,MGLU3.SA
2021-12-16,54.82967758178711,55.77206233273962,52.51655070785022,53.80161915515187,16826018,MGLU3.SA
2021-12-17,57.057132720947266,57.65683379595062,51.916851419296464,53.03057989070608,16454525,MGLU3.SA
2021-12-20,54.229976654052734,57.57116196244145,53.45893558386793,55.00101772423755,10420257,MGLU3.SA
2021-12-21,55.00101852416992,56.62877803289069,53.28759267590793,55.00101852416992,12581106,MGLU3.SA
2021-12-22,52.77356719970703,56.6287800839204,52.602223508036765,55.00102051624404,9578964,MGLU3.SA
2021-12-23,53.116249084472656,54.315647547258685,51.31714955589662,53.28759277024037,10901193,MGLU3.SA
2021-12-27,58.08518981933594,58.08518981933594,53.3732623460799,53.3732623460799,13951730,MGLU3.SA
2021-12-28,58.513545989990234,59.62727074351491,56.88579019392275,58.170858628295036,18587432,MGLU3.SA
2021-12-29,57.913848876953125,59.113247386803614,57.39982146827351,58.599219978124,8896364,MGLU3.SA
2021-12-30,61.85472869873047,63.4824845240237,57.999515988806955,58.256529680296,20243894,MGLU3.SA
2022-01-03,57.571163177490234,63.4824855112544,57.1428057954157,63.4824855112544,16327412,MGLU3.SA
2022-01-04,56.628780364990234,59.45593478200834,55.258038162412824,58.08519257943093,10635068,MGLU3.SA
2022-01-05,55.00101852416992,57.65683280808909,54.572664813699916,55.85773328269791,10402958,MGLU3.SA
2022-01-06,53.54460906982422,55.94340611211496,52.51655424278366,55.34370868593936,10830985,MGLU3.SA
2022-01-07,53.28759002685547,56.80011522589268,52.345205306840455,53.7159473848248,14895741,MGLU3.SA
2022-01-10,49.17536544799805,52.68789076525635,49.17536544799805,52.60222075829661,12840877,MGLU3.SA
2022-01-11,50.289093017578125,51.48849143835702,49.00402092251897,49.261034607772025,16049196,MGLU3.SA
2022-01-12,54.05863571166992,54.57266678664669,49.518055398664316,50.54611021102963,14295584,MGLU3.SA
2022-01-13,52.173866271972656,53.801622175806585,50.54611036813873,53.5446084719164,14501627,MGLU3.SA
2022-01-14,54.229976654052734,55.00101772423755,52.08819345767675,52.34520714773836,11680214,MGLU3.SA
2022-01-17,52.430877685546875,54.65833458035293,52.430877685546875,53.715949817656664,6937831,MGLU3.SA
2022-01-18,50.4604377746582,53.373262048909936,50.4604377746582,52.08819359520886,13136111,MGLU3.SA
2022-01-19,54.05863571166992,56.543106399944904,51.488495011962534,51.488495011962534,22207827,MGLU3.SA
2022-01-20,56.97146224975586,58.34220440826754,54.40132161974497,54.48699162885419,15804390,MGLU3.SA
2022-01-21,59.11324691772461,60.65533280032074,55.343707725594165,56.029078821326436,16967242,MGLU3.SA
2022-01-24,54.74400329589844,59.96995804012431,54.74400329589844,59.02757329967612,14942037,MGLU3.SA
2022-01-25,57.571163177490234,57.91384688187346,53.11624933895027,54.486991494071184,19318036,MGLU3.SA
2022-01-26,57.82817840576172,60.655332799837005,56.54310622547617,59.541604310681684,15221409,MGLU3.SA
2022-01-27,61.85472869873047,62.368756081708554,58.94190441599204,59.198918107481084,18162447,MGLU3.SA
2022-01-28,57.48548889160156,61.94040268300847,56.71444781330143,61.7690553294387,20846184,MGLU3.SA
2022-01-31,59.9699592590332,60.91234401863567,57.1428049802258,58.25652975517856,16767103,MGLU3.SA
2022-02-01,60.05562973022461,62.797117691309936,58.94190494667598,59.969959721888245,17330360,MGLU3.SA
2022-02-02,55.772064208984375,62.11174398946673,55.17236313420627,60.74100182036881,23367457,MGLU3.SA
2022-02-03,55.94340133666992,58.68488920194536,54.31564555360821,56.54310238044796,18539654,MGLU3.SA
2022-02-04,54.229976654052734,56.5431035334011,53.116248217923165,56.11474616036712,12987781,MGLU3.SA
2022-02-07,54.05863571166992,56.543106399944904,53.37326461382834,54.22997940332885,11915041,MGLU3.SA
2022-02-08,56.029075622558594,56.029075622558594,53.45893507749354,54.05863245902552,9791059,MGLU3.SA
2022-02-09,56.54310607910156,58.68489304069965,54.65833648793053,56.45743606815528,12196378,MGLU3.SA
2022-02-10,59.4559326171875,59.7986163209575,55.08669246415754,57.142805693159524,17616883,MGLU3.SA
2022-02-11,54.40132141113281,60.141303719290164,53.972964029641275,59.79861634657934,21881103,MGLU3.SA
2022-02-14,55.51504898071289,56.714447428415966,54.14430684939682,54.40132054041934,13168386,MGLU3.SA
2022-02-15,58.59921646118164,58.59921646118164,56.628776956571365,56.628776956571365,10656936,MGLU3.SA
2022-02-16,58.42787551879883,59.79861770315032,57.571164405174706,58.5135491983171,11264064,MGLU3.SA
2022-02-17,56.80011749267578,59.37025807426733,56.45743379390075,58.34220330914829,10931346,MGLU3.SA
2022-02-18,54.48699188232422,58.427874689179525,54.48699188232422,57.57116358771987,13586524,MGLU3.SA
2022-02-21,51.574161529541016,55.25803414107309,51.574161529541016,55.0010167865991,9717831,MGLU3.SA
2022-02-22,52.00251770019531,54.05863080717833,51.488490340648,52.85923241197001,14701496,MGLU3.SA
2022-02-23,50.631778717041016,55.6007159170061,50.631778717041016,52.602218128974044,16552641,MGLU3.SA
2022-02-24,52.430877685546875,52.77356505496041,45.662840661966285,47.547610187358806,18601476,MGLU3.SA
2022-02-25,51.488494873046875,53.71595185222087,50.203426361057346,53.03058075622842,15009001,MGLU3.SA
2022-03-02,54.05863571166992,54.315649414761246,50.88879759434747,50.97446760577988,11393332,MGLU3.SA
2022-03-03,54.05863571166992,55.5150515875796,52.687893515986765,54.22997940332885,11485835,MGLU3.SA
2022-03-04,53.887290954589844,54.91534941542323,52.34520876653083,53.887290954589844,9846964,MGLU3.SA
2022-03-07,50.11775207519531,54.315648611603486,49.689394686779124,53.28759381443988,9770852,MGLU3.SA
2022-03-08,51.831180572509766,53.54460642245983,49.26103629439369,51.831180572509766,16537755,MGLU3.SA
2022-03-09,53.373260498046875,55.85773099473646,52.8592331315025,53.373260498046875,15585493,MGLU3.SA
2022-03-10,51.06013488769531,52.77356437510167,49.86073644778721,52.687890699455004,15918772,MGLU3.SA
2022-03-11,48.74700927734375,53.97296421298079,48.74700927734375,51.6598372801043,18404773,MGLU3.SA
2022-03-14,45.662841796875,50.46043940634663,45.40582809782399,50.20342570729562,14805113,MGLU3.SA
2022-03-15,41.72195816040039,43.00702663092132,39.83718862444038,41.122257094961306,28285719,MGLU3.SA
2022-03-16,43.94941329956055,44.549114390934626,42.06464368209081,43.26404219604481,18303154,MGLU3.SA
2022-03-17,47.46194076538086,47.54761077439497,42.92135691175304,43.94941169509835,17796387,MGLU3.SA
2022-03-18,49.86073684692383,50.28909422220443,46.09119781452484,46.433881513472954,14774207,MGLU3.SA
2022-03-21,49.00402069091797,51.06013383201878,48.40432331775972,50.0320790958653,14007108,MGLU3.SA
2022-03-22,49.77506637573242,51.23147850308489,48.91835163315148,49.68939270019798,13551083,MGLU3.SA
2022-03-23,51.40282440185547,51.74550811238806,48.747010052853106,49.60372483237568,18610872,MGLU3.SA
2022-03-24,56.54310607910156,57.14280716210784,51.145811007221404,51.83118210117397,20829041,MGLU3.SA
2022-03-25,56.029075622558594,58.2565288049249,54.31564614665263,56.80011668543994,15713133,MGLU3.SA
2022-03-28,55.42937469482422,57.142804174519725,54.7440036367048,56.11474575294364,9204272,MGLU3.SA
2022-03-29,59.9699592590332,60.99801402631082,57.228474987900945,57.228474987900945,18824560,MGLU3.SA
2022-03-30,58.856231689453125,61.083688610030045,57.656833220217095,60.055630158689155,13348666,MGLU3.SA
2022-03-31,58.42787551879883,59.88428771387451,57.91384811686554,59.370260311941216,11248269,MGLU3.SA
2022-04-01,62.96845626831055,63.22546995623741,58.941903599064496,59.284587293369015,15934623,MGLU3.SA
2022-04-04,61.597713470458984,63.05412924428648,60.22697137085302,62.96845557006495,11149019,MGLU3.SA
2022-04-05,59.19892120361328,63.22547413925752,58.77056380579693,61.42637453594651,12348524,MGLU3.SA
2022-04-06,56.714447021484375,58.51354651452725,55.25803489320868,58.34220283214366,13361138,MGLU3.SA
2022-04-07,56.20042037963867,58.59921728926965,55.429375633204884,56.45743407218528,14524181,MGLU3.SA
2022-04-08,52.51655197143555,54.48699152763955,52.08819458909711,54.40132151868947,16060905,MGLU3.SA
2022-04-11,52.088191986083984,53.116246717285854,50.03207885488642,50.97446358141941,11271417,MGLU3.SA
2022-04-12,51.145809173583984,54.82967821290874,51.06013549691511,54.14430714352753,12966519,MGLU3.SA
2022-04-13,51.65983581542969,52.8592342523981,50.80312107382629,52.08819318623139,11408734,MGLU3.SA
2022-04-14,51.488494873046875,52.00252227784269,50.71745376585316,51.40282486184561,9812141,MGLU3.SA
2022-04-18,50.4604377746582,51.745506228359275,49.775066709752984,51.31714885419427,9709580,MGLU3.SA
2022-04-19,50.888797760009766,51.57416519128836,49.34671186764761,50.11775297943163,9613283,MGLU3.SA
2022-04-20,48.06163787841797,51.74550694468068,47.804624184119874,50.88879585328502,12887555,MGLU3.SA
2022-04-22,47.547611236572266,47.89029494475369,46.43388276459306,46.947910161262215,9099881,MGLU3.SA
2022-04-25,46.605228424072266,47.718956943152406,46.00552732340013,46.605228424072266,12508698,MGLU3.SA
2022-04-26,44.377769470214844,46.86224011032963,44.377769470214844,46.2625427043394,9502526,MGLU3.SA
2022-04-27,43.6923942565918,46.77656568002707,43.52105425324049,45.919850988095746,12581061,MGLU3.SA
2022-04-28,44.377769470214844,45.23448424310837,42.66434359322185,44.120755772105596,11373877,MGLU3.SA
2022-04-29,41.8076286315918,45.40582772646562,41.8076286315918,45.06314035133762,12735734,MGLU3.SA
2022-05-02,41.122257232666016,42.57867306252543,40.60822984273634,42.06464200380176,9192979,MGLU3.SA
2022-05-03,39.40882873535156,41.2935981513008,39.15181505761247,41.20792814831901,10805704,MGLU3.SA
2022-05-04,42.407325744628906,42.578669416196696,37.438384950718806,38.7234569842867,15889371,MGLU3.SA
2022-05-05,37.86674499511719,40.77957294427772,37.52405762754821,40.35121556921347,18057349,MGLU3.SA
2022-05-06,36.838687896728516,38.29509994466634,36.41033054879534,37.78107259466402,16346002,MGLU3.SA
2022-05-09,33.49750518798828,36.324659484678236,33.49750518798828,35.72496208957102,17108567,MGLU3.SA
2022-05-10,33.84019088745117,35.210929295208025,32.55511881488726,34.696901933699976,17828864,MGLU3.SA
2022-05-11,33.66884994506836,35.039592132942566,33.154822541814056,33.24049255275841,15782308,MGLU3.SA
2022-05-12,35.81063461303711,36.0676483245342,32.041095286020855,32.81213642051212,21678529,MGLU3.SA
2022-05-13,37.5240592956543,38.38077408386746,36.15332077082499,36.23899078212866,15736427,MGLU3.SA
2022-05-16,37.5240592956543,37.5240592956543,37.5240592956543,37.5240592956543,0,MGLU3.SA
2022-05-17,33.7545166015625,35.896303350266166,33.66884659913185,35.81062967904178,30270150,MGLU3.SA
2022-05-18,31.869749069213867,34.52556332604533,31.698405385497075,33.92586226743353,18766331,MGLU3.SA
2022-05-19,31.95542335510254,32.983478139428236,31.441392294145675,31.86974967721272,17344202,MGLU3.SA
2022-05-20,31.441390991210938,32.640789412819046,30.584678094976134,32.3837757273883,14809098,MGLU3.SA
2022-05-23,31.698406219482422,32.38377730358776,30.92736512566168,31.784079897991866,12058196,MGLU3.SA
2022-05-24,31.784080505371094,31.784080505371094,30.67035201381782,30.927365716669478,8150661,MGLU3.SA
2022-05-25,31.784080505371094,32.555121613926076,31.18437941952114,31.698406825224463,14800297,MGLU3.SA
2022-05-26,34.868247985839844,35.296605372542665,31.869749947714148,31.869749947714148,18606202,MGLU3.SA
2022-05-27,34.268550872802734,35.4679493645601,33.58317611317672,34.95391829484059,8659628,MGLU3.SA
2022-05-30,32.897804260253906,35.21093117962791,32.38377687123613,34.52556377346687,7682220,MGLU3.SA
2022-05-31,31.869749069213867,33.24049120136031,31.698405385497075,33.24049120136031,11448755,MGLU3.SA
2022-06-01,31.784080505371094,32.555121613926076,31.013035728021993,31.95542419687024,10900373,MGLU3.SA
2022-06-02,32.555118560791016,34.182874305390875,31.955421199976932,32.04109120329501,16492626,MGLU3.SA
2022-06-03,30.75602149963379,32.46944911116732,30.670349660457884,32.21243542803652,15720812,MGLU3.SA
2022-06-06,29.128265380859375,31.270048628888855,28.9569235281517,31.09870861057819,16005078,MGLU3.SA
2022-06-07,28.185880661010742,28.956923585720702,27.92886696423976,28.785579898275373,17534461,MGLU3.SA
2022-06-08,27.586181640625,28.614238270188388,27.414839786229617,27.843195339416592,17155177,MGLU3.SA
2022-06-09,25.787080764770508,27.586180233325237,25.787080764770508,27.586180233325237,24280966,MGLU3.SA
2022-06-10,24.844697952270508,26.21544016127813,24.673354258946016,25.53006905677432,18635760,MGLU3.SA
2022-06-13,22.874256134033203,23.816640929650017,22.788584288687026,23.816640929650017,19279598,MGLU3.SA
2022-06-14,21.760526657104492,23.388282472595176,21.674856650055375,23.045598775604788,18474543,MGLU3.SA
2022-06-15,21.8461971282959,22.874253657975373,21.160827942906433,22.27455447426156,26137960,MGLU3.SA
2022-06-17,20.389785766601562,21.07515497483312,20.218442088745988,21.07515497483312,19050373,MGLU3.SA
2022-06-20,22.103212356567383,22.531569732658095,19.87575730281023,20.56112837079658,22348377,MGLU3.SA
2022-06-21,21.50351333618164,22.531569947986018,21.160829633310513,22.360228096550454,15130040,MGLU3.SA
2022-06-22,20.9038143157959,21.931870937988844,20.218443234333932,20.9038143157959,15046204,MGLU3.SA
2022-06-23,21.8461971282959,23.045597330120376,20.903812434688927,20.98948427076143,22978653,MGLU3.SA
2022-06-24,21.160829544067383,22.702913538071904,20.90381401640247,22.531569852961965,15883904,MGLU3.SA
2022-06-27,20.81814193725586,21.846198533040997,20.561128246908815,21.246499310765575,11847404,MGLU3.SA
2022-06-28,20.389785766601562,21.24649865268869,20.04710024528733,21.07515497483312,14621342,MGLU3.SA
2022-06-29,20.646800994873047,21.33217208881721,20.304115447900966,20.561129149530764,12719041,MGLU3.SA
2022-06-30,20.047101974487305,20.73247124183666,19.790086435534594,20.389787525360518,26042257,MGLU3.SA
2022-07-01,18.847700119018555,20.047100368168714,18.847700119018555,20.047100368168714,12844660,MGLU3.SA
2022-07-04,18.248001098632812,19.019043992816307,18.076659252368113,18.67635846588997,11605864,MGLU3.SA
2022-07-05,20.389785766601562,20.732469453518885,17.39128607930433,17.99098711740192,30505303,MGLU3.SA
2022-07-06,21.417842864990234,22.360227613520763,20.389786275394123,20.389786275394123,29538873,MGLU3.SA
2022-07-07,21.93187141418457,22.702914356169803,20.818142924027796,21.93187141418457,22028603,MGLU3.SA
2022-07-08,22.445899963378906,22.702913658004555,21.07515597844912,21.674857045104964,17081736,MGLU3.SA
2022-07-11,22.53156852722168,23.04559771790943,21.503511980243065,21.846197495902604,17554410,MGLU3.SA
2022-07-12,25.10171127319336,25.95842416088869,22.445898936621848,22.702912619490753,36911557,MGLU3.SA
2022-07-13,24.244997024536133,25.53006729837131,24.073655177410018,24.58768255318531,32285263,MGLU3.SA
2022-07-14,24.930368423461914,26.38678239877778,23.302612598671992,23.47395444814605,21171459,MGLU3.SA
2022-07-15,23.816638946533203,25.615738377013844,23.559625266292226,25.444394700588596,17370100,MGLU3.SA
2022-07-18,23.73097038269043,26.301111009847723,23.473954852457094,24.3306696177742,22076762,MGLU3.SA
2022-07-19,23.902311325073242,24.673352383226067,22.6172410604216,24.07365500537183,20925069,MGLU3.SA
2022-07-20,26.301111221313477,26.301111221313477,23.81664058319469,23.902312427294618,25256433,MGLU3.SA
2022-07-21,25.787080764770508,26.815137341887933,25.27305339341026,26.301109970527687,18624635,MGLU3.SA
2022-07-22,24.502010345458984,26.472451647081364,24.159324821942185,26.129767957961484,18122213,MGLU3.SA
2022-07-25,23.902311325073242,25.44439527577583,23.81663948492395,24.7590260577723,14573620,MGLU3.SA
2022-07-26,22.360227584838867,23.987983391012186,22.103212061971803,23.987983391012186,15698685,MGLU3.SA
2022-07-27,23.131269454956055,23.902312381586928,22.360228362722196,22.53157021619738,19737834,MGLU3.SA
2022-07-28,23.302614212036133,23.7309716169742,22.103213845088963,23.302614212036133,23348541,MGLU3.SA
2022-07-29,22.103212356567383,23.7309700188327,22.017542348866822,23.473954492540084,18808844,MGLU3.SA
2022-08-01,23.302614212036133,23.902313478311168,21.846200135884963,22.103213845088963,26110983,MGLU3.SA
2022-08-02,23.21693992614746,23.730969124974116,22.617240722847118,23.04559808280318,14913007,MGLU3.SA
2022-08-03,25.10171127319336,25.27305311697366,23.21693998522857,23.30261182431718,21426807,MGLU3.SA
2022-08-04,28.61423683166504,28.956922357625007,26.129768144252967,26.129768144252967,27211800,MGLU3.SA
2022-08-05,27.072153091430664,28.956922581589595,26.386782034209787,28.100207842865025,27359265,MGLU3.SA
2022-08-08,28.014537811279297,29.813635459066056,27.50050860162812,27.671852282977493,21670514,MGLU3.SA
2022-08-09,26.386783599853516,29.04259614556619,25.958426205074908,28.614238750787578,18214614,MGLU3.SA
2022-08-10,28.185880661010742,28.52856620150439,26.98648218648148,27.586181423746112,19968260,MGLU3.SA
2022-08-11,26.044095993041992,28.699908328906286,25.872752314910404,28.528564650774697,19726215,MGLU3.SA
2022-08-12,30.670351028442383,31.013034731636836,25.273054269976278,25.787081659164954,39483449,MGLU3.SA
2022-08-15,34.61123275756836,34.696902763604214,30.156320902223115,30.241992742655913,31843506,MGLU3.SA
2022-08-16,35.553619384765625,36.75301787684851,33.754519812244254,35.03959198370069,25255142,MGLU3.SA
2022-08-17,34.43989181518555,36.75301885002044,34.18287810784769,34.52556549682762,26663788,MGLU3.SA
2022-08-18,34.52556610107422,34.953919841604666,32.72646644942823,34.953919841604666,16246360,MGLU3.SA
2022-08-19,32.38377380371094,34.18287316364902,31.78407646292734,33.583172154071775,17073620,MGLU3.SA
2022-08-22,32.72646713256836,33.32616458310576,30.927367443367537,31.52706856269925,18132226,MGLU3.SA
2022-08-23,35.553619384765625,35.89630676467164,33.069148721226306,33.15482240059985,20961318,MGLU3.SA
2022-08-24,38.55211639404297,39.92285853855612,35.46794840328536,35.46794840328536,31614775,MGLU3.SA
2022-08-25,40.09420394897461,41.036588755276675,39.23748915459304,39.92286025633947,21590943,MGLU3.SA
2022-08-26,39.23748779296875,40.779573635583084,38.123759332680294,40.52255993994636,17109914,MGLU3.SA
2022-08-29,38.72346115112305,40.17987334418221,38.552117461117824,38.63778747172339,15767905,MGLU3.SA
2022-08-30,38.637786865234375,40.52256008811876,37.1813746950362,39.75151532959523,19733299,MGLU3.SA
2022-08-31,36.5816764831543,39.58017076646172,36.49600280699521,39.15181706084205,20432716,MGLU3.SA
2022-09-01,37.43838882446289,37.86674621330759,35.210931869988066,36.83869141511556,19198152,MGLU3.SA
2022-09-02,36.496002197265625,38.80912904541916,35.98197482407459,38.63778536475753,17288779,MGLU3.SA
2022-09-05,37.010032653808594,37.609733751689234,36.4960052377933,36.92436264073744,7850757,MGLU3.SA
2022-09-06,34.268550872802734,36.49600416641096,33.24049240215779,36.49600416641096,20727816,MGLU3.SA
2022-09-08,36.753013610839844,37.35271462166962,34.61123057580833,34.78257424587307,20196969,MGLU3.SA
2022-09-09,37.5240592956543,37.95242035855499,36.8386918676367,37.866746678457204,15147788,MGLU3.SA
2022-09-12,41.036590576171875,41.29360429213185,37.95242231585785,38.03809233157974,22777740,MGLU3.SA
2022-09-13,40.26554489135742,40.60822858442729,37.78107435862384,39.32315648062905,20582831,MGLU3.SA
2022-09-14,38.29510498046875,40.436888332985205,37.86674757620662,40.008530928723076,22891146,MGLU3.SA
2022-09-15,37.181373596191406,39.32315678356078,36.58167621150082,38.637785723347314,18435891,MGLU3.SA
2022-09-16,38.20943069458008,38.8948017310029,35.55361655264397,36.41033126537095,20020226,MGLU3.SA
2022-09-19,39.06614303588867,39.837187770466635,37.181373540331705,37.26704354693196,17437299,MGLU3.SA
2022-09-20,38.20943069458008,39.83718644748506,37.78107333821659,38.80912805845393,15365832,MGLU3.SA
2022-09-21,40.69389724731445,42.064639311937654,37.69539943955043,38.29510046862074,28304433,MGLU3.SA
2022-09-22,39.40882873535156,42.57867020879005,38.894801379873364,41.63628183202167,27275295,MGLU3.SA
2022-09-23,39.66584777832031,40.35121890125959,38.466449230375126,38.5521192449447,17097127,MGLU3.SA
2022-09-26,38.380775451660156,40.608232512877606,38.03809172543898,39.23749027040444,11929130,MGLU3.SA
2022-09-27,35.81063461303711,36.58167941632261,35.63929091577431,35.896308296065634,27908546,MGLU3.SA
2022-09-28,37.095706939697266,37.60973436408239,35.12526358782863,35.981978407666666,18469727,MGLU3.SA
2022-09-29,34.696903228759766,36.75301642033004,34.43988953841272,36.32465904682032,17756928,MGLU3.SA
2022-09-30,38.380775451660156,38.980476558540005,34.09720869552719,35.03959352862822,27836508,MGLU3.SA
2022-10-03,42.064640045166016,42.57867107995511,39.494499546395865,40.69389795664942,25423510,MGLU3.SA
2022-10-04,43.606727600097656,44.80612605953415,42.49299914890877,43.606727600097656,20703152,MGLU3.SA
2022-10-05,43.86374282836914,45.148815009810214,42.75001433821237,43.77807281712405,18503495,MGLU3.SA
2022-10-06,46.005523681640625,46.262541039293545,43.69239681311564,44.3777678730043,19686217,MGLU3.SA
2022-10-07,45.49149703979492,46.34821179571247,44.80612596881967,45.74851073281139,17090582,MGLU3.SA
2022-10-10,45.57716751098633,46.77656964897582,44.46344271952953,45.748511197669686,15013379,MGLU3.SA
2022-10-11,44.29209899902344,46.605225926703355,43.86374161703916,45.577167476182275,17536470,MGLU3.SA
2022-10-13,42.15031433105469,44.37776750565924,41.20792959010778,44.292097499680025,20239695,MGLU3.SA
2022-10-14,37.43838882446289,42.75001384230788,37.09570511466357,42.49300014275987,28768361,MGLU3.SA
2022-10-17,37.43838882446289,40.09420316778242,37.2670451351662,38.295103602152295,20449410,MGLU3.SA
2022-10-18,37.010032653808594,38.809132278656335,36.06764783484915,38.46644855757753,20836282,MGLU3.SA
2022-10-19,35.896305084228516,36.924359838231226,34.8682466614319,36.924359838231226,20106734,MGLU3.SA
2022-10-20,35.039588928222656,36.153317312608145,33.411833187595796,36.153317312608145,24007129,MGLU3.SA
2022-10-21,35.553619384765625,36.06764678583057,33.58317612229125,34.4398909032622,23213929,MGLU3.SA
2022-10-24,34.95391845703125,35.3822758493881,33.840193639456345,34.78257843512378,14035095,MGLU3.SA
2022-10-25,36.753013610839844,38.29509930383524,34.61123057580833,34.86824424650862,24138171,MGLU3.SA
2022-10-26,33.49750518798828,36.2389894764612,33.24049149454319,35.98197578301611,21019694,MGLU3.SA
2022-10-27,36.1533203125,37.01003142105831,33.583175980442896,33.75451966967218,24694557,MGLU3.SA
2022-10-28,37.5240592956543,38.03809036985866,35.12526229121037,35.72496337671841,22491812,MGLU3.SA
2022-10-31,38.29510498046875,39.92286091538833,36.49600535008548,37.52406018527924,29600729,MGLU3.SA
2022-11-01,39.06614303588867,40.008527783667155,37.095703533731445,38.80912934729398,22829807,MGLU3.SA
2022-11-03,41.72195816040039,42.40732923427621,37.695401725582194,38.20943278258456,27259455,MGLU3.SA
2022-11-04,41.3792724609375,42.92135835666243,40.779575040062454,42.83568834476432,17948141,MGLU3.SA
2022-11-07,38.89480209350586,42.32165730755856,38.552114737703675,41.12225523104475,19200431,MGLU3.SA
2022-11-08,39.66584777832031,40.86524632626549,38.5521192449447,38.637789259514264,18775031,MGLU3.SA
2022-11-09,38.29510498046875,40.008530928723076,37.69540388074293,39.66584720658989,13589251,MGLU3.SA
2022-11-10,34.09720993041992,37.26704827074564,33.326165098107566,36.15332336859557,25406974,MGLU3.SA
2022-11-11,29.642295837402344,35.55362026858216,28.956924729346966,35.21093288015738,43699958,MGLU3.SA
2022-11-14,31.01303482055664,31.78407957534437,29.556622657414934,30.413335586651407,24196872,MGLU3.SA
2022-11-16,28.528566360473633,31.18437885549909,28.35722450647055,31.013035167098984,25161876,MGLU3.SA
2022-11-17,29.04259490966797,29.64229413619978,25.958425100422534,27.586180930036157,27057823,MGLU3.SA
2022-11-18,26.986482620239258,30.6703517811581,26.47245338403821,29.98498068915473,30234710,MGLU3.SA
2022-11-21,28.956924438476562,29.813637397741616,27.41484037804064,27.75752409422901,28205307,MGLU3.SA
2022-11-22,28.61423683166504,29.556621569455718,27.414838408003618,29.042594197714234,22957627,MGLU3.SA
2022-11-23,28.956924438476562,28.956924438476562,27.41484037804064,28.18588149106007,18755453,MGLU3.SA
2022-11-24,30.841693878173828,31.355721253424818,29.385279924301116,29.385279924301116,18454673,MGLU3.SA
2022-11-25,29.29960823059082,31.01303404628645,28.442895322743006,30.841694032872628,23583098,MGLU3.SA
2022-11-28,28.442895889282227,29.556622508228433,27.671852972783324,27.84319482400697,17026448,MGLU3.SA
2022-11-29,28.785579681396484,29.72796628645156,27.157823834914893,28.785579681396484,21932620,MGLU3.SA
2022-11-30,29.213937759399414,29.727966995729744,27.928867420169144,28.87125221331154,23435161,MGLU3.SA
2022-12-01,26.558124542236328,29.04259514508924,26.558124542236328,28.956923302205382,22877024,MGLU3.SA
2022-12-02,27.757522583007812,28.956922861955622,26.12976859934422,26.729465987222675,28899358,MGLU3.SA
2022-12-05,26.386783599853516,27.843195807065495,25.958426205074908,27.50051025812202,14908965,MGLU3.SA
2022-12-06,26.72946548461914,27.41483836998556,26.129768108017007,26.72946548461914,15031677,MGLU3.SA
2022-12-07,25.187381744384766,27.15782307353612,25.016039897431014,26.558123857602567,29000168,MGLU3.SA
2022-12-08,24.330669403076172,26.044097084193787,23.90231202419752,25.35872601174674,17080580,MGLU3.SA
2022-12-09,23.98798370361328,25.187382155035152,23.902311861541154,25.187382155035152,11532008,MGLU3.SA
2022-12-12,23.98798370361328,24.844696621143623,23.216940793758088,23.902311861541154,14575035,MGLU3.SA
2022-12-13,23.98798370361328,25.016040305287877,23.645298169721748,24.244997395432684,24205123,MGLU3.SA
2022-12-14,22.53156852722168,23.730968749228506,22.017541170930812,23.730968749228506,33133380,MGLU3.SA
2022-12-15,22.274555206298828,23.473953613143824,21.846197846255514,22.360227045186875,20474230,MGLU3.SA
2022-12-16,20.304115295410156,22.531570416801216,20.132773440409476,22.103213027703962,24130706,MGLU3.SA
2022-12-19,22.360227584838867,23.131268650249204,20.21844256732837,20.475456255798484,33625217,MGLU3.SA
2022-12-20,24.159326553344727,25.958426139341455,21.760527716814778,21.93187140805116,40023546,MGLU3.SA
2022-12-21,22.360227584838867,24.759026290819477,22.18888390292749,24.416338926996723,33258910,MGLU3.SA
2022-12-22,22.274555206298828,22.78858257083328,21.50351232510024,22.6172407274541,20731992,MGLU3.SA
2022-12-23,22.95992660522461,24.244996870917454,22.445899232706246,22.445899232706246,21910145,MGLU3.SA
2022-12-26,22.788583755493164,23.388282990090904,21.931870825267392,23.216941137804554,8307175,MGLU3.SA
2022-12-27,21.58918571472168,23.216941598530354,21.417843859035155,22.874256052760263,16589945,MGLU3.SA
2022-12-28,23.04559898376465,23.473954526070244,21.503513161394153,21.76052685365691,21918958,MGLU3.SA
2022-12-29,23.473955154418945,23.987984387100926,22.78858406710766,23.216941455276473,14599070,MGLU3.SA
2023-01-02,22.188884735107422,22.788583975494674,21.84619919282942,22.70291396572294,7872782,MGLU3.SA
2023-01-03,21.760526657104492,23.645297996933415,21.417842960114104,22.274555871384003,18429133,MGLU3.SA
2023-01-04,21.8461971282959,22.36022631033406,21.417841616727088,22.188882638189057,16619211,MGLU3.SA
2023-01-05,22.788583755493164,23.216941137804554,21.503513442956006,22.103212677553746,19543376,MGLU3.SA
2023-01-06,23.64529800415039,23.73096984562262,22.274555878182603,22.87425509969427,16154766,MGLU3.SA
2023-01-09,24.244997024536133,24.844696241072956,22.788583069177893,22.959926750700955,15909937,MGLU3.SA
2023-01-10,26.129770278930664,26.47245399848932,23.64529955415224,23.902313261019778,21560195,MGLU3.SA
2023-01-11,25.958425521850586,26.643796601698607,24.844697058498298,26.3011110617746,19125228,MGLU3.SA
2023-01-12,27.329166412353516,28.100207465576883,23.045598279434955,23.131268284639603,43090248,MGLU3.SA
2023-01-13,29.38528060913086,31.013034613493097,26.472452633501405,27.07215369779964,35433837,MGLU3.SA
2023-01-16,32.98347854614258,33.925863332992876,28.87125202054452,28.95692386509374,25144980,MGLU3.SA
2023-01-17,32.46944808959961,34.43988748787221,31.355719718544183,33.41183278769411,28404693,MGLU3.SA
2023-01-18,30.499008178710938,33.240492554612246,30.156322631723274,32.89780517322754,25508031,MGLU3.SA
2023-01-19,32.64078903198242,33.58317375716451,29.64229301294712,29.727964851890103,30171125,MGLU3.SA
2023-01-20,32.72646713256836,33.24049456697022,31.955425980965572,32.98348084976929,17769187,MGLU3.SA
2023-01-23,34.61123275756836,35.03959012533541,32.89780328650017,33.06914696736576,20257152,MGLU3.SA
2023-01-24,37.6097297668457,38.12375712839854,34.69690193672331,34.953915617499725,25686245,MGLU3.SA
2023-01-25,37.26704406738281,40.00852834240405,36.75301668301482,37.609731436157446,26234156,MGLU3.SA
2023-01-26,36.6673469543457,38.209432787982664,35.98197588037306,37.52405804521602,20567429,MGLU3.SA
2023-01-27,38.80913162231445,39.2374890180142,36.75301832423215,36.92436201627088,16590877,MGLU3.SA
2023-01-30,37.352718353271484,39.837188976635446,36.66734727333639,39.32315791508861,17386748,MGLU3.SA
2023-01-31,37.95241928100586,38.46644667182179,36.924360830579985,37.60973190793256,12478893,MGLU3.SA
2023-02-01,36.753013610839844,37.866741963070204,35.63928525860949,37.695398293005454,16141778,MGLU3.SA
2023-02-02,37.181373596191406,38.89480308112204,36.238988846997124,36.58167621150082,16556480,MGLU3.SA
2023-02-03,36.5816764831543,37.52405757055273,35.896305417851295,37.43838756318758,12768166,MGLU3.SA
2023-02-06,35.38227462768555,37.438387838727145,35.03959092690893,36.581676752388624,11772504,MGLU3.SA
2023-02-07,34.696903228759766,36.23898903963595,33.24049109386188,35.72496165894187,18836741,MGLU3.SA
2023-02-08,36.1533203125,36.23899032271761,34.35422074757765,35.21093185613596,16178644,MGLU3.SA
2023-02-09,35.21092987060547,37.18137301364459,34.696902500697476,36.1533182738286,14366926,MGLU3.SA
2023-02-10,34.18287658691406,35.4679487352195,33.92586289101178,34.78257765654874,13250123,MGLU3.SA
2023-02-13,35.38227462768555,35.98197569003708,33.49750510142923,34.182876171776435,13258846,MGLU3.SA
2023-02-14,34.78257751464844,36.153319666397834,34.3542201336275,35.55361859920972,12938477,MGLU3.SA
2023-02-15,33.3261604309082,34.95391621623708,32.81213306055042,34.61123252559652,22616085,MGLU3.SA
2023-02-16,32.64078903198242,33.754517435050474,31.784077980140236,33.32616007473247,17057117,MGLU3.SA
2023-02-17,31.355722427368164,32.55512090412334,31.184378739604842,32.12676351911206,10486962,MGLU3.SA
2023-02-22,30.156320571899414,30.841693453457477,29.556621364232647,30.841693453457477,8192714,MGLU3.SA
2023-02-23,30.499008178710938,31.44139297432775,29.899308930081787,30.24199447706945,9395879,MGLU3.SA
2023-02-24,30.927364349365234,33.15482123399552,30.584678815914188,31.355721724778288,14331059,MGLU3.SA
2023-02-27,31.270048141479492,32.298106579289126,30.756022591368637,31.61273551034736,11458006,MGLU3.SA
2023-02-28,30.75602149963379,32.04109174968471,30.75602149963379,31.355720705071295,8025726,MGLU3.SA
2023-03-01,27.67185401916504,31.270049540496547,27.586182173115127,31.1843795288437,15686684,MGLU3.SA
2023-03-02,26.986482620239258,28.18588111404663,26.643797074237575,27.757523722945265,10613592,MGLU3.SA
2023-03-03,25.872753143310547,27.243495274664344,25.701409459692833,27.072153425443606,13259306,MGLU3.SA
2023-03-06,27.329166412353516,27.843193781169095,25.187381428695772,26.04409615591764,15809486,MGLU3.SA
2023-03-07,27.586181640625,27.928867183812798,26.815138709853205,27.32916794183341,9669267,MGLU3.SA
2023-03-08,29.38528060913086,30.327665375318098,27.329167391414888,27.50050924235939,17377599,MGLU3.SA
2023-03-09,29.04259490966797,30.584678897092196,28.78557938309978,29.128264917460385,11829151,MGLU3.SA
2023-03-10,29.128265380859375,29.29960906796406,25.7014099827358,27.157823985537572,27150685,MGLU3.SA
2023-03-13,31.869749069213867,32.89780383392672,28.528565580706157,28.78557927188437,21301064,MGLU3.SA
2023-03-14,31.95542335510254,33.24049183550966,31.441392294145675,31.86974967721272,14465704,MGLU3.SA
2023-03-15,32.64078903198242,33.2404900701864,30.5846777381292,31.270046946482335,15085169,MGLU3.SA
2023-03-16,33.3261604309082,34.18287516070041,32.897803066012095,32.98347674026763,11168508,MGLU3.SA
2023-03-17,32.38377380371094,33.583172154071775,32.212433802797705,33.24048848345167,9010937,MGLU3.SA
2023-03-20,31.784080505371094,33.240492711128546,31.18437941952114,32.98347900827689,9420026,MGLU3.SA
2023-03-21,31.698406219482422,32.38377730358776,31.441392521542173,31.95542358621671,6867095,MGLU3.SA
2023-03-22,30.75602149963379,32.12676175446369,30.499005982106073,31.612734388202096,13365258,MGLU3.SA
2023-03-23,26.643795013427734,30.841693085854025,26.044095812908807,30.841693085854025,28086524,MGLU3.SA
2023-03-24,27.67185401916504,28.27155327272029,26.558125523707385,27.586182173115127,13253300,MGLU3.SA
2023-03-27,28.61423683166504,29.128264203406523,27.928865779745102,28.185879465615844,8477878,MGLU3.SA
2023-03-28,28.956924438476562,29.299609989062,27.75752409422901,28.528567041645502,9124623,MGLU3.SA
2023-03-29,28.699909210205078,29.642293965676224,27.500508929644276,29.29960843328699,11546579,MGLU3.SA
2023-03-30,29.470951080322266,30.67034948430877,29.299607402954535,29.3852792416384,11207249,MGLU3.SA
2023-03-31,28.357223510742188,29.72796563222305,27.671852450001758,29.47095194304463,9371821,MGLU3.SA
2023-04-03,28.357223510742188,28.785579047907238,27.32916691963154,28.528565358728816,7293439,MGLU3.SA
2023-04-04,27.586181640625,29.642294899751775,27.500509796228794,28.52856642579218,11224212,MGLU3.SA
2023-04-05,28.100208282470703,28.442895650839166,26.900809830769,27.75752274849922,12468980,MGLU3.SA
2023-04-06,28.871252059936523,29.21393760420392,27.843195427134326,27.928867271800435,8017846,MGLU3.SA
2023-04-10,28.699909210205078,29.556622123979675,28.699909210205078,29.04259474259431,6292635,MGLU3.SA
2023-04-11,32.38377380371094,33.154818482995054,29.55661976311889,29.642291597972328,27440194,MGLU3.SA
2023-04-12,33.24049377441406,33.66885118246702,32.29810894421525,33.24049377441406,17119961,MGLU3.SA
2023-04-13,33.069149017333984,34.0115338173227,32.38377792017909,33.32616272016781,10933861,MGLU3.SA
2023-04-14,32.04109191894531,32.98347665166777,31.86974823968836,32.640789293153865,10037763,MGLU3.SA
2023-04-17,31.355722427368164,32.29810720687538,31.184378739604842,32.29810720687538,10076627,MGLU3.SA
2023-04-18,30.327665328979492,31.95542299964861,30.241993486439647,31.698405637632085,12225363,MGLU3.SA
2023-04-19,27.84319496154785,30.070651879237523,27.6718531094778,29.984980036003996,17046262,MGLU3.SA
2023-04-20,28.27155303955078,28.6999104318704,27.671853790941547,28.27155303955078,12573888,MGLU3.SA
2023-04-24,29.04259490966797,29.385280444028574,28.18588015656797,28.271551998757367,10258624,MGLU3.SA
2023-04-25,28.100208282470703,29.042594876690014,27.67185274080408,28.871251192505785,9276590,MGLU3.SA
2023-04-26,26.643795013427734,28.442894449381416,26.47245133648124,28.357222610908167,13181880,MGLU3.SA
2023-04-27,27.414838790893555,27.414838790893555,26.04409666790918,26.81513773629017,10546371,MGLU3.SA
2023-04-28,28.61423683166504,28.61423683166504,26.900809201865197,27.586180253785134,9121805,MGLU3.SA
2023-05-02,27.757522583007812,28.69990917160858,27.671852575823443,28.69990917160858,7199735,MGLU3.SA
2023-05-03,28.61423683166504,28.87125051753578,27.67185209387436,28.01453761983433,9967678,MGLU3.SA
2023-05-04,30.584678649902344,31.184377871587298,28.785579150450513,28.785579150450513,16956117,MGLU3.SA
2023-05-05,32.64078903198242,32.89780271441446,30.24199221675418,30.5846777381292,16448407,MGLU3.SA
2023-05-08,33.154823303222656,34.268551815046756,32.72646590107537,32.72646590107537,12343596,MGLU3.SA
2023-05-09,35.46794509887695,36.58167344613147,32.72646106526389,32.89780106576948,18067385,MGLU3.SA
2023-05-10,36.753013610839844,37.35271462166962,35.63928525860949,35.72495892803869,12594353,MGLU3.SA
2023-05-11,37.26704406738281,37.95241880493208,35.98197560646283,37.18137405958613,11581391,MGLU3.SA
2023-05-12,36.92436218261719,37.352719580246706,36.06764738735815,36.83869217060894,7854304,MGLU3.SA
2023-05-15,37.5240592956543,38.20943406126012,36.581678164931574,37.26704559294917,9972741,MGLU3.SA
2023-05-16,28.956924438476562,35.12526251461732,28.699910734136754,34.35422140159789,39038964,MGLU3.SA
2023-05-17,28.785579681396484,30.241993676120696,28.014538596892784,29.98497998128613,20679948,MGLU3.SA
2023-05-18,30.327665328979492,30.756022707281733,28.528565807627672,28.871251343390067,20015421,MGLU3.SA
2023-05-19,31.184377670288086,31.95542240438678,30.24199292309538,30.67035029341823,16427324,MGLU3.SA
2023-05-22,32.555118560791016,33.154819590398866,31.35572017036908,31.441390173687157,14236400,MGLU3.SA
2023-05-23,31.355722427368164,32.89780461085595,31.184378739604842,32.81213460137131,12890990,MGLU3.SA
2023-05-24,31.098709106445312,31.869750207519566,29.81363693586081,30.070652470615936,11793463,MGLU3.SA
2023-05-25,32.21243667602539,32.72646406220167,31.869749306045218,32.041092991035306,13417347,MGLU3.SA
2023-05-26,32.72646713256836,33.15482455083468,32.2124396981665,32.897807164839435,8561490,MGLU3.SA
2023-05-29,32.46944808959961,33.069145441772264,32.04109074159416,32.89780176881134,5050696,MGLU3.SA
2023-05-30,31.95542335510254,33.41183552249528,31.698405990227098,32.89780446153841,8708305,MGLU3.SA
2023-05-31,32.555118560791016,32.640788564109094,31.35572017036908,31.78407752454701,8603116,MGLU3.SA
2023-06-01,34.78257751464844,34.78257751464844,32.46945059217058,32.89780430439752,11935080,MGLU3.SA
2023-06-02,34.78257751464844,34.78257751464844,34.78257751464844,34.78257751464844,0,MGLU3.SA
2023-06-05,33.3261604309082,34.0115314809832,32.897803066012095,33.41183410516374,6741319,MGLU3.SA
2023-06-06,34.18287658691406,34.69690397871863,33.15482180330493,33.668849195109495,11171191,MGLU3.SA
2023-06-07,33.24049377441406,35.810634553937575,33.06915007743403,34.69690602675873,13863381,MGLU3.SA
2023-06-09,34.011531829833984,34.868246568413376,33.668848135678566,33.925861823493605,13458097,MGLU3.SA
2023-06-12,33.92586135864258,34.868246090649826,33.41183399005568,34.35421872206294,13280445,MGLU3.SA
2023-06-13,32.21243667602539,34.43988990572061,32.12676299913336,34.354219897622556,15441698,MGLU3.SA
2023-06-14,32.64078903198242,32.89780271441446,31.612734302254268,32.64078903198242,15199114,MGLU3.SA
2023-06-15,32.12676239013672,32.72646344183707,31.955422377188537,32.46944975362089,12965947,MGLU3.SA
2023-06-16,31.784080505371094,32.469451602573564,31.698406825224463,32.04109420822275,9824018,MGLU3.SA
2023-06-19,31.95542335510254,32.126763373294146,31.184378598064253,31.86974967721272,6579079,MGLU3.SA
2023-06-20,31.52706527709961,31.95542265072458,31.270047917889478,31.869748974723223,9313996,MGLU3.SA
2023-06-21,32.21243667602539,32.46945036911353,31.270048242976905,31.527065604859022,10128694,MGLU3.SA
2023-06-22,30.584678649902344,31.527065237575233,29.556622055129434,31.355721554581265,20711134,MGLU3.SA
2023-06-23,30.670351028442383,31.098708409030944,29.72796625866514,30.670351028442383,9137657,MGLU3.SA
2023-06-26,29.128265380859375,30.841694914318175,28.785579841047017,30.67035122721349,10761675,MGLU3.SA
2023-06-27,28.956924438476562,30.241994794572676,28.35722518355132,29.984981090232868,14769998,MGLU3.SA
2023-06-28,28.699909210205078,29.642293965676224,28.357223677815846,29.04259474259431,9903813,MGLU3.SA
2023-06-29,29.556623458862305,29.984980852294235,28.69991050639549,28.785580517564235,8885575,MGLU3.SA
2023-06-30,28.871252059936523,30.327666081672227,28.785580215270414,30.156322392340012,9322370,MGLU3.SA
2023-07-03,29.470951080322266,29.81363476626392,28.785578205248243,29.213935564270667,8164896,MGLU3.SA
2023-07-04,28.871252059936523,29.38528129353614,28.69991020500134,29.38528129353614,7385189,MGLU3.SA
2023-07-05,29.213937759399414,30.07065254181762,28.614238512344894,28.699910357466123,18607908,MGLU3.SA
2023-07-06,26.986482620239258,28.95692405114968,26.900810775139576,28.87125220605,19338489,MGLU3.SA
2023-07-07,27.24349594116211,28.271552564828323,26.986482243844808,27.500509638479407,12512212,MGLU3.SA
2023-07-10,26.129770278930664,27.07215509370969,25.95842658475425,26.986483246621482,10557686,MGLU3.SA
2023-07-11,26.215438842773438,26.472452535436602,24.93036854506063,26.044096992463654,12507856,MGLU3.SA
2023-07-12,25.530067443847656,26.986481407504886,25.530067443847656,26.729465883755754,10177078,MGLU3.SA
2023-07-13,25.872753143310547,26.6437960507963,25.78708130150169,25.9584249851194,9898166,MGLU3.SA
2023-07-14,25.273054122924805,26.12976887911713,25.10171227232453,25.95842519411987,7782862,MGLU3.SA
2023-07-17,25.35872459411621,25.701408276785674,24.84469540131824,25.35872459411621,6921250,MGLU3.SA
2023-07-18,25.35872459411621,25.701408276785674,25.01603907704986,25.35872459411621,6945206,MGLU3.SA
2023-07-19,25.187381744384766,25.787080960318317,24.930368056755665,25.358725425735464,8738593,MGLU3.SA
2023-07-20,24.844697952270508,25.53006905677432,24.844697952270508,25.358727197846907,7973199,MGLU3.SA
2023-07-21,25.872753143310547,26.215438676148995,24.759026537383313,24.759026537383313,10313351,MGLU3.SA
2023-07-24,25.787080764770508,26.12976812487325,25.358725233435948,25.95842444482188,8801234,MGLU3.SA
2023-07-25,26.301111221313477,27.586181545224324,26.21543937721355,26.72946677301908,13202805,MGLU3.SA
2023-07-26,26.47245216369629,26.815137693900663,25.958424785588207,26.30111031579258,8770744,MGLU3.SA
2023-07-27,27.15782356262207,27.500509097097954,26.472452493670303,26.643796178106737,13759338,MGLU3.SA
2023-07-28,27.15782356262207,27.671852781534387,26.643796178106737,27.414839089276718,10034608,MGLU3.SA
2023-07-31,28.699909210205078,28.87125105920121,27.414838922344696,27.414838922344696,12295537,MGLU3.SA
2023-08-01,29.38528060913086,29.642294302746105,28.357224000272872,28.785579544832622,9508341,MGLU3.SA
2023-08-02,28.528566360473633,29.47095297788017,27.92886711986731,29.385281133680117,11876480,MGLU3.SA
2023-08-03,27.072153091430664,29.813635485917214,26.986481250678818,29.55662179805862,14315118,MGLU3.SA
2023-08-04,26.215438842773438,27.500509140486244,26.12976883481704,27.0721535975133,12102146,MGLU3.SA
2023-08-07,25.787080764770508,26.472451816182126,25.615738919116072,26.472451816182126,9268912,MGLU3.SA
2023-08-08,25.615739822387695,25.958425360177408,24.930368746808274,25.44439613629434,9764363,MGLU3.SA
2023-08-09,25.44439697265625,25.872754367572824,25.10171325799946,25.70141067584737,9507084,MGLU3.SA
2023-08-10,24.416339874267578,25.787082045150914,24.33066986438514,25.61574019098901,11071807,MGLU3.SA
2023-08-11,24.67335319519043,25.273054261573836,24.33066949210991,24.50201134365017,9185637,MGLU3.SA
2023-08-14,24.330669403076172,25.016040475523216,24.073655709507776,24.673353104902702,9525147,MGLU3.SA
2023-08-15,23.73097038269043,23.987984078526758,21.674857147205792,23.987984078526758,23264514,MGLU3.SA
2023-08-16,25.44439697265625,25.958426213435548,23.47395552419589,24.07365661083792,26338378,MGLU3.SA
2023-08-17,24.159326553344727,25.872754293723265,24.159326553344727,25.701410602486884,12885467,MGLU3.SA
2023-08-18,25.7014102935791,26.04409767193307,23.64529886423452,23.987984408191455,14824231,MGLU3.SA
2023-08-21,26.129770278930664,26.301112138709993,25.358727323930964,25.87275473766604,12763182,MGLU3.SA
2023-08-22,26.044095993041992,26.815137041443393,26.044095993041992,26.386781514908254,10806647,MGLU3.SA
2023-08-23,26.215438842773438,26.30111068512682,25.530067772740342,26.12976883481704,8623200,MGLU3.SA
2023-08-24,25.872753143310547,26.215438676148995,25.187382077633647,26.215438676148995,9563360,MGLU3.SA
2023-08-25,25.016040802001953,25.872753736543036,25.016040802001953,25.70141004899661,9709973,MGLU3.SA
2023-08-28,25.10171127319336,25.615738638931173,24.502010233970022,25.10171127319336,8865290,MGLU3.SA
2023-08-29,25.10171127319336,25.615738638931173,24.844695755927535,25.187381277885052,4756505,MGLU3.SA
2023-08-30,25.016040802001953,25.273054498924576,24.673353426909106,25.273054498924576,5667815,MGLU3.SA
2023-08-31,23.64529800415039,24.93036828864595,23.64529800415039,24.75902644009846,10930976,MGLU3.SA
2023-09-01,24.502010345458984,24.502010345458984,23.559625614387013,23.902311137903816,8216334,MGLU3.SA
2023-09-04,23.816638946533203,24.50200998344041,23.816638946533203,24.244996303199432,4311965,MGLU3.SA
2023-09-05,23.04559898376465,23.730970052729983,22.445899757019227,23.64529821051007,12021408,MGLU3.SA
2023-09-06,22.188884735107422,23.645298748388193,22.188884735107422,23.045599508000944,9772109,MGLU3.SA
2023-09-08,21.50351333618164,21.93187071636605,21.417843327662357,21.84619887344977,7660351,MGLU3.SA
2023-09-11,21.8461971282959,22.103210802116553,21.160827942906433,21.674855290547743,7458091,MGLU3.SA
2023-09-12,22.445899963378906,22.702913658004555,21.589185202097415,21.846198896723063,10843435,MGLU3.SA
2023-09-13,22.445899963378906,23.3026128902634,22.18888443435626,22.274556277363807,7886826,MGLU3.SA
2023-09-14,22.103212356567383,22.617241574755635,21.075155754587854,22.44589972495754,13575466,MGLU3.SA
2023-09-15,21.24650001525879,22.61724218842349,21.24650001525879,22.274556645132314,13353886,MGLU3.SA
2023-09-18,22.103212356567383,22.44589972495754,20.989485746887297,21.246499438782934,12309300,MGLU3.SA
2023-09-19,21.58918571472168,22.360228651303647,21.417843859035155,22.103213116178296,7287803,MGLU3.SA
2023-09-20,21.58918571472168,22.017543105533555,21.503513869679896,21.58918571472168,6427853,MGLU3.SA
2023-09-21,20.13277244567871,21.246499034148126,20.13277244567871,21.16082902807913,15229582,MGLU3.SA
2023-09-22,19.190387725830078,20.646801817057096,18.590688453347347,20.47545811954939,15040478,MGLU3.SA
2023-09-25,18.419343948364258,18.847701338957883,17.819644702171413,18.847701338957883,10398703,MGLU3.SA
2023-09-26,17.99098777770996,18.676358845493024,17.733974085890555,18.162329627457236,7129471,MGLU3.SA
2023-09-27,17.476959228515625,18.41934402418306,17.13427368150955,18.24800216787855,20061740,MGLU3.SA
2023-09-28,17.56262969970703,17.905315219900235,17.219944179513828,17.305616018161356,9412190,MGLU3.SA
2023-09-29,18.162328720092773,18.5906860746563,17.90531504111341,18.076658716697576,12066773,MGLU3.SA
2023-10-02,17.219945907592773,18.248002571341292,17.048604047499897,18.16233072409631,10292976,MGLU3.SA
2023-10-03,15.763532638549805,17.134272932235167,15.677860796945417,16.96293108342336,15204222,MGLU3.SA
2023-10-04,16.19188690185547,16.705916076579275,16.020545066545417,16.19188690185547,14727586,MGLU3.SA
2023-10-05,15.50651741027832,16.27756033066905,15.420847401432574,16.106216644183554,9105752,MGLU3.SA
2023-10-06,15.249504089355469,15.420847780047826,14.39279022188631,14.735476686072497,13855859,MGLU3.SA
2023-10-09,15.934874534606934,16.02054637646533,14.6498033271204,14.821147010837192,9069425,MGLU3.SA
2023-10-10,17.04860496520996,17.305618686382623,16.020548246122136,16.020548246122136,14244595,MGLU3.SA
2023-10-11,16.363231658935547,17.819645773909677,16.191889793031198,17.305618341799487,14221908,MGLU3.SA
2023-10-13,15.592188835144043,16.19188805295786,15.420846987653077,16.020546205466893,7591569,MGLU3.SA
2023-10-16,15.335174560546875,15.934874708504733,15.249503634952037,15.849202865711398,7800195,MGLU3.SA
2023-10-17,14.478461265563965,15.163833282206701,14.392790336732705,14.99249050734565,9363301,MGLU3.SA
2023-10-18,14.821147918701172,15.5921899566642,14.221447740553446,14.564133294581133,17097756,MGLU3.SA
2023-10-19,13.7930908203125,14.821147449875888,13.7930908203125,14.735476522678196,15061460,MGLU3.SA
2023-10-20,13.193390846252441,13.878761942244546,13.107719917852693,13.536077311447022,17781030,MGLU3.SA
2023-10-23,12.936376571655273,13.364733029104093,12.850704729846417,13.107719338074498,17911398,MGLU3.SA
2023-10-24,12.079663276672363,13.27906269493734,12.079663276672363,13.107719920899486,18859047,MGLU3.SA
2023-10-25,12.336676597595215,12.508020283532474,11.137277216423897,11.993991060117695,28229274,MGLU3.SA
2023-10-26,12.593690872192383,13.107719164649058,12.251005343887932,12.422348108040158,22909860,MGLU3.SA
2023-10-27,12.508020401000977,12.7650340979236,11.908320246184012,12.508020401000977,17687775,MGLU3.SA
2023-10-30,11.736977577209473,12.59369143634858,11.565634805381652,12.508020509033926,8978089,MGLU3.SA
2023-10-31,11.394291877746582,11.82264926005797,11.394291877746582,11.736977416716291,16288435,MGLU3.SA
2023-11-01,11.394291877746582,11.651306490573116,11.22295002546023,11.394291877746582,15596404,MGLU3.SA
2023-11-03,12.765033721923828,13.193390176576937,11.651306206066957,11.736977130118188,27824664,MGLU3.SA
2023-11-06,12.251005172729492,13.450403587839835,11.993990571492661,12.936376219763096,17989768,MGLU3.SA
2023-11-07,15.163832664489746,15.249503589831098,12.07966284262819,12.165333767969543,33551619,MGLU3.SA
2023-11-08,15.249504089355469,17.305617371281453,14.735476686072497,14.992490387713984,39937397,MGLU3.SA
2023-11-09,14.649803161621094,15.677860666315413,14.39278947334637,15.677860666315413,19730201,MGLU3.SA
2023-11-10,15.420846939086914,15.506516945364114,14.821146805963306,14.821146805963306,11884686,MGLU3.SA
2023-11-13,14.821147918701172,16.10621737050719,13.878762186525757,15.24950440263651,24811308,MGLU3.SA
2023-11-14,14.9924898147583,15.335174431451344,13.27906214530064,13.536076754318534,58456777,MGLU3.SA
2023-11-16,18.76202964782715,19.276058887634456,15.078161378262006,15.078161378262006,43191934,MGLU3.SA
2023-11-17,19.01904296875,19.961427658456184,18.162328280364854,19.01904296875,33493647,MGLU3.SA
2023-11-20,19.533071517944336,20.132772570527873,19.10471598175218,19.70441519993876,15793298,MGLU3.SA
2023-11-21,18.248001098632812,19.70441504666898,17.905315571706474,19.53307136600734,20984545,MGLU3.SA
2023-11-22,17.819644927978516,19.019045269959822,17.733974916291828,18.505016027854385,17676774,MGLU3.SA
2023-11-23,18.590686798095703,18.762028645950593,17.64830204890142,17.905315737882233,8343525,MGLU3.SA
2023-11-24,17.04860496520996,18.590689126643106,16.962933113353344,18.50501727478649,20112010,MGLU3.SA
2023-11-27,16.791587829589844,17.733974442541804,16.4489022888065,17.219945214168277,19708804,MGLU3.SA
2023-11-28,16.363231658935547,16.79158907529214,15.934876076976103,16.705919059538545,23293118,MGLU3.SA
2023-11-29,16.106216430664062,17.391286724681148,16.106216430664062,16.791587498726106,24703123,MGLU3.SA
2023-11-30,17.30561637878418,17.391286384820035,16.363229802817287,16.53457348368288,31751811,MGLU3.SA
2023-12-01,18.590686798095703,18.762028645950593,16.534573617455294,17.391286525523654,27342438,MGLU3.SA
2023-12-04,17.134273529052734,18.59068754946897,17.134273529052734,18.333673850100528,22364217,MGLU3.SA
2023-12-05,18.33367347717285,18.676359014159175,17.13427318052222,17.305616866213878,21485968,MGLU3.SA
2023-12-06,18.590686798095703,18.933372328202438,18.33367310911489,18.67635863922163,14836007,MGLU3.SA
2023-12-07,19.361730575561523,19.533072431169703,18.676359484334725,18.676359484334725,14926141,MGLU3.SA
2023-12-08,18.248001098632812,19.70441504666898,18.076659252368113,19.53307136600734,21552584,MGLU3.SA
2023-12-11,19.10471534729004,19.10471534729004,18.076658792655806,18.16232879641099,8662951,MGLU3.SA
2023-12-12,19.533071517944336,19.790085206539022,18.84770045876054,19.10471598175218,13246856,MGLU3.SA
2023-12-13,21.674856185913086,21.674856185913086,19.190385677957636,19.79008488644439,24540502,MGLU3.SA
2023-12-14,20.81814193725586,22.70291328006043,20.47545640532748,21.76052669145966,24145052,MGLU3.SA
2023-12-15,18.933372497558594,21.160829380375116,18.933372497558594,20.989485696590627,27996008,MGLU3.SA
2023-12-18,18.676359176635742,19.361730256570834,18.590687333044603,19.190386569388554,13958230,MGLU3.SA
2023-12-19,18.505016326904297,19.27605928532434,18.41934447943605,18.933373729848444,14549742,MGLU3.SA
2023-12-20,17.99098777770996,18.93337253731243,17.905315935637834,18.50501516134877,19154259,MGLU3.SA
2023-12-21,17.905317306518555,18.41934472951273,17.648303595021467,18.333674715278445,13762346,MGLU3.SA
2023-12-22,18.162328720092773,18.248000557884854,17.64830136213405,17.990986878905495,9025340,MGLU3.SA
2023-12-26,18.07666015625,18.41934386591451,17.905316467020715,18.333673855696897,7455599,MGLU3.SA
2023-12-27,19.276058197021484,19.447400047887133,17.905316052508333,18.1623297460053,14560665,MGLU3.SA
2023-12-28,18.505016326904297,19.10471742478494,18.41934447943605,18.933373729848444,13502339,MGLU3.SA
2024-01-02,17.56262969970703,18.419342582991586,17.39128602241198,18.333672578740963,12983841,MGLU3.SA
2024-01-03,17.134273529052734,17.733974606775146,17.134273529052734,17.47695907300967,9709973,MGLU3.SA
2024-01-04,16.534574508666992,17.391287462912082,16.277560805833172,17.219945605821888,14103450,MGLU3.SA
2024-01-05,16.87725830078125,17.81964300269337,16.363229114212995,16.448900951040518,16087736,MGLU3.SA
2024-01-08,17.905317306518555,17.905317306518555,16.705918763267405,16.705918763267405,15447771,MGLU3.SA
2024-01-09,18.33367347717285,18.84770086545384,17.476958717508545,17.648302403200205,18575521,MGLU3.SA
2024-01-10,18.676359176635742,18.84770102942101,17.99098809670065,18.505015489453463,14434698,MGLU3.SA
2024-01-11,18.676359176635742,19.61874395294724,18.333673636668195,18.76202918582987,19102978,MGLU3.SA
2024-01-12,19.361730575561523,20.132773511790933,18.676359484334725,18.676359484334725,25884385,MGLU3.SA
2024-01-15,19.533071517944336,19.70441519993876,18.93337229975775,19.618743358941547,12664864,MGLU3.SA
2024-01-16,18.676359176635742,19.190386569388554,18.07665994029179,19.104716560194426,29401893,MGLU3.SA
2024-01-17,18.419343948364258,18.933373183956014,18.162330247766903,18.590687638360524,13366829,MGLU3.SA
2024-01-18,17.134273529052734,18.933373093425907,17.048603518861274,18.676359394057464,27554543,MGLU3.SA
2024-01-19,17.391286849975586,17.648302378148237,16.620245768648605,17.30561684164836,20990742,MGLU3.SA
2024-01-22,16.705917358398438,17.64830211090351,16.534573675544625,17.562630269476603,16189534,MGLU3.SA
2024-01-23,16.62024688720703,17.2199461578429,16.534575038717016,16.87726059827996,12608251,MGLU3.SA
2024-01-24,16.448902130126953,17.305616891019252,16.27756027858669,16.96293135354173,15006565,MGLU3.SA
2024-01-25,17.733972549438477,17.990986218990496,16.44890053288474,16.620244202183965,19449111,MGLU3.SA
2024-01-26,17.819644927978516,17.990988620146016,17.305617520270143,17.905316774062264,15154277,MGLU3.SA
2024-01-29,17.733972549438477,19.533070070699434,17.733972549438477,19.1903845664978,25376047,MGLU3.SA
2024-01-30,16.96293067932129,18.24800093518544,16.96293067932129,17.648301727035093,16190825,MGLU3.SA
2024-01-31,17.99098777770996,18.590687003420896,17.048603018107492,17.13427302578264,22174586,MGLU3.SA
2024-02-01,18.868663787841797,19.418236270191002,18.410686413484637,19.32664116219896,12561643,MGLU3.SA
2024-02-02,18.04430389404297,19.143448843325558,18.04430389404297,18.868663523203367,13807195,MGLU3.SA
2024-02-05,17.861114501953125,18.31909189094664,17.40313711295961,17.95270961287243,13511074,MGLU3.SA
2024-02-06,18.777069091796875,18.86866420179841,17.9527094329891,18.044304542990634,12891669,MGLU3.SA
2024-02-07,19.051855087280273,19.143450200481215,18.31909234727571,18.59387768687853,12581887,MGLU3.SA
2024-02-08,18.96025848388672,19.235045636289527,18.044303755073226,18.777068271882783,16245862,MGLU3.SA
2024-02-09,19.051855087280273,19.601429435280004,18.777069747677455,18.960259974079335,17307412,MGLU3.SA
2024-02-14,18.502281188964844,19.14344876778342,18.41068608261889,18.86866344874556,9962284,MGLU3.SA
2024-02-15,18.868663787841797,19.051854003825888,18.135899255111564,18.50228152147668,20078562,MGLU3.SA
2024-02-16,18.685474395751953,19.143449955905584,18.50228233729348,18.960259731844133,11536843,MGLU3.SA
2024-02-19,19.143449783325195,19.235046728927184,18.50228217049329,18.593877281698276,7997419,MGLU3.SA
2024-02-20,18.502281188964844,19.418235921218184,18.41068608261889,18.77706834239961,17973270,MGLU3.SA
2024-02-21,17.952709197998047,18.59387679401324,17.861114089195443,18.502281685210637,32031888,MGLU3.SA
2024-02-22,19.326641082763672,19.326641082763672,18.135899180570398,18.227494288185973,23587200,MGLU3.SA
2024-02-23,19.693023681640625,19.693023681640625,18.777068921155298,19.3266414105671,11444947,MGLU3.SA
2024-02-26,19.326641082763672,20.150998885700783,19.14344903313559,19.693023347622905,10020654,MGLU3.SA
2024-02-27,20.150999069213867,20.150999069213867,19.50983147566886,19.50983147566886,11424630,MGLU3.SA
2024-02-28,19.87621307373047,20.334190434935145,19.509830817887348,19.967808179092025,9339676,MGLU3.SA
2024-02-29,19.50983238220215,20.05940489283357,19.50983238220215,19.693024442010646,7947019,MGLU3.SA
2024-03-01,20.334190368652344,20.608977518238188,19.509830754291688,19.693022798814546,11805034,MGLU3.SA
2024-03-04,19.50983238220215,20.51738229075926,19.235047044084954,20.242596952642067,11455132,MGLU3.SA
2024-03-05,19.418235778808594,19.967808247250755,19.32664067313438,19.32664067313438,8675562,MGLU3.SA
2024-03-06,18.868663787841797,19.78461853655612,18.593876629468724,19.693023428564075,12725790,MGLU3.SA
2024-03-07,18.685474395751953,19.051854843874857,18.593877449324207,18.960259731844133,5699662,MGLU3.SA
2024-03-08,18.777069091796875,18.960259311799945,18.410686817393756,18.50228192739529,5917737,MGLU3.SA
2024-03-11,18.319093704223633,18.868666258534738,18.319093704223633,18.68547601856343,6105981,MGLU3.SA
2024-03-12,18.502281188964844,18.77706834239961,18.13589892918413,18.593876295310796,8540280,MGLU3.SA
2024-03-13,18.5938777923584,19.05185519535817,18.135900389358625,18.502282678637854,8459724,MGLU3.SA
2024-03-14,18.410686492919922,18.96025897764033,18.227494441748487,18.777068760865845,8419960,MGLU3.SA
2024-03-15,17.952709197998047,18.502281685210637,17.769518980392835,18.502281685210637,14906923,MGLU3.SA
2024-03-18,19.23504638671875,19.32664149629418,18.1358995686227,18.227494678198127,22236553,MGLU3.SA
2024-03-19,18.04430389404297,20.15099868590075,17.861113680628176,19.784618259071163,40727757,MGLU3.SA
2024-03-20,18.777069091796875,19.05185442180148,17.861114322987564,18.31909170739222,22099297,MGLU3.SA
2024-03-21,18.227495193481445,18.777069535264182,17.9527098569871,18.6854744230994,13328920,MGLU3.SA
2024-03-22,17.586326599121094,18.044303968956346,16.578776752362923,17.95270886186868,22430100,MGLU3.SA
2024-03-25,17.494731903076172,17.769519065192277,16.94515941324092,17.586327012315884,16300588,MGLU3.SA
2024-03-26,16.303991317749023,17.494733338773933,16.303991317749023,17.403138222017507,16824297,MGLU3.SA
2024-03-27,16.670372009277344,16.761968951585168,15.754419095771535,16.30398974323686,14986461,MGLU3.SA
2024-03-28,16.4871826171875,16.94516001402032,16.39558750470034,16.57877772967466,10956309,MGLU3.SA
2024-04-01,16.303991317749023,16.761970570325396,16.120801084236167,16.57877850241542,4991521,MGLU3.SA
2024-04-02,15.93760871887207,16.303989136889896,15.754418509863159,16.21239403238544,7310845,MGLU3.SA
2024-04-03,15.479632377624512,15.937609764593123,15.021654990655898,15.846014654078799,16873636,MGLU3.SA
2024-04-04,16.21239471435547,16.85356414165102,15.571227121456863,15.662822229814243,16717396,MGLU3.SA
2024-04-05,15.662822723388672,16.21239522524829,15.479632500901134,16.120800114004524,9715209,MGLU3.SA
2024-04-08,16.303991317749023,16.67037361917185,15.66282366605691,15.66282366605691,10744660,MGLU3.SA
2024-04-09,16.670372009277344,16.761968951585168,16.120799527415084,16.395586685544682,7233240,MGLU3.SA
2024-04-10,16.21239471435547,16.487181873824554,15.93760938928333,16.303989822712847,9249072,MGLU3.SA
2024-04-11,15.846014976501465,16.487182597544717,15.662822917348374,16.120800313635563,10383796,MGLU3.SA
2024-04-12,15.204845428466797,15.846014880002485,15.11325031664656,15.846014880002485,9247056,MGLU3.SA
2024-04-15,14.014105796813965,15.204845960973369,13.922509764587328,15.204845960973369,19262407,MGLU3.SA
2024-04-16,13.92250919342041,14.380486584169578,13.281340662931873,13.647723859609112,25118562,MGLU3.SA
2024-04-17,13.92250919342041,14.472082612638513,13.647723859609112,14.288891472899145,13309212,MGLU3.SA
2024-04-18,13.73931884765625,14.288891344746922,13.73931884765625,13.922509068554145,10161291,MGLU3.SA
2024-04-19,14.10569953918457,14.655272927468538,13.647723091412276,13.739318197527044,12872212,MGLU3.SA
2024-04-22,14.014105796813965,14.288892059096792,13.739319534531138,14.10570091184206,11708749,MGLU3.SA
2024-04-23,13.18974494934082,14.01410458192366,13.006554735165489,13.922508557637533,14430612,MGLU3.SA
2024-04-24,13.098150253295898,13.189745363257979,12.456981731965868,13.098150253295898,14488057,MGLU3.SA
2024-04-25,12.731769561767578,12.823364676517544,12.456982383120609,12.823364676517544,10441851,MGLU3.SA
2024-04-26,13.098150253295898,13.189745363257979,12.823364006211168,12.914959116173248,9006763,MGLU3.SA
2024-04-29,13.281340599060059,13.739318904805248,12.823364127711866,13.09815037740018,10853829,MGLU3.SA
2024-04-30,12.456981658935547,13.28134039535685,12.273790522886873,13.09815017650666,11021451,MGLU3.SA
2024-05-02,13.372936248779297,13.55612738245535,12.731768656710823,12.823363764949613,13644571,MGLU3.SA
2024-05-03,14.380486488342285,14.472082516200851,13.739318879324802,13.739318879324802,18214087,MGLU3.SA
2024-05-06,14.380486488342285,14.746868765379558,14.105700239163578,14.472082516200851,10202461,MGLU3.SA
2024-05-07,14.746869087219238,15.11325045505402,14.380486802185938,14.47208283204352,8725227,MGLU3.SA
2024-05-08,15.113249778747559,15.296440913066544,14.197295024351106,14.380486158670092,8404063,MGLU3.SA
2024-05-09,15.296441078186035,15.571227324031494,14.288891204353195,14.65527347694613,17150973,MGLU3.SA
2024-05-10,14.10569953918457,16.029204105182327,14.014104433069802,15.937608999067557,26616817,MGLU3.SA
2024-05-13,14.47208309173584,14.838464466145103,14.01410568582536,14.197295914430725,12972676,MGLU3.SA
2024-05-14,14.47208309173584,15.021655611949,14.28889194593194,14.380487060234623,14513226,MGLU3.SA
2024-05-15,14.746869087219238,15.021655342394954,14.28889168952687,14.380486802185938,13447486,MGLU3.SA
2024-05-16,14.563676834106445,14.930059091200183,14.472081728432233,14.930059091200183,7116742,MGLU3.SA
2024-05-17,14.563676834106445,14.838463068327526,14.288890599885363,14.563676834106445,11956098,MGLU3.SA
2024-05-20,14.380486488342285,14.838463876039627,14.288891377682216,14.380486488342285,9446398,MGLU3.SA
2024-05-21,14.197295188903809,14.563677461788306,13.739318723595915,14.288891215724176,9558654,MGLU3.SA
2024-05-22,13.464532852172852,14.014105359592577,13.464532852172852,14.014105359592577,10961275,MGLU3.SA
2024-05-23,13.006555557250977,13.647724098985384,12.823364414298501,13.464532956032906,10827747,MGLU3.SA
2024-05-24,12.090600967407227,12.914959749058319,12.090600967407227,12.823364634607708,26854716,MGLU3.SA
2024-05-27,12.044803619384766,12.081441115482235,11.293720732809104,11.751697230215155,29375325,MGLU3.SA
2024-05-28,11.257081031799316,12.438663859914808,11.247922804574571,12.182195892482596,22421700,MGLU3.SA
2024-05-29,11.064730644226074,11.568506512920369,11.064730644226074,11.220443435603904,18793005,MGLU3.SA
2024-05-31,11.348677635192871,11.348677635192871,10.441882008043759,11.064730408701557,66939285,MGLU3.SA
2024-06-03,11.614304542541504,11.861612456201982,11.083051219166018,11.348678339453036,19264455,MGLU3.SA
2024-06-04,10.670870780944824,11.77917584240085,10.652551575317638,11.63262311458186,21970305,MGLU3.SA
2024-06-05,11.165485382080078,11.3028789622146,10.551796136462428,10.67087051143245,23710995,MGLU3.SA
2024-06-06,11.632622718811035,11.806653790550586,11.229602960320172,11.284559658133468,24033030,MGLU3.SA
2024-06-07,10.753307342529297,11.541028642081706,10.753307342529297,11.293720728231632,21333690,MGLU3.SA
2024-06-10,10.551796913146973,10.854062444812342,10.304489001020363,10.79910482527358,20937105,MGLU3.SA
2024-06-11,11.394474983215332,11.431112476330355,10.47852022856873,10.524317782861365,32563335,MGLU3.SA
2024-06-12,10.487679481506348,11.861611627750293,10.460201132084984,11.541027827172766,38086230,MGLU3.SA
2024-06-13,10.277009963989258,10.606753824818487,10.139617300109402,10.53347700365711,23818620,MGLU3.SA
2024-06-14,10.478520393371582,10.799104195660544,10.185414940650677,10.32280760568945,22218840,MGLU3.SA
2024-06-17,10.066340446472168,10.37776510100634,10.066340446472168,10.32280748531261,15482670,MGLU3.SA
2024-06-18,10.029702186584473,10.240372591307299,9.809873554906254,10.084659803103275,19125645,MGLU3.SA
2024-06-19,10.148776054382324,10.194575445786073,9.837352299857427,10.02970258960464,14105805,MGLU3.SA
2024-06-20,9.773235321044922,10.615914203615274,9.727437765048368,10.359446239077249,37093875,MGLU3.SA
2024-06-21,9.919788360595703,10.066341094684287,9.672480449846493,9.800714894722725,22920765,MGLU3.SA
2024-06-24,11.138007164001465,11.3486775672731,10.570115466013043,10.634232226244068,46898775,MGLU3.SA
2024-06-25,10.80826473236084,11.238762869055066,10.634232731579411,11.046412579221569,31519320,MGLU3.SA
2024-06-26,10.515158653259277,10.716668075862083,10.231212348739149,10.661711377515172,24993465,MGLU3.SA
2024-06-27,11.183805465698242,11.30287985002119,10.331968320429832,10.496839345463505,28903035,MGLU3.SA
2024-06-28,11.037252426147461,11.174646013290555,10.670871055763413,11.119688394993613,26971455,MGLU3.SA
2024-07-01,11.119688034057617,11.257080699542534,10.881540196897996,11.009774635428478,17323845,MGLU3.SA
2024-07-02,11.147167205810547,11.293719931396565,10.945656864180343,11.08305044569157,15875055,MGLU3.SA
2024-07-03,11.522708892822266,11.660101560358834,11.229603434772708,11.229603434772708,18199860,MGLU3.SA
2024-07-04,12.072280883789062,12.328748856055999,11.751697064953563,11.770017188542491,24654840,MGLU3.SA
2024-07-05,12.53941822052002,12.576055713033144,11.96236647775717,12.00816403129742,28601895,MGLU3.SA
2024-07-08,11.80665397644043,12.447822492878679,11.696739661884823,12.347067322370005,26115495,MGLU3.SA
2024-07-09,12.37454605102539,12.41118446273316,11.751696720787333,11.815814399875187,17745000,MGLU3.SA
2024-07-10,12.337907791137695,12.951597021779527,12.292110237943275,12.731768399566928,23397255,MGLU3.SA
2024-07-11,12.557737350463867,12.860001957862119,12.484461443324314,12.795885195165564,14165025,MGLU3.SA
2024-07-12,12.704289436340332,12.768406195778628,12.402024844302433,12.55773671231016,14906955,MGLU3.SA
2024-07-15,13.125629425048828,13.125629425048828,12.502780113658677,12.685971249455513,20010690,MGLU3.SA
2024-07-16,12.484460830688477,13.208064390926511,12.402024865952692,13.088990015819602,28411425,MGLU3.SA
2024-07-17,12.32874870300293,12.70429013634751,12.237153589386603,12.456982228945197,19599615,MGLU3.SA
2024-07-18,11.605143547058105,12.429503192944434,11.51354843849228,12.365386433508663,27876450,MGLU3.SA
2024-07-19,11.513548851013184,11.898249421411323,11.458591233585517,11.59598481855543,19862535,MGLU3.SA
2024-07-22,11.293720245361328,11.751696723000675,11.293720245361328,11.595984849011089,21931140,MGLU3.SA
2024-07-23,11.156328201293945,11.421954408087686,11.128848932371545,11.211283987543057,19626495,MGLU3.SA
2024-07-24,10.689189910888672,11.202124913222624,10.62507315024674,11.138007235382199,18457530,MGLU3.SA
2024-07-25,10.625073432922363,10.92733803867617,10.570115814967801,10.689190195270095,15267210,MGLU3.SA
2024-07-26,10.89069938659668,10.97313535311178,10.487679615410903,10.670870754022072,18989775,MGLU3.SA
2024-07-29,10.25869083404541,10.973135259623762,10.139617374581345,10.945656910085669,28160160,MGLU3.SA
2024-07-30,10.148776054382324,10.451041581583826,10.11213855909609,10.185415384065617,16552935,MGLU3.SA
2024-07-31,10.139616966247559,10.496838247452542,10.139616966247559,10.27700962560356,15227940,MGLU3.SA
2024-08-01,9.89231014251709,10.533477789521928,9.828192460618055,10.350286640149738,20804700,MGLU3.SA
2024-08-02,10.597593307495117,10.615913429195517,9.965584879570589,9.965584879570589,27257895,MGLU3.SA
2024-08-05,10.570115089416504,10.670870256817933,9.727437175147195,10.075499313372282,33601785,MGLU3.SA
2024-08-06,10.350286483764648,10.698349570592981,10.011383458725726,10.551796836749242,25576320,MGLU3.SA
2024-08-07,11.165485382080078,11.220442997573581,10.505998582150415,10.54263607528094,25173540,MGLU3.SA
2024-08-08,11.48607063293457,11.632623363894508,11.183805109405531,11.183805109405531,21979965,MGLU3.SA
2024-08-09,11.870772361755371,12.136398561345072,11.183805332503587,11.815814742599638,43202145,MGLU3.SA
2024-08-12,11.861611366271973,12.67681094165463,11.861611366271973,11.953206473789711,41530755,MGLU3.SA
2024-08-13,12.173035621643066,12.273790794559917,11.907409431551422,12.090600571654921,25403385,MGLU3.SA
2024-08-14,11.669261932373047,12.31958871020267,11.5776668182446,11.999004893554575,26805030,MGLU3.SA
2024-08-15,12.173035621643066,12.28295085602427,11.504388739884021,11.742537497178121,20585040,MGLU3.SA
2024-08-16,11.522708892822266,12.237153332168246,11.522708892822266,12.191355776322723,19720365,MGLU3.SA
2024-08-19,12.75008773803711,12.823364562946933,11.650942701978003,11.660101846492466,33966030,MGLU3.SA
2024-08-20,12.640172958374023,12.759247335924616,12.43866353159436,12.750087274544612,17052735,MGLU3.SA
2024-08-21,12.6859712600708,12.896639828195491,12.292110638797501,12.667651137557456,20823810,MGLU3.SA
2024-08-22,12.072280883789062,12.676811943076352,12.017325099014965,12.548578415542153,17026275,MGLU3.SA
2024-08-23,12.475300788879395,12.612694369385332,12.026482554132013,12.227992894287794,17788575,MGLU3.SA
2024-08-26,12.22799301147461,12.621853634354478,11.971526887615875,12.594375284869344,17104710,MGLU3.SA
2024-08-27,12.337907791137695,12.576055618067754,12.163876722119516,12.209674275313937,15401190,MGLU3.SA
2024-08-28,12.072280883789062,12.337908917850463,12.035643388206818,12.209675390316264,15821610,MGLU3.SA
2024-08-29,11.80665397644043,12.136397837305728,11.595984491376152,12.0906002826741,21252735,MGLU3.SA
2024-08-30,11.138007164001465,11.705898861989887,11.110527897332107,11.678420512519017,26457900,MGLU3.SA
2024-09-02,10.96397590637207,11.174645388942064,10.835742388042377,10.991454255386014,13851495,MGLU3.SA
2024-09-03,10.698348999023438,11.247922409474878,10.625073094615672,11.165485526568597,21533190,MGLU3.SA
2024-09-04,11.028092384338379,11.312037762771562,10.762466210513537,10.799103702531774,19044900,MGLU3.SA
2024-09-05,11.266241073608398,11.321198691646908,10.643391737966038,11.028093229838564,26079795,MGLU3.SA
2024-09-06,10.80826473236084,11.458591509665196,10.77162631985964,11.24792293077963,18652410,MGLU3.SA
2024-09-09,10.551796913146973,10.89069994063964,10.551796913146973,10.826583176443691,12805905,MGLU3.SA
2024-09-10,10.377765655517578,10.542636677011297,10.286170541665676,10.441882418653616,13026300,MGLU3.SA
2024-09-11,10.322808265686035,10.551796972589713,10.222053087896649,10.478521063323782,16004730,MGLU3.SA
2024-09-12,10.231212615966797,10.359446138390208,10.139617504863931,10.359446138390208,13165320,MGLU3.SA
2024-09-13,10.625073432922363,10.936497183069338,10.2953286423935,10.313648765576872,18622590,MGLU3.SA
2024-09-16,10.70750904083252,10.8265824999282,10.478520349527537,10.588434664538353,11519865,MGLU3.SA
2024-09-17,10.881540298461914,10.899859504137252,10.524318080789069,10.62507325340418,13852230,MGLU3.SA
2024-09-18,10.551796913146973,11.183805410449278,10.551796913146973,10.753307267590552,22646925,MGLU3.SA
2024-09-19,10.222052574157715,10.7899442819222,10.203733368462279,10.707509232090494,21187530,MGLU3.SA
2024-09-20,9.48012924194336,10.212892841554464,9.48012924194336,10.203732780635196,35610225,MGLU3.SA
2024-09-23,9.177865028381348,9.498448829510941,9.095428145578323,9.361055247770551,22482705,MGLU3.SA
2024-09-24,9.333575248718262,9.461809676306313,9.177864308214522,9.425172185622428,16186695,MGLU3.SA
2024-09-25,9.159546852111816,9.461811481823347,9.012993192617026,9.406854776711391,21502530,MGLU3.SA
2024-09-26,8.976354598999023,9.461810326610093,8.94887533259946,9.23282255460358,23224425,MGLU3.SA
2024-09-27,9.159546852111816,9.507609041816174,8.976355694941919,8.976355694941919,24109680,MGLU3.SA
2024-09-30,8.884759902954102,9.214502860281376,8.674089491963771,9.15954615932609,26500530,MGLU3.SA
2024-10-01,8.903077125549316,9.09542739025345,8.793162819603872,8.958034737121245,22765155,MGLU3.SA
2024-10-02,9.022151947021484,9.269459835769604,8.921396779324274,9.003832742240313,26206005,MGLU3.SA
2024-10-03,8.912238121032715,9.077110055846298,8.637451868742913,8.838962215114737,25796820,MGLU3.SA
2024-10-04,8.857280731201172,8.948875845250958,8.710727998402394,8.848121586675605,18685695,MGLU3.SA
2024-10-07,8.71072769165039,9.095428257750337,8.591654231018598,8.985514858520064,25405800,MGLU3.SA
2024-10-08,8.765685081481934,8.820641779673998,8.66492991186518,8.729046671221573,19517820,MGLU3.SA
2024-10-09,8.463420867919922,8.719886999604233,8.463420867919922,8.674089443332088,18004035,MGLU3.SA
2024-10-10,8.435941696166992,8.536696871428646,8.307708170269805,8.518377665272116,18369540,MGLU3.SA
2024-10-11,8.655771255493164,8.67408954445677,8.179473729674807,8.445101760426446,29925105,MGLU3.SA
2024-10-14,8.976354598999023,9.214502432204885,8.51837722058904,8.619131473392516,25906650,MGLU3.SA
2024-10-15,8.884759902954102,9.132067808848449,8.802323017124131,9.067950129069747,17224620,MGLU3.SA
2024-10-16,8.976354598999023,9.132067384601626,8.774844258995119,8.838961935795115,22507065,MGLU3.SA
2024-10-17,8.765685081481934,8.9122378053249,8.765685081481934,8.884759456228867,15796515,MGLU3.SA
2024-10-18,8.609972953796387,8.90307842385923,8.573334540738895,8.829802514942791,25355925,MGLU3.SA
2024-10-21,8.857280731201172,8.967195051500621,8.655771296851935,8.655771296851935,24262455,MGLU3.SA
2024-10-22,8.518377304077148,8.985514748264865,8.380983722328175,8.765685200906207,32968950,MGLU3.SA
2024-10-23,8.38098430633545,8.536697104314628,8.298548334981426,8.390144368262868,21991935,MGLU3.SA
2024-10-24,8.683249473571777,8.710727823796205,8.3168681075182,8.408463219731967,26403195,MGLU3.SA
2024-10-25,8.362665176391602,8.719886460091931,8.362665176391602,8.664929762845016,21516075,MGLU3.SA
2024-10-28,8.674089431762695,8.793163811670265,8.490899206918451,8.500058351281258,22672335,MGLU3.SA
2024-10-29,8.45426082611084,8.719887019989674,8.380984002145288,8.655771174817591,18714255,MGLU3.SA
2024-10-30,8.793163299560547,8.866439201790987,8.399302688126353,8.472578590356793,26669475,MGLU3.SA
2024-10-31,8.66493034362793,8.857280631281686,8.609972725498919,8.71988704455842,14264145,MGLU3.SA
2024-11-01,8.115357398986816,8.784004256557465,8.042080578716813,8.784004256557465,30144345,MGLU3.SA
2024-11-04,8.958036422729492,9.049631542052822,8.371824540585,8.371824540585,47535915,MGLU3.SA
2024-11-05,9.141225814819336,9.177865143233564,8.619131665189922,8.838962132484305,39009705,MGLU3.SA
2024-11-06,8.912238121032715,9.086270117335111,8.738207041928826,8.921397265323023,30775185,MGLU3.SA
2024-11-07,8.591653823852539,9.25114060837,8.573333701917702,8.985514432688603,41591550,MGLU3.SA
2024-11-08,8.793163299560547,9.086269660077694,8.307707581038686,8.912237672533282,63494445,MGLU3.SA
2024-11-11,8.609972953796387,8.765685750691453,8.445101929434763,8.701568986440115,34669740,MGLU3.SA
2024-11-12,8.45426082611084,8.78400469955879,8.45426082611084,8.646611113222638,31031070,MGLU3.SA
2024-11-13,8.481739044189453,8.738207006869647,8.271070471571067,8.518377455600696,36576540,MGLU3.SA
2024-11-14,8.24359130859375,8.74736626167015,8.2252711854581,8.48173915137947,37458330,MGLU3.SA
2024-11-18,8.45426082611084,8.664930319214026,8.243591333007654,8.335186445766077,30709980,MGLU3.SA
2024-11-19,8.591653823852539,8.619131255159429,8.335185874741653,8.500057800170632,22281735,MGLU3.SA
2024-11-21,8.37182331085205,8.527536091467438,8.344345879729497,8.445101046504433,30852465,MGLU3.SA
2024-11-22,8.628291130065918,8.637451190835808,8.35350489934261,8.472578351763701,25803120,MGLU3.SA
2024-11-25,9.168704986572266,9.168704986572266,8.609972431532064,8.637451698257616,23452485,MGLU3.SA
2024-11-26,9.745757102966309,9.837352216200763,9.095428497087,9.113747703173594,38195010,MGLU3.SA
2024-11-27,8.829801559448242,9.846511449982414,8.829801559448242,9.764074570924484,41498730,MGLU3.SA
2024-11-28,8.234431266784668,8.967194920035766,8.115357803705345,8.820642189385547,32984280,MGLU3.SA
2024-11-29,8.27107048034668,8.445101558936974,7.96880496168098,8.24359121315984,40005840,MGLU3.SA
2024-12-02,8.42678165435791,8.609972799156612,8.115357900558205,8.252750571258334,25693500,MGLU3.SA
2024-12-03,8.52753734588623,8.619132465229036,8.390144666872022,8.500058993523105,24875130,MGLU3.SA
2024-12-04,8.463420867919922,8.701568710854188,8.463420867919922,8.555015980464212,23444820,MGLU3.SA
2024-12-05,8.417621612548828,8.857279762879557,8.417621612548828,8.609971881343816,27113625,MGLU3.SA
2024-12-06,7.82225227355957,8.555015920361456,7.767294656099988,8.417622335311755,35404530,MGLU3.SA
2024-12-09,7.7489752769470215,8.161155105677762,7.712336866126846,7.886368858923431,32123490,MGLU3.SA
2024-12-10,7.987123012542725,8.04208062808258,7.6299012631290966,7.950485519381298,29508150,MGLU3.SA
2024-12-11,8.435941696166992,8.729047160274426,7.968805149370309,8.060400262954435,39928770,MGLU3.SA
2024-12-12,7.675699234008789,8.188633796687647,7.61158247099884,8.151995384339525,40498290,MGLU3.SA
2024-12-13,7.51082706451416,7.877209800923087,7.501668378907492,7.684859059213081,25468380,MGLU3.SA
2024-12-16,7.1078081130981445,7.574944669746076,7.071168782813886,7.556625004603947,25782015,MGLU3.SA
2024-12-17,6.842180252075195,7.20856253336252,6.805542299106015,7.190243327578303,41089230,MGLU3.SA
2024-12-18,6.155214786529541,6.732266072448104,6.063618303372783,6.640669589291345,40113045,MGLU3.SA
2024-12-19,6.530755996704102,6.530755996704102,6.155215032600399,6.182693382466945,39780615,MGLU3.SA
2024-12-20,6.68646764755249,6.9520947447983215,6.3933626599489015,6.512436575494085,39482100,MGLU3.SA
2024-12-23,6.393362998962402,6.658989651694077,6.35672412834539,6.594872430663009,22584240,MGLU3.SA
2024-12-26,5.98118257522583,6.484957939893756,5.972022973111954,6.439160387923588,30030000,MGLU3.SA
2024-12-27,5.962864398956299,6.164373830305681,5.752194447419925,6.100257526584884,33883500,MGLU3.SA
2024-12-30,5.953704357147217,6.219330989837776,5.871267936326971,5.990342307801434,25178895,MGLU3.SA
2025-01-02,5.88958740234375,6.017820923223574,5.724715470584407,5.953704621382908,29886990,MGLU3.SA
2025-01-03,5.733875274658203,6.008662448705679,5.633120099800598,5.889587609165746,21285600,MGLU3.SA
2025-01-06,6.091097831726074,6.1277357845281095,5.83463032771482,5.871268280516856,32892720,MGLU3.SA
2025-01-07,6.045300483703613,6.237650774369015,5.990342864714127,6.155215263083319,22956255,MGLU3.SA
2025-01-08,5.651439666748047,5.935385521728031,5.559844096516011,5.91706585736252,27441855,MGLU3.SA
2025-01-09,5.504886627197266,5.651439818667656,5.404131909972908,5.6148018647495075,25137630,MGLU3.SA
2025-01-10,5.523205757141113,5.6239609232067505,5.404131386590956,5.514046154898853,19073040,MGLU3.SA
2025-01-13,5.321695804595947,5.569003706979287,5.285057851612816,5.559844104083691,17932110,MGLU3.SA
2025-01-14,5.413290977478027,5.422450579701073,5.230100308814763,5.367493424962016,26096805,MGLU3.SA
2025-01-15,5.834630489349365,5.889587649374501,5.495727008895953,5.5048866120000195,34238610,MGLU3.SA
2025-01-16,5.440769672393799,5.807151950275421,5.422450925379117,5.752194333433628,30684045,MGLU3.SA
2025-01-17,5.550684452056885,5.614801671758533,5.404131724223045,5.504886437984278,24618720,MGLU3.SA
2025-01-20,5.596481800079346,5.6972369687050275,5.3583335115272455,5.504886233928656,18469395,MGLU3.SA
2025-01-21,5.642279624938965,5.724715592575307,5.54152445147249,5.596482068962888,17863125,MGLU3.SA
2025-01-22,5.834630489349365,5.962864474207035,5.596482184441423,5.715556566195026,23871855,MGLU3.SA
2025-01-23,5.761354446411133,5.9353855255035235,5.651439670342922,5.834630352324268,19196625,MGLU3.SA
2025-01-24,5.834630489349365,6.03614038184104,5.788832473829031,5.797992535532362,15180375,MGLU3.SA
2025-01-27,6.420841217041016,6.448319566888735,5.7705140031219235,5.816311558600955,28981995,MGLU3.SA
2025-01-28,6.191853046417236,6.448319634967013,6.191853046417236,6.3933629346913685,19353285,MGLU3.SA
2025-01-29,6.036140441894531,6.283448352367003,5.917066058956258,6.255969542781417,21692580,MGLU3.SA
2025-01-30,6.658989429473877,6.796382552756924,6.146055347136763,6.146055347136763,33369210,MGLU3.SA
2025-01-31,6.8330206871032715,6.924616716532673,6.594872386384596,6.695627560157681,27166020,MGLU3.SA
2025-02-03,6.613191604614258,6.704786710664346,6.484958089264753,6.704786710664346,24056340,MGLU3.SA
2025-02-04,6.631511211395264,6.6864679114784815,6.237650580539173,6.549074785472677,30244725,MGLU3.SA
2025-02-05,6.301766872406006,6.6040319325262224,6.283448125276941,6.6040319325262224,21965685,MGLU3.SA
2025-02-06,6.768904209136963,6.796382558657884,6.329246030809781,6.329246030809781,28730310,MGLU3.SA
2025-02-07,6.475799083709717,6.823862169732618,6.375043907450571,6.723106993473473,32135880,MGLU3.SA
2025-02-10,6.649829864501953,6.842180146469643,6.539916007290876,6.558234295593853,21918015,MGLU3.SA
2025-02-11,6.658989429473877,6.842180107651525,6.4849583539949975,6.640669765477095,27440070,MGLU3.SA
2025-02-12,6.494117259979248,6.594872434487236,6.375043796650279,6.512436924598007,25194330,MGLU3.SA
2025-02-13,6.420841217041016,6.558234342077359,6.3933628671932965,6.457479169704391,25699590,MGLU3.SA
2025-02-14,6.759744644165039,6.906297371092199,6.411681573763601,6.55823430069076,37153830,MGLU3.SA
2025-02-17,7.290998458862305,7.345955617299648,6.796382657128463,6.796382657128463,40265610,MGLU3.SA
2025-02-18,7.0345306396484375,7.391753323255681,6.979573480093192,7.245200592042187,41769420,MGLU3.SA
2025-02-19,6.823861598968506,7.089487775654011,6.823861598968506,6.878817837587712,19883955,MGLU3.SA
2025-02-20,6.750584602355957,6.988732898952021,6.704787047033319,6.942935343629383,22409205,MGLU3.SA
2025-02-21,6.668148994445801,6.842180068940053,6.558234221281689,6.750584501069833,28604835,MGLU3.SA
2025-02-24,6.292608261108398,6.833020709087238,6.201012689983561,6.823862023313343,32060490,MGLU3.SA
2025-02-25,6.759744644165039,6.842180151787225,6.292608113709248,6.320086004784314,38796345,MGLU3.SA
2025-02-26,6.741425037384033,6.915457032664093,6.558234356466722,6.915457032664093,24038070,MGLU3.SA
2025-02-27,6.695627212524414,6.87881788607429,6.62235130998385,6.741424766262075,22567020,MGLU3.SA
2025-02-28,6.549074649810791,6.878818053674346,6.411681526651039,6.613191868644636,31235505,MGLU3.SA
2025-03-05,6.668148994445801,6.704786946434344,6.439160762669113,6.521596269293146,11439960,MGLU3.SA
2025-03-06,6.512436866760254,6.604031978845765,6.301766916605514,6.484958516574303,36697080,MGLU3.SA
2025-03-07,7.199402809143066,7.208562411880814,6.365884004599792,6.47579877885351,42929040,MGLU3.SA
2025-03-10,7.556624412536621,7.776454415227777,7.0162119892575365,7.0162119892575365,41209455,MGLU3.SA
2025-03-11,7.60242223739624,7.96880497679452,7.446710822834936,7.5291463315555385,37232685,MGLU3.SA
2025-03-12,7.858889579772949,8.042080716385447,7.611582141525093,7.611582141525093,23080260,MGLU3.SA
2025-03-13,7.7489752769470215,8.060399934521527,7.547465851833039,7.923007269743606,25050270,MGLU3.SA
2025-03-14,8.793163299560547,9.205343115851967,7.721496694401317,7.8222518625168265,68990040,MGLU3.SA
2025-03-17,9.287778854370117,9.562566030517031,8.683249635002788,8.793163955142436,40030620,MGLU3.SA
2025-03-18,9.187024116516113,9.48013051285295,9.187024116516113,9.25114179995127,27941865,MGLU3.SA
2025-03-19,9.553406715393066,9.73659693995476,9.132067731383554,9.187023514674143,36316980,MGLU3.SA
2025-03-20,9.498449325561523,9.690799616284654,9.406854211083424,9.571725233704296,18864195,MGLU3.SA
2025-03-21,9.251140594482422,9.535085974473947,9.232822306971995,9.480129277545757,31040415,MGLU3.SA
2025-03-24,9.351896286010742,9.388533780283797,9.113747528644105,9.296938668803401,24540075,MGLU3.SA
2025-03-25,9.580883979797363,10.29532841116822,9.516768136088142,9.690799213237877,60765390,MGLU3.SA
2025-03-26,9.608363151550293,9.837351843151305,9.443491220221686,9.690799117214597,28995015,MGLU3.SA
2025-03-27,9.956425666809082,10.496839035454698,9.434331504225852,9.599204358787343,40345935,MGLU3.SA
2025-03-28,9.672480583190918,9.928947642081948,9.342736697646135,9.88315008402263,32397960,MGLU3.SA
2025-03-31,9.2969388961792,9.745757154686327,9.232823050333641,9.562566010046714,30495675,MGLU3.SA
2025-04-01,9.571724891662598,9.718277619909676,9.296938640849138,9.33357613501203,26700450,MGLU3.SA
2025-04-02,10.249530792236328,10.267850914894568,9.498448871577537,9.553406487956787,39647580,MGLU3.SA
2025-04-03,10.80826473236084,10.854062289388072,10.203733677686655,10.222052883937254,34625745,MGLU3.SA
2025-04-04,9.919788360595703,10.524318503360927,9.837352390345966,10.386925831077058,42220815,MGLU3.SA
2025-04-07,9.287778854370117,9.965585815828094,9.205343802164279,9.535086762583223,56328930,MGLU3.SA
2025-04-08,8.042080879211426,9.5442465788906,7.996283323430672,9.516768228861848,56292285,MGLU3.SA
2025-04-09,8.948875427246094,9.04047145421593,7.767294475522339,7.932166406869559,56130060,MGLU3.SA
2025-04-10,9.351896286010742,9.608363331914656,8.774844515528432,8.884759749943115,43742055,MGLU3.SA
2025-04-11,9.590044021606445,9.654161699581772,9.187023334210936,9.47097056142004,28795725,MGLU3.SA
2025-04-14,9.608363151550293,10.084659740144215,9.306098555580173,9.901468603423709,28517895,MGLU3.SA
2025-04-15,9.571724891662598,9.873990409596354,9.379374607813027,9.617523364463592,24270750,MGLU3.SA
2025-04-16,9.48012924194336,9.709117924146733,9.36105487038204,9.489288385664176,21185430,MGLU3.SA
2025-04-17,9.34273624420166,9.599204207843712,9.306098749851516,9.53508652903432,28199640,MGLU3.SA
2025-04-22,9.287778854370117,9.562566030517031,8.976355100174203,9.333576411328426,27106800,MGLU3.SA
2025-04-23,8.73820686340332,9.645001569153292,8.710727596696799,9.49844884311297,36383025,MGLU3.SA
2025-04-24,9.681638717651367,9.681638717651367,8.774844044225134,8.80232239275367,39585210,MGLU3.SA
2025-04-25,9.571724891662598,9.800714504072067,9.470970636216514,9.782394381192868,20091540,MGLU3.SA
2025-04-28,9.43508243560791,9.850225805791895,9.321860743457178,9.680394212355363,24289965,MGLU3.SA
2025-04-29,9.416211128234863,10.020057313503996,9.36903589597044,9.519997206090332,35508375,MGLU3.SA
2025-04-30,8.793496131896973,9.510563029408818,8.746320901879235,9.472821522689308,27377700,MGLU3.SA
2025-05-02,8.80293083190918,8.94445746726516,8.642534860309285,8.87841101125339,15879465,MGLU3.SA
2025-05-05,8.359482765197754,8.906717151118714,8.331176870471303,8.802931074963995,20914215,MGLU3.SA
2025-05-06,8.246260643005371,8.557618855125602,8.151910184975328,8.491573345546675,18405240,MGLU3.SA
2025-05-07,8.057559967041016,8.340612294354912,7.991513510704569,8.331176681397052,15524355,MGLU3.SA
2025-05-08,8.510443687438965,8.831235624968615,8.236826034474792,8.331176493184747,24839115,MGLU3.SA
2025-05-09,7.916033744812012,8.387787462713,7.463149363108081,8.350046900739857,51607500,MGLU3.SA
2025-05-12,8.284001350402832,8.510443776378494,8.038689588319583,8.10473509906467,25225725,MGLU3.SA
2025-05-13,8.642535209655762,8.878411370134396,8.057560253131728,8.321742308699442,40216260,MGLU3.SA
2025-05-14,8.82180118560791,8.935021927951585,8.40665783382142,8.585924087931366,31186785,MGLU3.SA
2025-05-15,9.152029991149902,9.284120074250508,8.784060913012167,8.784060913012167,33717180,MGLU3.SA
2025-05-16,9.227509498596191,9.236944166416944,8.878410727807077,8.963327462141283,20626935,MGLU3.SA
2025-05-19,9.340730667114258,9.595478047495376,9.085983286733141,9.161464411937708,34666380,MGLU3.SA
2025-05-20,9.05767822265625,9.302990931679973,8.887846637882756,9.218074194503707,21422415,MGLU3.SA
2025-05-21,8.689709663391113,8.982196643059517,8.604793875309117,8.982196643059517,21280455,MGLU3.SA
2025-05-22,8.93502140045166,9.510562580759856,8.680274036625857,8.680274036625857,41244735,MGLU3.SA
2025-05-23,8.491573333740234,8.708580142739208,8.30287147315302,8.614229684840348,45123015,MGLU3.SA
2025-05-26,8.529313087463379,8.746320844748606,8.46326852170156,8.68027438940777,17258220,MGLU3.SA
2025-05-27,8.812366485595703,9.22750983588353,8.670839849584876,8.878411052334028,31090710,MGLU3.SA
2025-05-28,9.010502815246582,9.218074013274785,8.708580213760557,8.736885162403153,42432390,MGLU3.SA
2025-05-29,8.567054748535156,9.104854455466386,8.567054748535156,9.019937717751429,32360160,MGLU3.SA
2025-05-30,8.699145317077637,8.802930440968103,8.510443459913148,8.680274092092764,29169210,MGLU3.SA
2025-06-02,9.001068115234375,9.331295664186749,8.840671202322154,8.916152324819551,29642025,MGLU3.SA
2025-06-03,9.670958518981934,9.708700027509673,8.89728263108661,8.982197482313174,41178690,MGLU3.SA
2025-06-04,9.472821235656738,9.850224953942083,8.87841071003364,9.75587449676549,58939545,MGLU3.SA
2025-06-05,9.491691589355469,9.840790362141865,9.397341131450196,9.538866818308106,49583520,MGLU3.SA
2025-06-06,8.963327407836914,9.859659581746916,8.963327407836914,9.60491315944563,45597720,MGLU3.SA
2025-06-09,8.944457054138184,9.123723298491553,8.802930425319042,8.897281826128294,27079815,MGLU3.SA
2025-06-10,8.963327407836914,9.397341020751785,8.878410674017177,9.18033421429435,37953405,MGLU3.SA
2025-06-11,9.001068115234375,9.1992046446058,8.840671202322154,9.001068115234375,28747215,MGLU3.SA
2025-06-12,9.07654857635498,9.13315847520616,8.736885404089795,8.878411096007271,25304580,MGLU3.SA
2025-06-13,8.434962272644043,8.812365983998184,8.434962272644043,8.79349570395153,50894655,MGLU3.SA
2025-06-16,9.001068115234375,9.067112680235352,8.623663447536883,8.633099060243806,35399280,MGLU3.SA
2025-06-17,8.80293083190918,8.963327748298592,8.661405141342717,8.89728223707634,23528925,MGLU3.SA
2025-06-18,8.82180118560791,8.982197158528988,8.736885392652773,8.82180118560791,24045105,MGLU3.SA
2025-06-20,8.35004711151123,8.670840006801352,8.302871880248764,8.670840006801352,28290150,MGLU3.SA
2025-06-23,8.406658172607422,8.44439873650609,8.076429655678426,8.397222559237973,37725345,MGLU3.SA
2025-06-24,8.58592414855957,8.982197221955415,8.510443968060637,8.557619198971162,30730560,MGLU3.SA
2025-06-25,8.614230155944824,8.699145950613564,8.491573798136745,8.633099492724948,24805620,MGLU3.SA
2025-06-26,8.887846946716309,8.991633023771955,8.661405455676308,8.802931151378921,28136850,MGLU3.SA
2025-06-27,8.774625778198242,8.906716799068795,8.633099144528646,8.802930727016358,22057560,MGLU3.SA
2025-06-30,9.29355525970459,9.397341332494458,8.680274435831462,8.727449665793353,37561860,MGLU3.SA
2025-07-01,9.16146469116211,9.369035902221992,9.02937366281776,9.218074592001368,18460050,MGLU3.SA
2025-07-02,8.557619094848633,9.236944490231648,8.519879477453118,9.180334591743618,26958645,MGLU3.SA
2025-07-03,8.6708402633667,8.859542138789685,8.60479474868709,8.765191673472975,26035695,MGLU3.SA
2025-07-04,8.727449417114258,8.736885029711486,8.585923731261202,8.585923731261202,16310595,MGLU3.SA
2025-07-07,8.595359802246094,8.793496339880617,8.491573726878618,8.708580545924459,17286990,MGLU3.SA
2025-07-08,8.397222518920898,8.736885702798975,8.312307667740939,8.651969906829455,22664355,MGLU3.SA
2025-07-09,8.066994667053223,8.491573632094822,8.000949155245587,8.491573632094822,20102670,MGLU3.SA
2025-07-10,7.8688578605651855,7.934903370097695,7.670721331967656,7.774507402601455,27701730,MGLU3.SA
2025-07-11,7.585805416107178,7.774507757841235,7.472585144814188,7.774507757841235,25093320,MGLU3.SA
2025-07-14,7.500889301300049,7.557500143117218,7.368798754244233,7.557500143117218,19896135,MGLU3.SA
2025-07-15,7.595240592956543,7.774507794837225,7.482019376335239,7.736766759437096,24724665,MGLU3.SA
2025-07-16,7.651850700378418,7.708461542928184,7.425409219758372,7.604675470648368,21844725,MGLU3.SA
2025-07-17,7.736766815185547,7.765072710038298,7.566935697622002,7.680155970269591,22185345,MGLU3.SA
2025-07-18,7.434844017028809,7.680155782763043,7.387668314083946,7.595240462251815,24625335,MGLU3.SA
2025-07-21,7.170661926269531,7.529195376879078,7.161226785738253,7.491454342359204,21647010,MGLU3.SA
2025-07-22,7.0763115882873535,7.283882321596203,7.000830462730012,7.227272894612501,22623300,MGLU3.SA
2025-07-23,7.359364032745361,7.453714496353741,6.9725256202877235,7.010265711252121,20511330,MGLU3.SA
2025-07-24,7.114051342010498,7.293317589541401,7.048005360273342,7.2650126411916505,16325925,MGLU3.SA
2025-07-25,7.0763115882873535,7.161226909749827,6.925350281962206,7.114051678671256,16280145,MGLU3.SA
2025-07-28,6.774388790130615,7.123486624299962,6.76495317729956,7.057440641245858,16992360,MGLU3.SA
2025-07-29,6.585687160491943,6.840433599361353,6.557381738176025,6.840433599361353,22201725,MGLU3.SA
2025-07-30,6.925350189208984,7.057440739980902,6.529076647314187,6.547945983661265,29697360,MGLU3.SA
2025-07-31,6.661167144775391,6.746082936815731,6.576251825129807,6.680037898155725,21455490,MGLU3.SA
2025-08-01,6.812129020690918,6.981960607275288,6.774388930558149,6.85930425145557,26666745,MGLU3.SA
2025-08-04,6.774388790130615,6.963090181672362,6.727213087949113,6.897044198618258,15100470,MGLU3.SA
2025-08-05,6.793258190155029,6.887609123011355,6.698907257298704,6.774388853894331,15683955,MGLU3.SA
2025-08-06,6.925350189208984,7.019700650102463,6.802693361821083,6.849869064662584,14000910,MGLU3.SA
2025-08-07,7.000830173492432,7.057440542926827,6.8687391540139275,6.953654471968146,18451335,MGLU3.SA
2025-08-08,6.64229679107666,6.944219393961724,6.557381472360644,6.944219393961724,34780410,MGLU3.SA
2025-08-11,6.623426914215088,6.953654462459799,6.547945791879442,6.547945791879442,28940520,MGLU3.SA
2025-08-12,6.632862567901611,6.887608995385344,6.613991814806306,6.793258064277323,21292005,MGLU3.SA
2025-08-13,6.349809646606445,6.651732264613072,6.321504696415059,6.613992173559632,21171150,MGLU3.SA
2025-08-14,6.302634239196777,6.359244610398034,6.161108074996253,6.293198626202678,19710600,MGLU3.SA
2025-08-15,6.246023178100586,6.302634019725293,6.151672720182234,6.28376421157847,13254045,MGLU3.SA
2025-08-18,6.519641399383545,6.5951215778974515,6.246023272198178,6.246023272198178,17826795,MGLU3.SA
2025-08-19,6.472465991973877,6.547946173923972,6.340375437363824,6.359244774259185,17640105,MGLU3.SA
2025-08-20,6.302634239196777,6.538511809390667,6.255458536200094,6.538511809390667,20240430,MGLU3.SA
2025-08-21,6.302634239196777,6.48190143818941,6.246023395600758,6.264894149194194,15171030,MGLU3.SA
2025-08-22,6.5102057456970215,6.651731906212745,6.3309399685560726,6.378115197929731,24534090,MGLU3.SA
2025-08-25,6.717778205871582,6.830999423066804,6.538511947871742,6.566816897874467,16645755,MGLU3.SA
2025-08-26,6.604557037353516,6.830999473412895,6.585687228010881,6.670603023434454,16930935,MGLU3.SA
2025-08-27,6.774388790130615,6.774388790130615,6.491335521831109,6.5762517857578136,18623850,MGLU3.SA
2025-08-28,7.397103786468506,7.519760139399016,6.793258107015099,6.793258107015099,45803730,MGLU3.SA
2025-08-29,7.727332592010498,7.925469131335989,7.2461423014943405,7.331059040964744,30910530,MGLU3.SA
2025-09-01,7.8122477531433105,8.368918213676217,7.736766628410907,7.774507663171871,30854040,MGLU3.SA
2025-09-02,7.689590930938721,7.963209535894117,7.62354636393504,7.727332438121372,15819615,MGLU3.SA
2025-09-03,7.755636692047119,7.934903413468593,7.632980340192256,7.736766411393332,16418640,MGLU3.SA
2025-09-04,8.161346435546875,8.199086054834943,7.699026887569755,7.84998819909073,26548620,MGLU3.SA
2025-09-05,8.746320724487305,8.746320724487305,8.246260651030823,8.378351670317235,32295480,MGLU3.SA
2025-09-08,8.406658172607422,8.868976773602627,8.331177044810087,8.821801541124074,29259930,MGLU3.SA
2025-09-09,8.416093826293945,8.604794757112122,8.33117708472037,8.491574009663303,19192110,MGLU3.SA
2025-09-10,8.727449417114258,8.972762117589397,8.444398045408148,8.491573274025832,32090415,MGLU3.SA
2025-09-11,9.43508243560791,9.43508243560791,8.774626343886904,8.821801576554925,38184930,MGLU3.SA
2025-09-12,9.29355525970459,9.538867022380133,9.18976918691472,9.302990872570676,20654025,MGLU3.SA
2025-09-15,9.982316017150879,10.227627773795612,9.416210437156936,9.45395194290392,28773570,MGLU3.SA
2025-09-16,10.133277893066406,10.482375739823214,9.76530976475659,10.227628356041908,36285480,MGLU3.SA
2025-09-17,10.671077728271484,11.444753611741652,10.13327800484191,10.171018568364227,52012695,MGLU3.SA
2025-09-18,10.595597267150879,10.803168471481447,10.510680529065812,10.661641834392375,20073480,MGLU3.SA
2025-09-19,10.482375144958496,10.699382898108347,10.293674229716089,10.661641392354579,17667300,MGLU3.SA
2025-09-22,10.227627754211426,10.510680071271654,10.142712909403896,10.30310887598188,15566775,MGLU3.SA
2025-09-23,10.378589630126953,10.765428038739296,10.142713473450685,10.388025243267728,26995920,MGLU3.SA
2025-09-24,10.265368461608887,10.680512747692548,10.265368461608887,10.42576537526562,21153720,MGLU3.SA
2025-09-25,10.3974609375,10.973000275942084,10.180453171044181,10.265368966025726,37707600,MGLU3.SA
2025-09-26,10.557855606079102,10.784298033166046,10.397460579640398,10.529550656989302,24341625,MGLU3.SA
2025-09-29,10.02005672454834,11.322097593505395,10.02005672454834,10.925824532028772,42088620,MGLU3.SA
2025-09-30,9.05767822265625,10.33141416366794,9.019937660531136,10.255933039417712,53095350,MGLU3.SA
2025-10-01,9.05767822265625,9.123723733980441,8.633099260722513,9.114289065843922,46123455,MGLU3.SA
2025-10-02,8.642535209655762,9.189769602587392,8.585924364267155,9.104854751688817,22836450,MGLU3.SA
2025-10-03,8.633099555969238,8.80293114655087,8.368918446427164,8.585924324094242,34357575,MGLU3.SA
2025-10-06,8.453832626342773,8.699145324297035,8.3500465575767,8.633098871163599,21915600,MGLU3.SA
2025-10-07,8.472702026367188,8.472702026367188,8.180215042839338,8.312307005323913,21778680,MGLU3.SA
2025-10-08,8.576488494873047,8.661405232815047,8.293436165961314,8.58592410788417,28115955,MGLU3.SA
2025-10-09,8.463268280029297,8.661404806025406,8.35948221075815,8.60479396511674,19640250,MGLU3.SA
2025-10-10,8.312307357788086,8.633099303056044,8.208521283829853,8.538748842070119,20879565,MGLU3.SA
2025-10-13,8.114171028137207,8.548183726526958,8.114171028137207,8.491573826418946,19664505,MGLU3.SA
2025-10-14,8.284001350402832,8.30287163129993,7.9820787456282885,8.048124256373375,14808465,MGLU3.SA
2025-10-15,8.406658172607422,8.604794715891082,8.227390966483533,8.246261248432866,23188515,MGLU3.SA
2025-10-16,7.736766815185547,8.35948280249764,7.651851020206387,8.35948280249764,40883535,MGLU3.SA
2025-10-17,7.925468921661377,7.972644151949453,7.519760240562789,7.632980509817315,28614600,MGLU3.SA
2025-10-20,7.8688578605651855,8.07642905704329,7.8688578605651855,8.029253828061425,12841500,MGLU3.SA
2025-10-21,7.887727737426758,8.038689510752114,7.802812418998699,7.840552508033975,13804140,MGLU3.SA
2025-10-22,7.8688578605651855,7.963209263318409,7.812247491307998,7.963209263318409,13535340,MGLU3.SA
2025-10-23,7.425409317016602,8.048124341667577,7.095180815001887,8.000949111319624,50576925,MGLU3.SA
2025-10-24,7.623546123504639,7.755636670530435,7.5008892995953165,7.585805089907022,23449125,MGLU3.SA
2025-10-27,8.038689613342285,8.08586484333712,7.7839417652280005,7.7839417652280005,22558830,MGLU3.SA
2025-10-28,8.170781135559082,8.227391037103432,7.87829318001818,8.029254492119065,11424210,MGLU3.SA
2025-10-29,8.048124313354492,8.32174197111537,8.029254032323792,8.180215335779877,13356210,MGLU3.SA
2025-10-30,8.019819259643555,8.151910280346781,7.783941694624609,7.859422817763313,15100050,MGLU3.SA
2025-10-31,7.991513252258301,8.114170548006587,7.812247476935955,8.095299322701166,14380065,MGLU3.SA
2025-11-03,7.8688578605651855,8.114170562934072,7.821682631583321,8.010384492300274,11489310,MGLU3.SA
2025-11-04,7.906598091125488,7.925468844409443,7.736766507912199,7.783941737740443,7011585,MGLU3.SA
2025-11-05,8.246260643005371,8.246260643005371,7.793376743840075,7.906597954828773,15467235,MGLU3.SA
2025-11-06,7.538629531860352,8.161345969189222,7.519760195689337,8.151910356314202,21751275,MGLU3.SA
2025-11-07,7.6801557540893555,7.972644166465978,7.519760254254706,7.576370625182425,27718425,MGLU3.SA
2025-11-10,7.944338321685791,8.01038477836644,7.623546375237217,7.8311171067333225,16046625,MGLU3.SA
2025-11-11,8.576488494873047,8.699145795280485,8.0292541182823,8.0292541182823,29114505,MGLU3.SA
2025-11-12,8.633099555969238,8.661405450925878,8.340612551470524,8.538749092219245,15031275,MGLU3.SA
2025-11-13,8.54818344116211,8.80293081751254,8.434962699936202,8.63309923327892,15416205,MGLU3.SA
2025-11-14,9.048243522644043,9.180334544827085,8.463268590923635,8.491573540022996,25073685,MGLU3.SA
2025-11-17,8.614230155944824,9.180334823876729,8.585924261195547,9.133158647557783,17720430,MGLU3.SA
2025-11-18,8.93502140045166,9.001067853108248,8.368917722154546,8.397221725082565,18369015,MGLU3.SA
2025-11-19,8.80293083190918,9.029373259520845,8.80293083190918,8.906716905198296,16938915,MGLU3.SA
2025-11-21,9.085983276367188,9.09541888940176,8.68027459082933,8.755755715947782,25141725,MGLU3.SA
2025-11-24,9.340730667114258,9.604913660540712,8.991632825016962,9.010503106318104,27962445,MGLU3.SA
2025-11-25,9.680394172668457,9.680394172668457,9.199205289764066,9.397341833031193,19989270,MGLU3.SA
2025-11-26,9.538866996765137,9.765309422679461,9.406776920100254,9.62378278838432,18614715,MGLU3.SA
2025-11-27,9.54830265045166,9.680393672471112,9.491691807533531,9.595477880488676,9577260,MGLU3.SA
2025-11-28,9.699263572692871,9.840790202037715,9.463385542188306,9.623782451765093,15099000,MGLU3.SA
2025-12-01,9.755874633789062,9.803049863039947,9.576607439930406,9.737004353130809,10236765,MGLU3.SA
2025-12-02,9.991751670837402,9.991751670837402,9.718133075166117,9.8219191458309,17682945,MGLU3.SA
2025-12-03,10.60503101348877,10.60503101348877,10.010621403926566,10.010621403926566,23710785,MGLU3.SA
2025-12-04,10.991869926452637,11.274922245209039,10.54842164015709,10.680512659257444,57664110,MGLU3.SA
2025-12-05,9.916271209716797,11.142831969332084,9.699264386036285,10.963564764490684,41284425,MGLU3.SA
2025-12-08,9.944576263427734,10.35971864905989,9.869094197767339,10.161582123957938,26651520,MGLU3.SA
2025-12-09,9.453951835632324,9.812484326291873,9.34073015404454,9.765309098025035,28289415,MGLU3.SA
2025-12-10,9.425646781921387,9.586043706054708,9.331296316988537,9.548303142165743,18250260,MGLU3.SA
2025-12-11,9.03880786895752,9.670958027920365,9.019937588046604,9.350166086803346,25851525,MGLU3.SA
2025-12-12,9.31242561340332,9.435081968094138,9.057678235871402,9.133158415442237,19101705,MGLU3.SA
2025-12-15,9.284119606018066,9.586043154983601,9.274684937982975,9.48225708265006,18610200,MGLU3.SA
2025-12-16,8.963327407836914,9.265249058535124,8.859541338489992,9.161463933977684,15605520,MGLU3.SA
2025-12-17,8.680274963378906,8.868976839484423,8.567055160420995,8.868976839484423,15643110,MGLU3.SA
2025-12-18,8.82180118560791,8.850107079785973,8.623663705519574,8.642534931497964,15603315,MGLU3.SA
2025-12-19,8.727449417114258,8.91615222116397,8.708580081498772,8.7934958709264,14208075,MGLU3.SA
2025-12-22,8.482137680053711,8.774625609788782,8.453832731778846,8.746320661513916,15214500,MGLU3.SA
2025-12-23,8.765191078186035,8.850106869119854,8.585923883553804,8.595359496318396,14595210,MGLU3.SA
2025-12-26,8.727449417114258,8.746320642308715,8.623663347281658,8.69914541369103,7410690,MGLU3.SA
2025-12-29,8.82180118560791,8.916152591552244,8.651969599697637,8.765191286830836,9609180,MGLU3.SA
2025-12-30,8.856711387634277,9.153916670664056,8.787363834683498,9.124196425797942,12866200,MGLU3.SA
2026-01-02,8.747735977172852,9.03503417893951,8.648667240788697,8.955779567747983,11298000,MGLU3.SA
2026-01-05,8.866618156433105,8.955779832860344,8.609040190040977,8.777456480005867,12352300,MGLU3.SA
2026-01-06,9.064754486083984,9.302519266130554,8.916152325245688,8.916152325245688,14943300,MGLU3.SA
2026-01-07,9.203451156616211,9.203451156616211,8.688296145098166,9.054848985644934,23440400,MGLU3.SA
2026-01-08,9.134102821350098,9.361959589984128,9.134102821350098,9.134102821350098,12980200,MGLU3.SA
2026-01-09,8.797270774841309,9.223265039384616,8.747736404231,9.163823605694338,22469000,MGLU3.SA
2026-01-12,8.500065803527832,8.866618647643884,8.500065803527832,8.84680546555658,13347200,MGLU3.SA
2026-01-13,8.123605728149414,8.470345383014937,7.975003558801077,8.470345383014937,28401800,MGLU3.SA
2026-01-14,8.321742057800293,8.361369364940693,8.103792340922855,8.222674262344055,20752400,MGLU3.SA
2026-01-15,8.658574104309082,9.015220791260507,8.321741542094722,8.321741542094722,28392200,MGLU3.SA
2026-01-16,8.381183624267578,8.698202086435199,8.252394637814596,8.698202086435199,17107700,MGLU3.SA
2026-01-19,8.28211498260498,8.420811033875403,8.22267449262448,8.351463480634969,9710200,MGLU3.SA
2026-01-20,8.321742057800293,8.747736318151743,8.103792340922855,8.192954018186137,22970000,MGLU3.SA
2026-01-21,8.727923393249512,8.747736575006712,8.430718108575071,8.579320278517514,16727100,MGLU3.SA
2026-01-22,8.876524925231934,9.193543368879311,8.747735946302814,8.76755007142552,24288200,MGLU3.SA
2026-01-23,9.282705307006836,9.332239676436359,8.718015951963013,8.935966610579204,23389800,MGLU3.SA
2026-01-26,9.381773948669434,9.490748804453778,9.15391622957007,9.322332517011924,18407500,MGLU3.SA
2026-01-27,9.550189971923828,9.80776698254232,9.520468784522501,9.609630457147528,16735000,MGLU3.SA
2026-01-28,9.986090660095215,9.986090660095215,9.589817596119019,9.649258083320694,20719000,MGLU3.SA
2026-01-29,9.62944507598877,10.342736603995696,9.391680288530267,10.233761745636464,28116600,MGLU3.SA
2026-01-30,9.698792457580566,9.906836052474103,9.49074886268703,9.49074886268703,19854300,MGLU3.SA
2026-02-02,9.738419532775879,9.787953900820037,9.54028300538873,9.688885164731719,14726400,MGLU3.SA
2026-02-03,10.025717735290527,10.174320839446809,9.877115575923735,9.976183367238434,22715700,MGLU3.SA
2026-02-04,9.639350891113281,10.075252200424524,9.570003342045831,9.906835914298293,21355600,MGLU3.SA
2026-02-05,9.560096740722656,9.847394958309847,9.560096740722656,9.688885727198231,13183300,MGLU3.SA
2026-02-06,10.104972839355469,10.104972839355469,9.153916516546158,9.56009665377282,35563900,MGLU3.SA
2026-02-09,10.867799758911133,10.867799758911133,9.95637073758317,10.164414339077368,23799100,MGLU3.SA
2026-02-10,10.501246452331543,10.927239754402871,10.461619146446083,10.75882346819229,15416300,MGLU3.SA
2026-02-11,10.996588706970215,11.056029195882962,10.620128812961175,10.719196609412268,16601200,MGLU3.SA
2026-02-12,10.055438041687012,11.016401386722132,10.045531923845644,10.907426532151145,26023100,MGLU3.SA
2026-02-13,10.134693145751953,10.263482131844452,9.678979580056321,9.797861503036426,19363800,MGLU3.SA
2026-02-18,10.184226989746094,10.322923031776945,10.045531892504734,10.134692621535827,10535300,MGLU3.SA
2026-02-19,10.481432914733887,10.729103826603382,10.154507386649316,10.194134694756853,15969100,MGLU3.SA
2026-02-20,10.699382781982422,10.768730329789761,10.28329560555942,10.372457278334275,15490100,MGLU3.SA
2026-02-23,10.273388862609863,10.768730664730626,10.223854493439886,10.600314376426406,17659300,MGLU3.SA
2026-02-24,10.035625457763672,10.441805601878633,10.00590521289392,10.352643922479826,19247800,MGLU3.SA
2026-02-25,9.40158748626709,10.174321403201853,9.32233287090807,10.154507276967328,25004500,MGLU3.SA
2026-02-26,9.49074935913086,9.599724221284127,9.381774496977592,9.42140180546874,12048700,MGLU3.SA
2026-02-27,9.26289176940918,9.560096084962412,9.26289176940918,9.391679802261192,11244700,MGLU3.SA
2026-03-02,9.104381561279297,9.262891725557282,8.807177247133072,8.965686466621586,17947600,MGLU3.SA
2026-03-03,8.916152954101562,9.084569252151091,8.470345495354398,8.757643719417198,23872900,MGLU3.SA
2026-03-04,9.441214561462402,9.461028687209016,9.035034431551976,9.163823414536418,17524500,MGLU3.SA
2026-03-05,9.074662208557129,9.500656486291655,9.04494196318645,9.371867496632623,20521200,MGLU3.SA
2026-03-06,9.243078231811523,9.39168039903067,9.015221449436892,9.064754875316916,18677300,MGLU3.SA
2026-03-09,9.43130874633789,9.43130874633789,9.064754966566955,9.134103464118251,16425800,MGLU3.SA
2026-03-10,10.0455322265625,10.253575824132389,9.510563110638433,9.55019041756653,21417000,MGLU3.SA
2026-03-11,9.946463584899902,10.21394861789357,9.867208970262416,9.90683627758116,13112300,MGLU3.SA
2026-03-12,9.31242561340332,9.896929098067334,9.243078062609122,9.817674484362673,14948600,MGLU3.SA
2026-03-13,9.252985000610352,10.233761540557827,9.06475458701063,9.411494225879903,37702000,MGLU3.SA
2026-03-16,9.748327255249023,9.92665061436368,9.480842216577038,9.58981802260913,22733300,MGLU3.SA
2026-03-17,8.955780029296875,9.837488805229597,8.955780029296875,9.787954434484694,22442400,MGLU3.SA
2026-03-18,8.767550468444824,9.124196233698045,8.767550468444824,8.995407248937,23534100,MGLU3.SA
2026-03-19,8.688295364379883,8.817083397094507,8.361368916999025,8.628853934458961,23104500,MGLU3.SA
2026-03-20,8.262301445007324,8.698201816984595,8.192953894753773,8.688295698940884,28291600,MGLU3.SA
2026-03-23,8.678388595581055,8.797270514656061,8.50006524457379,8.509972307360751,20111900,MGLU3.SA
2026-03-24,8.609040260314941,8.727923126381356,8.430717850794371,8.599134142134012,19212700,MGLU3.SA
2026-03-25,8.807177543640137,9.084568687083829,8.737829049187084,8.817083661599568,17871200,MGLU3.SA
2026-03-26,8.361369132995605,8.817083624863415,8.361369132995605,8.648667337991213,15274300,MGLU3.SA
2026-03-27,8.014630317687988,8.371276066556085,8.00472325513317,8.331648761126296,22237700,MGLU3.SA
2026-03-30,7.925468921661377,8.242487376195186,7.846214308027925,8.232581258083144,17213200,MGLU3.SA
2026-03-31,8.688295364379883,8.757642911963062,8.17313945436348,8.17313945436348,27630300,MGLU3.SA
2026-04-01,8.757643699645996,8.935967060658106,8.63876177390111,8.727923454407165,19365500,MGLU3.SA
2026-04-02,8.668481826782227,8.797270813012021,8.371276546620356,8.509972595973107,14359700,MGLU3.SA
2026-04-06,8.737829208374023,8.916152561945582,8.579319980661314,8.718016027304696,13342900,MGLU3.SA
2026-04-07,8.698202133178711,8.856711365114338,8.500065593259176,8.658574825194803,12038500,MGLU3.SA
2026-04-08,8.866618156433105,9.431308458875774,8.866618156433105,9.252985106021297,18316300,MGLU3.SA
2026-04-09,9.144009590148926,9.163823716548555,8.866618434080962,8.94587305010038,14711600,MGLU3.SA
2026-04-10,9.064754486083984,9.38177387788291,8.945872568455448,9.262891960254375,13301800,MGLU3.SA
2026-04-13,9.12419605255127,9.282705278405746,8.836897844492654,8.86661808814299,14389900,MGLU3.SA
2026-04-14,9.163823127746582,9.3817737801908,9.074661454256242,9.21335749577338,13395600,MGLU3.SA
2026-04-15,9.302519798278809,9.332240043188708,9.094476194330415,9.144009620917062,12868500,MGLU3.SA
2026-04-16,9.163823127746582,9.352052592501028,9.094475579382756,9.352052592501028,12966700,MGLU3.SA
2026-04-17,9.203451156616211,9.669072741003538,9.124196539459588,9.2926128371148,18950900,MGLU3.SA
2026-04-20,9.26289176940918,9.322332254604035,9.035034056723626,9.18363715928972,14635000,MGLU3.SA
2026-04-22,8.866618156433105,9.233170980242125,8.866618156433105,9.193543673473298,12795800,MGLU3.SA
2026-04-23,8.569413185119629,8.935966966629591,8.54960000343208,8.896338713675389,12084000,MGLU3.SA
2026-04-24,8.648667335510254,8.678388523624706,8.450530805361414,8.62885415489012,9917800,MGLU3.SA
2026-04-27,8.529999732971191,8.770000457763672,8.470000267028809,8.6899995803833,8331300,MGLU3.SA
2026-04-28,8.539999961853027,8.609999656677246,8.399999618530273,8.5,10183500,MGLU3.SA
2026-04-29,8.079999923706055,8.579999923706055,8.079999923706055,8.529999732971191,14208700,MGLU3.SA
2026-04-30,8.229999542236328,8.350000381469727,8.079999923706055,8.289999961853027,17525600,MGLU3.SA
2026-05-04,8.0,8.34000015258789,7.989999771118164,8.25,14398300,MGLU3.SA
2026-05-05,8.0,8.170000076293945,8.0,8.050000190734863,15252400,MGLU3.SA
2026-05-06,8.029999732971191,8.319999694824219,8.020000457763672,8.220000267028809,11485200,MGLU3.SA
2026-05-07,7.940000057220459,8.170000076293945,7.900000095367432,8.050000190734863,15526800,MGLU3.SA
2026-05-08,7.150000095367432,7.849999904632568,7.150000095367432,7.599999904632568,35215100,MGLU3.SA
2026-05-11,6.929999828338623,7.210000038146973,6.900000095367432,7.119999885559082,18515700,MGLU3.SA
2026-05-12,7.159999847412109,7.199999809265137,6.800000190734863,6.929999828338623,17784300,MGLU3.SA
2026-05-13,6.960000038146973,7.400000095367432,6.960000038146973,7.119999885559082,22615000,MGLU3.SA
2026-05-14,6.909999847412109,7.130000114440918,6.829999923706055,7.090000152587891,20866400,MGLU3.SA
2026-05-15,6.789999961853027,6.840000152587891,6.599999904632568,6.820000171661377,17594900,MGLU3.SA
2026-05-18,6.610000133514404,6.989999771118164,6.610000133514404,6.829999923706055,18028200,MGLU3.SA
2026-05-19,6.489999771118164,6.670000076293945,6.340000152587891,6.510000228881836,18272100,MGLU3.SA
2026-05-20,6.730000019073486,6.800000190734863,6.489999771118164,6.53000020980835,21093700,MGLU3.SA
2026-05-21,6.769999980926514,6.789999961853027,6.46999979019165,6.659999847412109,17378400,MGLU3.SA
2026-05-22,6.630000114440918,6.880000114440918,6.610000133514404,6.699999809265137,13376800,MGLU3.SA
2026-05-25,6.769999980926514,6.829999923706055,6.670000076293945,6.739999771118164,10045800,MGLU3.SA
2026-05-26,6.650000095367432,6.78000020980835,6.550000190734863,6.769999980926514,10894700,MGLU3.SA
2026-05-27,6.599999904632568,6.829999923706055,6.590000152587891,6.739999771118164,13503200,MGLU3.SA
2026-05-28,6.349999904632568,6.710000038146973,6.349999904632568,6.650000095367432,17829300,MGLU3.SA
2026-05-29,5.980000019073486,6.429999828338623,5.980000019073486,6.380000114440918,19948000,MGLU3.SA
2026-06-01,5.820000171661377,6.070000171661377,5.760000228881836,5.980000019073486,19869200,MGLU3.SA
2026-06-02,5.679999828338623,5.929999828338623,5.679999828338623,5.849999904632568,18461700,MGLU3.SA
2026-06-03,5.340000152587891,5.550000190734863,5.320000171661377,5.550000190734863,23074300,MGLU3.SA
2026-06-05,5.440000057220459,5.670000076293945,5.289999961853027,5.440000057220459,27759100,MGLU3.SA
2026-06-08,5.340000152587891,5.539999961853027,5.340000152587891,5.449999809265137,17634500,MGLU3.SA
2026-06-09,5.489999771118164,5.659999847412109,5.460000038146973,5.46999979019165,24632800,MGLU3.SA
2026-06-10,5.119999885559082,5.46999979019165,5.119999885559082,5.460000038146973,23198500,MGLU3.SA
2026-06-11,5.329999923706055,5.380000114440918,5.099999904632568,5.159999847412109,28878200,MGLU3.SA
2026-06-12,5.21999979019165,5.440000057220459,5.190000057220459,5.230000019073486,16254200,MGLU3.SA
2026-06-15,5.349999904632568,5.46999979019165,5.260000228881836,5.400000095367432,18145200,MGLU3.SA
2026-06-16,5.0,5.300000190734863,4.989999771118164,5.289999961853027,25995600,MGLU3.SA
2026-06-17,4.739999771118164,5.119999885559082,4.739999771118164,5.03000020980835,28655600,MGLU3.SA
2026-06-18,4.5,4.800000190734863,4.46999979019165,4.78000020980835,30716200,MGLU3.SA
2026-06-19,4.619999885559082,4.650000095367432,4.46999979019165,4.480000019073486,21086800,MGLU3.SA
2026-06-22,4.659999847412109,4.840000152587891,4.559999942779541,4.630000114440918,21375500,MGLU3.SA
2026-06-23,4.420000076293945,4.639999866485596,4.420000076293945,4.610000133514404,24418400,MGLU3.SA
2026-06-24,4.360000133514404,4.480000019073486,4.300000190734863,4.380000114440918,21608000,MGLU3.SA
2026-06-25,4.420000076293945,4.510000228881836,4.03000020980835,4.409999847412109,52346600,MGLU3.SA
2026-06-26,4.440000057220459,4.570000171661377,4.329999923706055,4.389999866485596,25874600,MGLU3.SA
2026-06-29,4.639999866485596,4.710000038146973,4.409999847412109,4.409999847412109,18574500,MGLU3.SA
2026-06-30,4.679999828338623,4.739999771118164,4.460000038146973,4.590000152587891,18658400,MGLU3.SA
2026-07-01,4.429999828338623,4.690000057220459,4.429999828338623,4.590000152587891,22221800,MGLU3.SA
2026-07-02,4.269999980926514,4.590000152587891,4.269999980926514,4.489999771118164,27151900,MGLU3.SA
2026-07-03,4.449999809265137,4.449999809265137,4.239999771118164,4.329999923706055,17028600,MGLU3.SA
2026-07-06,4.349999904632568,4.460000038146973,4.329999923706055,4.369999885559082,12493700,MGLU3.SA
2026-07-07,4.420000076293945,4.46999979019165,4.329999923706055,4.369999885559082,18384300,MGLU3.SA
2026-07-08,4.510000228881836,4.510000228881836,4.289999961853027,4.380000114440918,17353000,MGLU3.SA
2026-07-09,4.860000133514404,4.869999885559082,4.510000228881836,4.510000228881836,27558600,MGLU3.SA
2026-07-10,5.21999979019165,5.300000190734863,5.079999923706055,5.119999885559082,33644300,MGLU3.SA
2026-07-13,5.059999942779541,5.269999980926514,5.039999961853027,5.199999809265137,23814700,MGLU3.SA
2026-07-14,5.050000190734863,5.190000057220459,4.889999866485596,5.110000133514404,19650300,MGLU3.SA
2026-07-15,5.03000020980835,5.130000114440918,4.78000020980835,5.050000190734863,22240600,MGLU3.SA
2026-07-16,4.920000076293945,5.059999942779541,4.889999866485596,4.989999771118164,14067000,MGLU3.SA
2026-07-17,4.920000076293945,5.03000020980835,4.900000095367432,4.920000076293945,17597900,MGLU3.SA
2026-07-20,4.860000133514404,4.980000019073486,4.820000171661377,4.920000076293945,12211600,MGLU3.SA
2026-07-21,4.820000171661377,4.960000038146973,4.78000020980835,4.869999885559082,14370100,MGLU3.SA
2026-07-22,4.909999847412109,4.980000019073486,4.739999771118164,4.820000171661377,19305400,MGLU3.SA
2026-07-23,4.710000038146973,4.889999866485596,4.679999828338623,4.880000114440918,16771800,MGLU3.SA
2026-07-24,4.650000095367432,4.739999771118164,4.559999942779541,4.679999828338623,15888900,MGLU3.SA
2026-07-27,4.829999923706055,4.860000133514404,4.71999979019165,4.730000019073486,14777800,MGLU3.SA
2026-07-28,4.829999923706055,5.039999961853027,4.829999923706055,4.989999771118164,15982700,MGLU3.SA
2026-07-29,4.760000228881836,4.869999885559082,4.710000038146973,4.800000190734863,14347200,MGLU3.SA
2026-07-30,5.019999980926514,5.019999980926514,4.789999961853027,4.809999942779541,16683500,MGLU3.SA
2026-07-31,5.03000020980835,5.110000133514404,4.880000114440918,4.949999809265137,11796200,MGLU3.SA
2026-08-03,5.159999847412109,5.199999809265137,5.019999980926514,5.090000152587891,17342500,MGLU3.SA
2026-08-04,4.920000076293945,5.269999980926514,4.920000076293945,5.269999980926514,21388800,MGLU3.SA
2026-08-05,4.789999961853027,5.019999980926514,4.78000020980835,4.940000057220459,19168400,MGLU3.SA
2026-08-06,4.570000171661377,4.840000152587891,4.570000171661377,4.789999961853027,17887800,MGLU3.SA
2026-08-07,4.400000095367432,4.510000228881836,4.159999847412109,4.489999771118164,32564400,MGLU3.SA
2026-08-10,4.320000171661377,4.650000095367432,4.320000171661377,4.400000095367432,24329500,MGLU3.SA
2026-08-11,4.260000228881836,4.460000038146973,4.230000019073486,4.320000171661377,20936000,MGLU3.SA
2026-08-12,4.239999771118164,4.320000171661377,4.199999809265137,4.289999961853027,16877300,MGLU3.SA
2026-08-13,3.9800000190734863,4.260000228881836,3.9800000190734863,4.25,23618300,MGLU3.SA
2026-08-14,3.9100000858306885,4.010000228881836,3.759999990463257,3.9700000286102295,26559900,MGLU3.SA
2026-08-17,4.230000019073486,4.25,3.9000000953674316,3.9100000858306885,29857700,MGLU3.SA
2026-08-18,4.28000020980835,4.300000190734863,4.050000190734863,4.170000076293945,30713600,MGLU3.SA
2026-08-19,4.050000190734863,4.429999828338623,4.050000190734863,4.349999904632568,26075900,MGLU3.SA
2026-08-20,3.880000114440918,4.050000190734863,3.759999990463257,4.03000020980835,37102900,MGLU3.SA
2026-08-21,4.159999847412109,4.210000038146973,3.950000047683716,3.950000047683716,34903700,MGLU3.SA
2026-08-24,4.159999847412109,4.309999942779541,4.039999961853027,4.119999885559082,19693300,MGLU3.SA
2026-08-25,4.539999961853027,4.590000152587891,4.079999923706055,4.159999847412109,30162500,MGLU3.SA
2026-08-26,4.710000038146973,4.75,4.5,4.510000228881836,19080700,MGLU3.SA
2021-08-30,13.12510871887207,13.163306938349553,12.84243694036522,12.957033055966338,16781900,ABEV3.SA
2021-08-31,13.063989639282227,13.11746772510306,12.842435904117576,13.10218785567752,28079100,ABEV3.SA
2021-09-01,13.186225891113281,13.277902194794729,13.018151696251575,13.109827999933025,17593400,ABEV3.SA
2021-09-02,12.62088394165039,13.079269835696575,12.521566245069947,13.079269835696575,36473800,ABEV3.SA
2021-09-03,12.651442527770996,12.804238315176828,12.559766221062393,12.712560551299605,40771400,ABEV3.SA
2021-09-06,13.132749557495117,13.132749557495117,12.468089709822276,12.65144379882922,10036700,ABEV3.SA
2021-09-08,12.384050369262695,12.995232048928617,12.384050369262695,12.979952179074036,39304600,ABEV3.SA
2021-09-09,12.46044921875,12.536847116724251,12.23125698199595,12.376412842430158,26356800,ABEV3.SA
2021-09-10,12.30001449584961,12.704920863158595,12.30001449584961,12.552126529951513,23336500,ABEV3.SA
2021-09-13,12.491008758544922,12.682002771803502,12.437530667979507,12.628524681238089,14849500,ABEV3.SA
2021-09-14,12.559765815734863,12.735479945562906,12.506287729019247,12.536846011213067,12461100,ABEV3.SA
2021-09-15,12.238895416259766,12.597963598375317,12.223615547105437,12.575043794643827,20538700,ABEV3.SA
2021-09-16,12.322932243347168,12.567405787458076,12.055541080400069,12.223616004465065,26714500,ABEV3.SA
2021-09-17,12.024982452392578,12.361132311225157,11.727032269091328,12.361132311225157,53864700,ABEV3.SA
2021-09-20,11.925664901733398,12.116658898594766,11.81106879505029,11.864546881024504,22475300,ABEV3.SA
2021-09-21,11.96386432647705,12.223616289195954,11.902746303317816,11.979144196559012,12843400,ABEV3.SA
2021-09-22,12.009702682495117,12.147217864292445,11.940944727304315,12.047901627443816,13740400,ABEV3.SA
2021-09-23,12.131939888000488,12.208337056646924,11.971504886683325,12.070821861649602,21550900,ABEV3.SA
2021-09-24,12.101380348205566,12.154858436789283,11.925665483655147,11.933305418762624,16219600,ABEV3.SA
2021-09-27,12.093740463256836,12.223616446285364,11.956224545089146,11.956224545089146,14263100,ABEV3.SA
2021-09-28,11.795788764953613,12.1242986682287,11.734670745076983,12.0402615730444,17672700,ABEV3.SA
2021-09-29,11.833986282348633,12.055539259828285,11.780508203552083,11.872185222310817,37200600,ABEV3.SA
2021-09-30,11.688833236694336,11.895106382965393,11.681193301643921,11.87982724144887,39267900,ABEV3.SA
2021-10-01,11.665913581848145,11.811068697689157,11.49783866199202,11.77286975291491,24130000,ABEV3.SA
2021-10-04,11.490198135375977,11.635353243738987,11.314484018484745,11.520757143904202,29169100,ABEV3.SA
2021-10-05,11.597156524658203,11.711752639267072,11.367963566856135,11.513118693932991,22871800,ABEV3.SA
2021-10-06,11.53603744506836,11.75759044735241,11.47491942571995,11.49783850082954,36830600,ABEV3.SA
2021-10-07,11.520757675170898,11.612434704983155,11.467279589926482,11.558956619738739,19716000,ABEV3.SA
2021-10-08,11.734671592712402,11.902746523805895,11.574236596801414,11.589516467166423,23980500,ABEV3.SA
2021-10-11,11.642992973327637,11.895104971399297,11.57423502320187,11.696471783750022,20540600,ABEV3.SA
2021-10-13,11.84926700592041,11.979142974025345,11.612434143910166,11.612434143910166,22276300,ABEV3.SA
2021-10-14,11.833986282348633,11.918024095982274,11.749949197299172,11.872185222310817,11517700,ABEV3.SA
2021-10-15,11.864545822143555,11.940943705503493,11.734669857582189,11.849266682622096,19521400,ABEV3.SA
2021-10-18,11.933304786682129,12.009702676541654,11.68883270486649,11.76522986614174,16887800,ABEV3.SA
2021-10-19,11.566596984863281,11.879827030525917,11.513118169044184,11.65063408317287,21370000,ABEV3.SA
2021-10-20,11.772870063781738,11.902746042293037,11.620075009234416,11.688832965926784,19273600,ABEV3.SA
2021-10-21,11.566596984863281,11.673553159332887,11.345043972425005,11.45964008180938,23499300,ABEV3.SA
2021-10-22,11.459638595581055,11.635352704326216,11.108209649506534,11.329762633211068,29599100,ABEV3.SA
2021-10-25,11.665913581848145,11.79578882834575,11.459639717217774,11.467279651889477,19933100,ABEV3.SA
2021-10-26,11.581875801086426,11.704111841955264,11.49783870513517,11.574235866386056,20648000,ABEV3.SA
2021-10-27,11.627715110778809,12.002063181931707,11.627715110778809,11.696473068456749,26056100,ABEV3.SA
2021-10-28,12.75839900970459,12.88827498012081,12.353491229661437,12.536845283689896,91395500,ABEV3.SA
2021-10-29,12.979952812194824,13.15566695258751,12.758400517171149,12.781318865902312,44577500,ABEV3.SA
2021-11-01,13.262622833251953,13.400138736102392,12.964671224686517,13.08690725896058,39314900,ABEV3.SA
2021-11-03,13.621692657470703,13.827966536818465,13.14038839616124,13.14038839616124,42222400,ABEV3.SA
2021-11-04,13.659889221191406,13.73628710693352,13.484175104002473,13.614051072613528,19997300,ABEV3.SA
2021-11-05,13.67516803741455,13.843243664546803,13.621689958660964,13.736286049871271,19208500,ABEV3.SA
2021-11-08,13.552932739257812,13.774486457024155,13.49945465763654,13.6140507549919,16697000,ABEV3.SA
2021-11-09,13.667529106140137,13.820324877072744,13.522374726639471,13.522374726639471,23812900,ABEV3.SA
2021-11-10,13.560575485229492,13.805047598858463,13.514737328216246,13.621693513636735,20848100,ABEV3.SA
2021-11-11,13.453617095947266,13.705729103974301,13.445977161501778,13.698089169528815,24597200,ABEV3.SA
2021-11-12,13.37722110748291,13.690451178366597,13.254985053341407,13.445979070083592,39208600,ABEV3.SA
2021-11-16,13.37722110748291,13.514737032684275,13.32374301594209,13.461258941143457,21469300,ABEV3.SA
2021-11-17,13.400139808654785,13.491816113113904,13.239704090098448,13.484176178214213,18502600,ABEV3.SA
2021-11-18,13.445979118347168,13.552935301812719,13.316103128209551,13.34666141327026,17200900,ABEV3.SA
2021-11-19,13.285541534423828,13.537653544005797,13.26262318811452,13.40777757196851,22010000,ABEV3.SA
2021-11-22,13.232063293457031,13.445977085211426,13.186225144212695,13.331380983516336,26964000,ABEV3.SA
2021-11-23,13.140387535095215,13.331381531493875,13.056349710385868,13.232063837352182,29394600,ABEV3.SA
2021-11-24,13.063989639282227,13.216783962031956,12.972311879897548,13.03342990043115,18485100,ABEV3.SA
2021-11-25,13.16330623626709,13.232064193394198,12.987592104572744,13.05635006169985,12150300,ABEV3.SA
2021-11-26,12.750760078430176,13.041070322522287,12.666722250617557,12.911194341888516,21060500,ABEV3.SA
2021-11-29,12.483366966247559,12.895913215791929,12.414609015128752,12.811876853333304,25888500,ABEV3.SA
2021-11-30,12.269454002380371,12.491007739119686,12.200696775229593,12.483367804352618,54414600,ABEV3.SA
2021-12-01,12.116660118103027,12.376412825135638,11.948585908529502,12.292374991764525,35109400,ABEV3.SA
2021-12-02,12.231254577636719,12.361130541511963,12.017340796792665,12.215974709611768,33321600,ABEV3.SA
2021-12-03,12.223616600036621,12.38405086847115,12.093740615374486,12.231256535271882,26061600,ABEV3.SA
2021-12-06,12.284734725952148,12.483368672199335,12.185417752828554,12.254176441928015,16844300,ABEV3.SA
2021-12-07,12.30001449584961,12.483368569999298,12.261814819671352,12.368772455801825,27590900,ABEV3.SA
2021-12-08,12.284734725952148,12.483368672199335,12.16249867551829,12.315294467144945,23395200,ABEV3.SA
2021-12-09,12.078459739685059,12.307652663753098,11.986781987190467,12.300012729614512,19725400,ABEV3.SA
2021-12-10,12.185416221618652,12.437528954688611,12.124298204081766,12.4146091516741,15656500,ABEV3.SA
2021-12-13,12.231254577636719,12.361130541511963,12.147216760667908,12.261812856518201,29400400,ABEV3.SA
2021-12-14,12.35349178314209,12.567405584343643,12.238895676386049,12.238895676386049,36628700,ABEV3.SA
2021-12-15,12.284734725952148,12.422250646982405,12.177777817530355,12.422250646982405,21743100,ABEV3.SA
2021-12-16,12.30001449584961,12.44517035098969,12.238896471133048,12.368772455801825,21380800,ABEV3.SA
2021-12-17,12.277094841003418,12.414610762597642,12.2312566861949,12.2312566861949,32774400,ABEV3.SA
2021-12-20,12.240263938903809,12.343456915879914,12.097381238934048,12.303767192886257,17585900,ABEV3.SA
2021-12-21,12.224386215209961,12.343455369271823,12.16088296918433,12.26407593323058,18636200,ABEV3.SA
2021-12-22,12.216448783874512,12.311703652185113,12.10531772566961,12.232324216750412,11675500,ABEV3.SA
2021-12-23,12.34345531463623,12.438710183253052,12.176759105302194,12.224386161101403,10634700,ABEV3.SA
2021-12-27,12.3275785446167,12.422833408751302,12.287888828639355,12.343454733814983,8437200,ABEV3.SA
2021-12-28,12.319643020629883,12.359331985431535,12.22438738545418,12.335518455146849,7701300,ABEV3.SA
2021-12-29,12.26407527923584,12.351392805628587,12.176758509861457,12.343454711044089,8847300,ABEV3.SA
2021-12-30,12.240263938903809,12.375208542871137,12.216450407915016,12.367270446868707,11819300,ABEV3.SA
2022-01-03,12.168822288513184,12.33551851535659,12.025939592070698,12.240263636734426,23833600,ABEV3.SA
2022-01-04,12.152945518493652,12.224386101846171,11.938621497380895,12.160882856409444,16357700,ABEV3.SA
2022-01-05,11.91480827331543,12.137069638009612,11.875118554651149,12.10531801448187,24652000,ABEV3.SA
2022-01-06,11.724299430847168,11.95449890832328,11.63698189168895,11.93862271683325,20406300,ABEV3.SA
2022-01-07,11.533788681030273,11.748112719630296,11.470285430412147,11.748112719630296,19673600,ABEV3.SA
2022-01-10,11.629042625427246,11.692545870958522,11.390905833194159,11.462346416653045,16375000,ABEV3.SA
2022-01-11,11.652856826782227,11.692545787191136,11.470284429423986,11.597290919576643,20485500,ABEV3.SA
2022-01-12,11.811614036560059,11.930682422721654,11.557601075672208,11.621104315894172,31912000,ABEV3.SA
2022-01-13,11.898931503295898,11.94655931477617,11.716359866161355,11.803676637353739,20755600,ABEV3.SA
2022-01-14,11.986249923706055,12.073566701397885,11.82749104496682,11.890994293655138,14544400,ABEV3.SA
2022-01-17,11.7481107711792,12.041813445831387,11.74017267691387,11.938620491437105,21167400,ABEV3.SA
2022-01-18,11.573477745056152,11.700484239084016,11.42265772265267,11.700484239084016,24913300,ABEV3.SA
2022-01-19,11.541726112365723,11.65285717306089,11.422657713563945,11.629042887685799,31621600,ABEV3.SA
2022-01-20,11.502037048339844,11.613168115359477,11.454409988916042,11.60523001978269,30618200,ABEV3.SA
2022-01-21,11.660795211791992,11.843367625545229,11.438533834065778,11.470285459455237,28616600,ABEV3.SA
2022-01-24,11.668732643127441,11.94655991723317,11.597291300813488,11.740173985441395,29992000,ABEV3.SA
2022-01-25,11.962435722351074,11.97831191314474,11.597291661299625,11.621105947490125,22283700,ABEV3.SA
2022-01-26,11.906869888305664,12.145007437475456,11.811615020041426,12.057689907136107,24257200,ABEV3.SA
2022-01-27,12.224386215209961,12.295827556243395,11.851304834063983,11.954497798110234,24801400,ABEV3.SA
2022-01-28,11.85130500793457,12.16088314759674,11.79573909908313,12.097379900639453,23251700,ABEV3.SA
2022-01-31,11.883057594299316,12.002126002737759,11.724299464041902,11.827491680945363,21318000,ABEV3.SA
2022-02-01,11.787801742553711,12.010063106556835,11.740173928900976,11.859242327505187,14112500,ABEV3.SA
2022-02-02,11.525851249694824,11.859242934247275,11.47028533808737,11.787802345640756,17975400,ABEV3.SA
2022-02-03,11.478222846984863,11.605229340707883,11.44647122355411,11.541726093846373,13206600,ABEV3.SA
2022-02-04,11.438533782958984,11.541726754268282,11.248024031473419,11.446471878525498,18251100,ABEV3.SA
2022-02-07,11.343278884887695,11.517913201914938,11.327403450804377,11.454409951544752,21182100,ABEV3.SA
2022-02-08,11.24008560180664,11.375030194352439,11.20039588217227,11.319465041075382,20758500,ABEV3.SA
2022-02-09,11.541726112365723,11.605229359329128,11.232147215655315,11.232147215655315,45857600,ABEV3.SA
2022-02-10,11.708422660827637,11.76398781426024,11.438533474980524,11.565539972551298,31338100,ABEV3.SA
2022-02-11,11.79573917388916,11.986249672987617,11.708422398023751,11.763987550209155,30852600,ABEV3.SA
2022-02-14,11.954498291015625,11.978311820002508,11.771925883400344,11.890994285353203,33362000,ABEV3.SA
2022-02-15,12.208511352539062,12.462524348507921,11.994187319426509,11.994187319426509,50177400,ABEV3.SA
2022-02-16,11.970373153686523,12.287889381761072,11.875118285264158,12.26407585391008,25057100,ABEV3.SA
2022-02-17,11.787801742553711,11.994186916333119,11.67667068204294,11.978311483127817,19881500,ABEV3.SA
2022-02-18,11.724299430847168,11.898932995126648,11.70048514361212,11.883057560655095,11741300,ABEV3.SA
2022-02-21,11.470285415649414,11.78780242534985,11.470285415649414,11.771926234206521,12423900,ABEV3.SA
2022-02-22,11.676671028137207,11.763987805900454,11.462346995875002,11.462346995875002,24539400,ABEV3.SA
2022-02-23,11.756051063537598,12.113257045064508,11.581416742139684,11.605230272369884,30107000,ABEV3.SA
2022-02-24,11.779863357543945,11.779863357543945,10.95432041168736,11.303588260811209,59579000,ABEV3.SA
2022-02-25,12.065627098083496,12.16882005355947,11.652856033197947,11.652856033197947,42942500,ABEV3.SA
2022-03-02,11.525851249694824,11.890994559300768,11.446471808551864,11.66079508840833,33189500,ABEV3.SA
2022-03-03,11.255962371826172,11.51791347507016,11.152769398272712,11.51791347507016,42098400,ABEV3.SA
2022-03-04,11.057514190673828,11.303589095100468,10.970196654184383,11.279775565611736,26285200,ABEV3.SA
2022-03-07,10.660618782043457,10.946383414529995,10.493922557171691,10.946383414529995,49545300,ABEV3.SA
2022-03-08,10.66855525970459,10.898754717661195,10.541548766627622,10.636803636435348,35552000,ABEV3.SA
2022-03-09,11.057514190673828,11.113079345153691,10.779686904237606,10.795563095242397,26552200,ABEV3.SA
2022-03-10,10.620927810668945,10.946382126401682,10.509796754825755,10.93050669386316,37910700,ABEV3.SA
2022-03-11,10.462170600891113,10.76381141527545,10.366915726404235,10.716183599522786,23133200,ABEV3.SA
2022-03-14,10.5733003616333,10.684431421287787,10.446293868895836,10.49392168218159,24625600,ABEV3.SA
2022-03-15,10.692370414733887,10.851128543994909,10.597115537177274,10.597115537177274,26412400,ABEV3.SA
2022-03-16,10.938445091247559,10.994011003061104,10.644742369158807,10.716183715048754,24980000,ABEV3.SA
2022-03-17,11.057514190673828,11.128955536158484,10.867003683708598,10.96225931570044,28381300,ABEV3.SA
2022-03-18,11.31152629852295,11.31152629852295,10.954320356289061,10.994010073652468,44708300,ABEV3.SA
2022-03-21,11.255962371826172,11.398844310038408,11.160707494011858,11.160707494011858,15295600,ABEV3.SA
2022-03-22,11.414719581604004,11.509974451741725,11.279774992987628,11.367091768025935,20799800,ABEV3.SA
2022-03-23,11.263898849487305,11.414719628927791,11.168643978954671,11.359154477038357,20051100,ABEV3.SA
2022-03-24,11.27183723449707,11.398843731806805,11.160706927860272,11.27183723449707,26157200,ABEV3.SA
2022-03-25,11.367091178894043,11.390905462958042,11.073388488603443,11.33533955716042,33591300,ABEV3.SA
2022-03-28,11.700485229492188,11.708423325295467,11.414720593740443,11.454410315738361,19531800,ABEV3.SA
2022-03-29,12.105318069458008,12.224386468973178,11.80367726606537,11.867180513409249,38100100,ABEV3.SA
2022-03-30,12.041815757751465,12.145008731957867,11.922747348984796,12.113257105818857,17703300,ABEV3.SA
2022-03-31,12.224386215209961,12.367268897276832,12.01006294912806,12.089441628150894,23786300,ABEV3.SA
2022-04-01,12.216448783874512,12.438710143265917,12.010062857359006,12.375206897725514,31411400,ABEV3.SA
2022-04-04,12.057689666748047,12.264075589048483,11.970372895167888,12.21644853437508,21788200,ABEV3.SA
2022-04-05,11.962435722351074,12.129131940592353,11.954498383972684,12.025938971488852,11607000,ABEV3.SA
2022-04-06,11.867179870605469,11.978310925946888,11.75604957228243,11.930683114509598,15442400,ABEV3.SA
2022-04-07,11.954498291015625,12.018001539659608,11.763987788065238,11.851305322714543,21276300,ABEV3.SA
2022-04-08,11.85130500793457,12.010063125327788,11.7004842286472,11.859242346040418,22202000,ABEV3.SA
2022-04-11,12.065627098083496,12.256136820338366,11.700483085252493,11.763986326004117,27193900,ABEV3.SA
2022-04-12,11.946560859680176,12.335518468497765,11.890994946264463,12.232325494461133,24636500,ABEV3.SA
2022-04-13,11.77192497253418,12.002124420311283,11.549663619477965,11.91480764943665,33771300,ABEV3.SA
2022-04-14,11.668732643127441,11.835428856187194,11.478222901635844,11.779863704173417,28820100,ABEV3.SA
2022-04-18,11.676671028137207,11.74811237222461,11.58935425037396,11.605229684049807,14601500,ABEV3.SA
2022-04-19,11.629042625427246,11.71636015579655,11.438532888833416,11.55760204196836,25953600,ABEV3.SA
2022-04-20,11.692546844482422,11.92274707497282,11.557603004256807,11.668733314680074,16174800,ABEV3.SA
2022-04-22,11.708422660827637,11.890994311831014,11.549664538864171,11.549664538864171,34086700,ABEV3.SA
2022-04-25,12.002124786376953,12.057689937081152,11.613167217410748,11.716360180874549,34312300,ABEV3.SA
2022-04-26,11.708422660827637,12.02593890475457,11.700484565474854,11.938622126929273,23589700,ABEV3.SA
2022-04-27,11.652856826782227,11.835428467122073,11.621105204244063,11.819553034362189,19261700,ABEV3.SA
2022-04-28,11.676671028137207,11.803677525617728,11.605229684049807,11.676671028137207,24849700,ABEV3.SA
2022-04-29,11.525851249694824,11.906870750336742,11.525851249694824,11.787802345640756,26145100,ABEV3.SA
2022-05-02,11.486160278320312,11.676670007895423,11.36709112957209,11.573477048454311,22755000,ABEV3.SA
2022-05-03,11.3035888671875,11.668732925732359,11.240085618485649,11.470285084284466,21493900,ABEV3.SA
2022-05-04,11.38296890258789,11.446472154614781,11.121017798722352,11.208334581004706,23653200,ABEV3.SA
2022-05-05,10.898754119873047,11.37502919980677,10.811437349926493,11.37502919980677,41147400,ABEV3.SA
2022-05-06,10.739995956420898,10.978133495150205,10.739995956420898,10.898754063234314,21978900,ABEV3.SA
2022-05-09,10.8670015335083,10.994008765360974,10.612988583839561,10.636802108616429,26091800,ABEV3.SA
2022-05-10,10.898754119873047,11.13689165983991,10.890816782254904,10.9622581199468,16310700,ABEV3.SA
2022-05-11,11.073390007019043,11.240086233233027,10.827315094095551,10.890818346270548,29961100,ABEV3.SA
2022-05-12,11.494098663330078,11.509974854083874,10.946382951637649,11.00194810523905,27076500,ABEV3.SA
2022-05-13,11.541726112365723,11.644919077935858,11.470284770277289,11.549664207490753,13385100,ABEV3.SA
2022-05-16,11.660795211791992,11.787802470368291,11.438533834065778,11.533788710234155,16896700,ABEV3.SA
2022-05-17,11.692546844482422,11.819554103138026,11.644919784877725,11.779864382121804,13671500,ABEV3.SA
2022-05-18,11.287713050842285,11.763987399959387,11.255961427567811,11.684608720282409,29516600,ABEV3.SA
2022-05-19,11.224210739135742,11.359155338546127,11.081328043990988,11.311527521158384,19551600,ABEV3.SA
2022-05-20,11.128954887390137,11.343278154331559,10.97813410971061,11.311526531191408,24557200,ABEV3.SA
2022-05-23,11.176582336425781,11.224210151319236,10.99401068620748,11.224210151319236,21490000,ABEV3.SA
2022-05-24,11.216272354125977,11.26389941326691,10.994010978425225,11.113079383296014,21853400,ABEV3.SA
2022-05-25,11.144831657409668,11.216273007299874,11.041638680570316,11.208334911307963,15767900,ABEV3.SA
2022-05-26,11.27977466583252,11.335339815879992,11.09720226893335,11.144830081130035,17300400,ABEV3.SA
2022-05-27,11.27977466583252,11.406781155665826,11.144830081130035,11.255961138243373,14260900,ABEV3.SA
2022-05-30,11.184521675109863,11.414721165812528,11.121018419537991,11.351217910240656,7925000,ABEV3.SA
2022-05-31,11.263898849487305,11.32740285352748,11.160706640840765,11.248023416241075,28066600,ABEV3.SA
2022-06-01,11.208333015441895,11.303587880177176,11.15276786693424,11.224209204740294,15219000,ABEV3.SA
2022-06-02,11.208333015441895,11.351215691054001,11.017823285971334,11.343277596404802,14894700,ABEV3.SA
2022-06-03,11.176582336425781,11.36709208196273,11.144830712169622,11.192458527063078,20761400,ABEV3.SA
2022-06-06,11.152767181396484,11.271835565742103,11.081325847981784,11.208332326488664,13085700,ABEV3.SA
2022-06-07,10.898754119873047,11.08926460605756,10.803499255289978,11.049574889893353,23888200,ABEV3.SA
2022-06-08,10.922569274902344,11.057513866412004,10.74793496406306,10.819376307452695,13145200,ABEV3.SA
2022-06-09,10.803500175476074,10.978134487262,10.771748551243945,10.89875504817246,18417700,ABEV3.SA
2022-06-10,10.787625312805176,10.851128564630347,10.533612305504485,10.755873686892588,29186500,ABEV3.SA
2022-06-13,10.581238746643066,10.763811152720036,10.47010768394324,10.668555523538224,23595500,ABEV3.SA
2022-06-14,10.43835735321045,10.612991685656544,10.31135084125639,10.58124005766803,17505300,ABEV3.SA
2022-06-15,10.366915702819824,10.597115171560693,10.327225982619305,10.597115171560693,28421400,ABEV3.SA
2022-06-17,10.343101501464844,10.422480942518042,10.168467942377331,10.224033096903499,38950600,ABEV3.SA
2022-06-20,10.358976364135742,10.517734468865896,10.224031785860522,10.311348554207518,13366700,ABEV3.SA
2022-06-21,10.454232215881348,10.565363278213963,10.271659810407652,10.382790872740268,19966600,ABEV3.SA
2022-06-22,10.557424545288086,10.628865884114004,10.366914813097893,10.46216967919299,16963200,ABEV3.SA
2022-06-23,10.581238746643066,10.620928465965749,10.517735498534146,10.597114937179512,17466700,ABEV3.SA
2022-06-24,10.851127624511719,10.930507060925157,10.581238449128124,10.636803600406484,25329300,ABEV3.SA
2022-06-27,10.890817642211914,10.994010609579789,10.827314394142213,10.898754980456804,16111400,ABEV3.SA
2022-06-28,10.732059478759766,10.962258941338746,10.620928416576717,10.882879503062506,24086500,ABEV3.SA
2022-06-29,10.803500175476074,10.874941519252973,10.597114996476455,10.716183398092328,27461600,ABEV3.SA
2022-06-30,10.63680362701416,10.747934686867282,10.59711466572657,10.612990098837924,22872000,ABEV3.SA
2022-07-01,10.922569274902344,10.954320898962356,10.557425219702983,10.597114939032608,17714200,ABEV3.SA
2022-07-04,10.859066009521484,10.962258976807105,10.803500099740964,10.890817633531027,7157000,ABEV3.SA
2022-07-05,11.184521675109863,11.224211399096912,10.732060789905645,10.811439480861225,26056900,ABEV3.SA
2022-07-06,11.295649528503418,11.422656768945536,11.128954086773494,11.160705707629434,21918400,ABEV3.SA
2022-07-07,11.295649528503418,11.414718674476962,11.113077897836344,11.390905148089596,19019700,ABEV3.SA
2022-07-08,11.359153747558594,11.398842706634571,11.208332977803751,11.30358784221916,13974800,ABEV3.SA
2022-07-11,11.192458152770996,11.382967891937023,11.136892244417098,11.279774927300823,11484300,ABEV3.SA
2022-07-12,10.946383476257324,11.20039648434442,10.739997528677321,11.20039648434442,50374400,ABEV3.SA
2022-07-13,11.565539360046387,11.644918795333446,10.954320433602264,10.954320433602264,53045500,ABEV3.SA
2022-07-14,11.779863357543945,11.875118225486814,11.406781223670581,11.414719318587087,42313700,ABEV3.SA
2022-07-15,11.581416130065918,11.81161559550783,11.56553993940585,11.75605044223447,25341500,ABEV3.SA
2022-07-18,11.502037048339844,11.684609461513638,11.438533797762469,11.589354585647577,16582000,ABEV3.SA
2022-07-19,11.494098663330078,11.716360791772562,11.446471605105575,11.502036758706975,21362100,ABEV3.SA
2022-07-20,11.351216316223145,11.557602246358826,11.200395537655371,11.438533091118204,48699500,ABEV3.SA
2022-07-21,11.557602882385254,11.581416411936496,11.255962065668527,11.30358912477101,25407300,ABEV3.SA
2022-07-22,11.517912864685059,11.605229642132928,11.398843705963309,11.541726393622035,22205400,ABEV3.SA
2022-07-25,11.652856826782227,11.73223550461844,11.470284429423986,11.533787674500315,14348000,ABEV3.SA
2022-07-26,11.763988494873047,11.811616312726844,11.549665207077172,11.660795520371892,27532200,ABEV3.SA
2022-07-27,11.89099407196045,11.986249700235428,11.629042986750315,11.787801862529665,37333600,ABEV3.SA
2022-07-28,11.986249923706055,12.541903728238069,11.69254645224953,12.256138352122193,70122600,ABEV3.SA
2022-07-29,11.85130500793457,12.089441805515188,11.771925570728753,12.010063125327788,40541400,ABEV3.SA
2022-08-01,11.613166809082031,11.819552728752932,11.4544087004961,11.79573844470126,34565900,ABEV3.SA
2022-08-02,11.676671028137207,11.740174276877466,11.517912906286558,11.557602626003831,12515800,ABEV3.SA
2022-08-03,11.613166809082031,11.763986822984075,11.430594416444427,11.69254548486581,19576600,ABEV3.SA
2022-08-04,11.652856826782227,11.74811169439672,11.430594711996681,11.708421976969417,22962500,ABEV3.SA
2022-08-05,11.589353561401367,11.859241973993722,11.56553927677567,11.692545766705813,20809900,ABEV3.SA
2022-08-08,11.7481107711792,11.763986202691523,11.517911336612979,11.652855911050247,16864800,ABEV3.SA
2022-08-09,11.700485229492188,11.803678203879382,11.605230350908272,11.779864673488024,13704000,ABEV3.SA
2022-08-10,12.033876419067383,12.057689946957488,11.708422095501803,11.867180209799841,19048300,ABEV3.SA
2022-08-11,12.010064125061035,12.15294682111788,11.954498968602698,12.15294682111788,11619800,ABEV3.SA
2022-08-12,12.073567390441895,12.192635799273173,11.970374416179496,12.113257112391814,17954400,ABEV3.SA
2022-08-15,12.240263938903809,12.303767192886257,11.954499295982789,12.010064453962805,21276600,ABEV3.SA
2022-08-16,12.303765296936035,12.391082068452189,12.168820713763008,12.256137485279162,16447100,ABEV3.SA
2022-08-17,12.34345531463623,12.406958560380778,12.184697200274863,12.272013973919014,27664000,ABEV3.SA
2022-08-18,12.700661659240723,12.716537849683618,12.375207325345627,12.430772477858909,34709400,ABEV3.SA
2022-08-19,12.430771827697754,12.875294538591184,12.335516961077731,12.613344223149918,38987700,ABEV3.SA
2022-08-22,12.240263938903809,12.518091242840898,12.176760684921359,12.47046342384481,18162300,ABEV3.SA
2022-08-23,12.256138801574707,12.31964280961026,12.137070395172287,12.184698211944335,14311100,ABEV3.SA
2022-08-24,12.541903495788574,12.613344838493461,12.248200786793925,12.256138124969027,18054400,ABEV3.SA
2022-08-25,12.557778358459473,12.764164282001245,12.502213208666838,12.660971320230358,10482600,ABEV3.SA
2022-08-26,12.438711166381836,12.621282823072878,12.391083349799825,12.613345484491262,12927600,ABEV3.SA
2022-08-29,12.391081809997559,12.454585052869911,12.311703134916305,12.422833431433734,9512400,ABEV3.SA
2022-08-30,12.216448783874512,12.486337198912016,12.113255820616759,12.462523671088967,15374700,ABEV3.SA
2022-08-31,12.121193885803223,12.399020395105742,12.121193885803223,12.240262281644531,22741700,ABEV3.SA
2022-09-01,12.248200416564941,12.462523681182784,11.978311244290444,12.192634508908284,33540800,ABEV3.SA
2022-09-02,12.287888526916504,12.494274439316294,12.184696327734958,12.279951189530626,22400800,ABEV3.SA
2022-09-05,12.34345531463623,12.39108237043544,12.256137783973676,12.383145032481174,9796000,ABEV3.SA
2022-09-06,12.351393699645996,12.43077238018146,12.216449110015446,12.256138071773966,20160400,ABEV3.SA
2022-09-08,12.303765296936035,12.494275029526762,12.184696903321427,12.383144730691363,22311100,ABEV3.SA
2022-09-09,12.478401184082031,12.51015281021889,12.287890670242385,12.303766861820055,13422600,ABEV3.SA
2022-09-12,12.462525367736816,12.541904813978233,12.367270486458217,12.533966717950392,18048600,ABEV3.SA
2022-09-13,12.37520694732666,12.60540640258788,12.295827511573798,12.383145042305628,27453000,ABEV3.SA
2022-09-14,12.208511352539062,12.375207570398237,12.12119457442938,12.375207570398237,17680200,ABEV3.SA
2022-09-15,12.145007133483887,12.256137431834686,12.0973793220347,12.208510377403881,13293700,ABEV3.SA
2022-09-16,12.121193885803223,12.224386091789212,12.018000922798837,12.097379601020243,47764700,ABEV3.SA
2022-09-19,12.279953002929688,12.327580062351506,12.049753530341667,12.145008406203765,14253700,ABEV3.SA
2022-09-20,12.510152816772461,12.510152816772461,12.160884172065542,12.287890676679519,43727000,ABEV3.SA
2022-09-21,12.34345531463623,12.59746829761442,12.279952068891683,12.518089618942938,24983700,ABEV3.SA
2022-09-22,12.438711166381836,12.478400887363769,12.224387127290479,12.47046279176369,32533500,ABEV3.SA
2022-09-23,12.200573921203613,12.287890704065706,12.041815790082316,12.224387451617188,39045900,ABEV3.SA
2022-09-26,12.121193885803223,12.295827432101357,12.041814450563418,12.19263446909697,25475400,ABEV3.SA
2022-09-27,12.256138801574707,12.383146060627347,12.105318769663743,12.216449837452878,34504900,ABEV3.SA
2022-09-28,12.478401184082031,12.541904436355752,12.208511983409473,12.240263609546334,30344400,ABEV3.SA
2022-09-29,12.391081809997559,12.510150958146994,12.27995151348013,12.375206377788656,40055300,ABEV3.SA
2022-09-30,12.335517883300781,12.454586286222955,12.264076538740099,12.383145698680718,28170400,ABEV3.SA
2022-10-03,12.938797950744629,12.95467414056298,12.32757902608765,12.54190304652501,37122200,ABEV3.SA
2022-10-04,12.8911714553833,13.097557389877922,12.772103054646328,13.097557389877922,21559300,ABEV3.SA
2022-10-05,12.795917510986328,12.962612971432875,12.660972160923924,12.946736780713143,38105500,ABEV3.SA
2022-10-06,12.819731712341309,12.907049256998263,12.684787104251946,12.899111160753353,28042900,ABEV3.SA
2022-10-07,12.240263938903809,12.73241529279554,12.145009057930135,12.668911281794589,40213400,ABEV3.SA
2022-10-10,12.065627098083496,12.279951103383981,11.954496805277328,12.272013009035442,29475700,ABEV3.SA
2022-10-11,11.898931503295898,12.12119361417932,11.859241786565404,12.049752275468105,30204200,ABEV3.SA
2022-10-13,11.91480827331543,12.03387667228985,11.668732623211628,11.763987493794849,25868700,ABEV3.SA
2022-10-14,11.77192497253418,12.002124420311283,11.740173350669005,11.922745744157538,16971400,ABEV3.SA
2022-10-17,11.843366622924805,11.954497680889155,11.724298227048887,11.843366622924805,11542800,ABEV3.SA
2022-10-18,11.82749080657959,12.010063210642524,11.7639875591712,11.95449805841479,24386300,ABEV3.SA
2022-10-19,11.819554328918457,11.93862273722314,11.732236789611111,11.85130595493427,31016000,ABEV3.SA
2022-10-20,11.938621520996094,11.994186671608542,11.827490462752797,11.875118275433753,25176800,ABEV3.SA
2022-10-21,12.152945518493652,12.184697141212016,11.867180157009976,11.89893177972834,36933200,ABEV3.SA
2022-10-24,12.049753189086914,12.176759686639494,11.922746691534334,12.033876998383622,19032100,ABEV3.SA
2022-10-25,11.835429191589355,12.065628658336557,11.771925942625883,12.049753224604908,26198600,ABEV3.SA
2022-10-26,11.986249923706055,12.025938886372426,11.58935424089484,11.74811236261564,33679000,ABEV3.SA
2022-10-27,12.351393699645996,12.510151817735345,12.073566425225822,12.105318048843692,51627700,ABEV3.SA
2022-10-28,12.51809024810791,12.51809024810791,12.287890024440953,12.351394030395644,29961700,ABEV3.SA
2022-10-31,12.700661659240723,12.716537849683618,12.462524101726274,12.518090011257982,26748700,ABEV3.SA
2022-11-01,12.533965110778809,12.811791622962371,12.51808967777726,12.724475605926242,28453200,ABEV3.SA
2022-11-03,12.716538429260254,12.732414620426733,12.272014917838849,12.311704638736584,26575500,ABEV3.SA
2022-11-04,13.057868957519531,13.145184980783515,12.732414609081333,12.835606823497649,30212300,ABEV3.SA
2022-11-07,12.986428260803223,13.192814213993833,12.94673778093753,12.962613972883807,32125700,ABEV3.SA
2022-11-08,13.288065910339355,13.319818288431875,12.85148130982423,12.907046457449422,31603000,ABEV3.SA
2022-11-09,13.081681251525879,13.399197492769348,13.034054193848574,13.184874976203046,27623800,ABEV3.SA
2022-11-10,12.692724227905273,13.081681829879313,12.597469351320926,12.827668825654385,56534200,ABEV3.SA
2022-11-11,12.772103309631348,12.859420845132222,12.430772777077266,12.510152217165615,30034900,ABEV3.SA
2022-11-14,12.660971641540527,13.002301400809767,12.526027054032316,12.962612439675452,20762300,ABEV3.SA
2022-11-16,12.256138801574707,12.692724220081027,12.200573646189373,12.653034498940732,42516500,ABEV3.SA
2022-11-17,12.224386215209961,12.327579179256212,11.906869985081808,12.145007536187125,35475900,ABEV3.SA
2022-11-18,12.39902114868164,12.57365546261193,12.24026302557158,12.351394090257845,40152500,ABEV3.SA
2022-11-21,12.438711166381836,12.541904138127476,12.319642760454503,12.526027946927318,15656100,ABEV3.SA
2022-11-22,12.430771827697754,12.605406128343652,12.303765338871058,12.462523449904428,31512300,ABEV3.SA
2022-11-23,12.478401184082031,12.58159415828145,12.343456583745752,12.422835270578663,26642400,ABEV3.SA
2022-11-24,12.732415199279785,12.867358288218997,12.502214959011033,12.613346031173345,14019000,ABEV3.SA
2022-11-25,12.51809024810791,12.756227053109626,12.45458624215322,12.724476185659942,16221100,ABEV3.SA
2022-11-28,12.629219055175781,12.700660390998081,12.478399046120753,12.541902287514276,15172700,ABEV3.SA
2022-11-29,12.510152816772461,12.740351538621434,12.454586903239985,12.629221225593444,23998200,ABEV3.SA
2022-11-30,12.637158393859863,12.700661641505919,12.43077246050097,12.510151898567752,32952700,ABEV3.SA
2022-12-01,12.764164924621582,12.827668172444104,12.60540680506528,12.63715842897654,28272700,ABEV3.SA
2022-12-02,12.962613105773926,13.137246663390195,12.66097229213885,12.819730415889298,42011000,ABEV3.SA
2022-12-05,12.716538429260254,12.859421121684717,12.676848708362519,12.724476524843492,22919200,ABEV3.SA
2022-12-06,12.740350723266602,12.85942063850433,12.637158512635683,12.85942063850433,20081600,ABEV3.SA
2022-12-07,12.700661659240723,12.811791964267286,12.59746869241718,12.803853869045838,26792000,ABEV3.SA
2022-12-08,12.462525367736816,12.668911322349699,12.39108401752324,12.660973226321856,34785200,ABEV3.SA
2022-12-09,12.3117036819458,12.541903136840808,12.3117036819458,12.52602694690813,25402800,ABEV3.SA
2022-12-12,12.097379684448242,12.287889421915521,11.97037319280339,12.287889421915521,31800600,ABEV3.SA
2022-12-13,12.129131317138672,12.375206962662777,12.018001015369027,12.137069412127476,62286000,ABEV3.SA
2022-12-14,12.010064125061035,12.081505473089457,11.684609768059094,12.05769118573433,74145500,ABEV3.SA
2022-12-15,11.906869888305664,12.081504191965966,11.827490452909599,11.91480798324895,36105800,ABEV3.SA
2022-12-16,11.787801742553711,12.018001201668694,11.740173928900976,11.898932046046065,44559500,ABEV3.SA
2022-12-19,12.089441299438477,12.279951789353786,11.843366417034547,11.890993471749585,43156700,ABEV3.SA
2022-12-20,12.133145332336426,12.266843771771722,11.907528618110197,12.041227057545491,23944700,ABEV3.SA
2022-12-21,11.991089820861816,12.291911291519796,11.95766521301093,12.174924765588937,40218600,ABEV3.SA
2022-12-22,12.049583435058594,12.14985726484995,11.932596901849232,12.024515176837145,24158300,ABEV3.SA
2022-12-23,12.216705322265625,12.333691844343473,12.083006895265504,12.116431502015534,30772700,ABEV3.SA
2022-12-26,12.133145332336426,12.233419161912899,12.074651667404316,12.174925496980787,4149300,ABEV3.SA
2022-12-27,12.133145332336426,12.25013106838953,12.049583409236588,12.199994552054074,13135400,ABEV3.SA
2022-12-28,12.158212661743164,12.308622996165306,12.133144405490391,12.199993620101454,15002000,ABEV3.SA
2022-12-29,12.133145332336426,12.258487420080625,12.057939760927683,12.258487420080625,22326300,ABEV3.SA
2023-01-02,11.857391357421875,12.07465172091992,11.715337362571452,12.032870759184826,14995900,ABEV3.SA
2023-01-03,11.840679168701172,12.024514917811345,11.790541856432746,11.832322817172177,36363800,ABEV3.SA
2023-01-04,11.907527923583984,12.091363665537772,11.765473140743174,11.932596180289565,23791800,ABEV3.SA
2023-01-05,11.940953254699707,12.04122708450065,11.81561116667492,11.924241348185664,31031500,ABEV3.SA
2023-01-06,11.966020584106445,11.999445191445632,11.83232215474969,11.949308678889599,20889800,ABEV3.SA
2023-01-09,12.03287124633789,12.091364913897376,11.924241857096549,11.940953764323835,24448600,ABEV3.SA
2023-01-10,12.149857521057129,12.199994835462846,11.907528894724916,11.91588524661013,35535000,ABEV3.SA
2023-01-11,11.940953254699707,12.358761277323078,11.656843671810925,12.124789007787546,74419600,ABEV3.SA
2023-01-12,11.782186508178711,11.840679376095114,11.41451500351846,11.531501536256823,69959500,ABEV3.SA
2023-01-13,11.59835147857666,11.740406278287406,11.506433995136723,11.698625314212666,44291300,ABEV3.SA
2023-01-16,11.030132293701172,11.481364953087404,11.013420386193477,11.46465304557971,58837000,ABEV3.SA
2023-01-17,11.58163833618164,11.656843909290869,11.030131862588073,11.113693787577343,68143400,ABEV3.SA
2023-01-18,11.514789581298828,11.748762661982411,11.473008617112074,11.640132473859092,32154400,ABEV3.SA
2023-01-19,11.397802352905273,11.573281742102905,11.32259678654836,11.422870609389078,51799200,ABEV3.SA
2023-01-20,11.30588436126709,11.397802632135411,11.172185927537377,11.322597063936067,33626000,ABEV3.SA
2023-01-23,11.21396541595459,11.431225740712081,11.163828111431545,11.330951928571412,29938500,ABEV3.SA
2023-01-24,11.372734069824219,11.372734069824219,11.147118152377361,11.213967372132398,17822600,ABEV3.SA
2023-01-25,11.45629596710205,11.481364225227194,11.255748308289787,11.322597527893874,22021000,ABEV3.SA
2023-01-26,11.481363296508789,11.573281563708383,11.305883910016057,11.447938689410435,22793400,ABEV3.SA
2023-01-27,11.406158447265625,11.489720368709364,11.356021931923815,11.489720368709364,23904300,ABEV3.SA
2023-01-30,11.30588436126709,11.447939146331292,11.230678793067746,11.439582794996804,32850700,ABEV3.SA
2023-01-31,11.414515495300293,11.48136471777218,11.280817050356518,11.38109088406435,35608800,ABEV3.SA
2023-02-01,11.013420104980469,11.473008307932773,10.737666864446851,11.397803530709993,136662100,ABEV3.SA
2023-02-02,10.954926490783691,11.30588530713883,10.863009009130904,10.913146324426892,49730600,ABEV3.SA
2023-02-03,10.846295356750488,11.046843803494497,10.787802491440644,10.9215009246663,40568400,ABEV3.SA
2023-02-06,10.879721641540527,11.030131992626654,10.821227974596203,10.896433548592059,25649000,ABEV3.SA
2023-02-07,10.829584121704102,10.9298579528331,10.771091252771914,10.879721435721386,22344400,ABEV3.SA
2023-02-08,11.021775245666504,11.063556207156429,10.8045156803489,10.896433158102287,24324300,ABEV3.SA
2023-02-09,10.879721641540527,11.055200251656743,10.821227974596203,10.988351029639446,17206200,ABEV3.SA
2023-02-10,10.74602222442627,10.854652407649853,10.528762654884677,10.84629605580829,49142000,ABEV3.SA
2023-02-13,10.971638679504395,11.005063289163209,10.737666411892693,10.746021966628232,16722700,ABEV3.SA
2023-02-14,10.863008499145508,11.163829986082,10.854652147504217,10.988350586142658,29701200,ABEV3.SA
2023-02-15,11.055200576782227,11.17218711720578,10.804516385297715,10.854652904832372,35211800,ABEV3.SA
2023-02-16,10.92985725402832,11.11369299779732,10.82958342931037,11.071912038271796,34528900,ABEV3.SA
2023-02-17,11.030132293701172,11.071913257828816,10.871365586302849,10.896433846017192,13404000,ABEV3.SA
2023-02-22,11.038487434387207,11.122049353471224,10.904789001377194,10.904789001377194,29184000,ABEV3.SA
2023-02-23,11.07191276550293,11.19725485540677,10.963282582363666,11.0384881550682,24914000,ABEV3.SA
2023-02-24,11.13040542602539,11.197254645642527,10.929857767173983,11.04684429995675,26791100,ABEV3.SA
2023-02-27,11.197254180908203,11.24739149199292,11.080268449886406,11.180542275150314,30248900,ABEV3.SA
2023-02-28,11.188898086547852,11.356021120589636,11.147117128811034,11.222322693356208,39333900,ABEV3.SA
2023-03-01,11.255748748779297,11.389447193219713,11.080269341224856,11.21396778566527,28582000,ABEV3.SA
2023-03-02,10.971638679504395,11.314241127733629,10.921501366563396,11.255748260057093,47796400,ABEV3.SA
2023-03-03,10.954926490783691,11.046844769342071,10.854652657097308,10.963282842817287,22570600,ABEV3.SA
2023-03-06,11.280816078186035,11.347665294896919,10.971638251671822,11.013419211342503,29101800,ABEV3.SA
2023-03-07,11.22232437133789,11.381091078190291,11.113694183741783,11.255748983143954,23803700,ABEV3.SA
2023-03-08,11.38109016418457,11.397802867198221,11.155474251839067,11.197254415562112,24867300,ABEV3.SA
2023-03-09,11.364377975463867,11.514788314318576,11.330953367173318,11.330953367173318,19988600,ABEV3.SA
2023-03-10,11.28917407989502,11.447940793567504,11.247393114116269,11.297530432431897,25089300,ABEV3.SA
2023-03-13,11.372734069824219,11.473007899456773,11.255748333705686,11.280816591887433,15168800,ABEV3.SA
2023-03-14,11.656844139099121,11.765474324964526,11.356022637637256,11.372734544821231,52093500,ABEV3.SA
2023-03-15,11.715336799621582,11.782186016423244,11.489720095236825,11.531501054964245,36367400,ABEV3.SA
2023-03-16,11.915884971618652,12.041227059381969,11.698624609050382,11.698624609050382,29043700,ABEV3.SA
2023-03-17,11.882460594177246,12.03287094305416,11.77383041076829,11.865747890465602,52021500,ABEV3.SA
2023-03-20,11.798897743225098,11.92424062050637,11.740404878637145,11.865746959012904,33729400,ABEV3.SA
2023-03-21,11.656844139099121,11.849036251601172,11.615063175780797,11.815611640327631,16500900,ABEV3.SA
2023-03-22,11.656844139099121,11.773830677009308,11.606707620641606,11.62341952782558,16107100,ABEV3.SA
2023-03-23,11.514789581298828,11.823967441231838,11.422872097612457,11.706981697795657,26202600,ABEV3.SA
2023-03-24,11.606706619262695,11.715336795755936,11.489720091445625,11.564925659549061,27154200,ABEV3.SA
2023-03-27,11.640131950378418,11.790542299018618,11.598350988070639,11.698624819465964,15709700,ABEV3.SA
2023-03-28,12.191637992858887,12.55930869504812,11.615062486475656,11.656843447314456,121741000,ABEV3.SA
2023-03-29,12.37547492980957,12.467392414949801,12.108077232928283,12.25013203526676,40734700,ABEV3.SA
2023-03-30,12.383830070495605,12.576022183595438,12.325337199811376,12.534241220147162,24247000,ABEV3.SA
2023-03-31,11.974376678466797,12.467390223829968,11.857390156834787,12.425609266325287,68236900,ABEV3.SA
2023-04-03,11.974376678466797,11.99108938023086,11.732048081226228,11.890814763457435,24136100,ABEV3.SA
2023-04-04,12.057940483093262,12.216707190205028,11.890816626884321,12.041227778710125,25925800,ABEV3.SA
2023-04-05,12.03287124633789,12.225063359338039,11.874104541603504,12.124789525257542,20359100,ABEV3.SA
2023-04-06,12.057940483093262,12.208350838013459,11.899172979075889,11.899172979075889,39044600,ABEV3.SA
2023-04-10,12.0830078125,12.350404686798635,11.982733984638012,12.116432421787328,31288100,ABEV3.SA
2023-04-11,12.350404739379883,12.425610309822945,12.024514996667348,12.108076121788656,43646400,ABEV3.SA
2023-04-12,12.33369255065918,12.475747336708256,12.23341872466669,12.38382906520266,38015500,ABEV3.SA
2023-04-13,12.191637992858887,12.400542000147338,12.057939555699166,12.308623726920871,25996600,ABEV3.SA
2023-04-14,12.241774559020996,12.308623777877607,12.066295160296004,12.116432472891237,14511000,ABEV3.SA
2023-04-17,12.325336456298828,12.3420491594322,12.17492531572066,12.308623753165454,12975100,ABEV3.SA
2023-04-18,12.225062370300293,12.383829062190063,12.149856801597839,12.33369254765878,17645400,ABEV3.SA
2023-04-19,12.183281898498535,12.266843821940121,12.057939810241717,12.14150093677774,22727300,ABEV3.SA
2023-04-20,12.199994087219238,12.367117130145763,12.166569478633933,12.208349641686418,25584600,ABEV3.SA
2023-04-24,11.982734680175781,12.316980792450389,11.924241809754122,12.250131569995467,39968000,ABEV3.SA
2023-04-25,11.940953254699707,12.016158826276804,11.748761946807626,11.932596902989905,29356500,ABEV3.SA
2023-04-26,11.874103546142578,12.016158331740572,11.823966234852774,11.86574719477669,19935800,ABEV3.SA
2023-04-27,11.83232307434082,11.907528645925238,11.706980986303831,11.849035777762051,16155400,ABEV3.SA
2023-04-28,11.83232307434082,11.882460387698952,11.681911931171985,11.782186557888249,21948100,ABEV3.SA
2023-05-02,11.915884971618652,11.966021487961756,11.665199999186461,11.748761922299044,26656000,ABEV3.SA
2023-05-03,12.183281898498535,12.266843821940121,11.807254836822517,11.907528666809085,34868300,ABEV3.SA
2023-05-04,12.225062370300293,12.793281514358368,12.091363935676165,12.701363242875132,54120800,ABEV3.SA
2023-05-05,12.108077049255371,12.291912813652765,11.949310341529628,12.25848820166284,25846600,ABEV3.SA
2023-05-08,12.124789237976074,12.233419421549156,12.05794001683965,12.174925755375604,18558200,ABEV3.SA
2023-05-09,12.116433143615723,12.174926014126836,12.066295828245059,12.10807679156968,14106700,ABEV3.SA
2023-05-10,12.03287124633789,12.108076821124662,11.932597412257394,12.066295857698057,32128700,ABEV3.SA
2023-05-11,12.116433143615723,12.250131588730037,12.041227569012523,12.041227569012523,24022900,ABEV3.SA
2023-05-12,12.074652671813965,12.116433636839364,11.924242313390405,12.04122805917477,17911800,ABEV3.SA
2023-05-15,12.216705322265625,12.250129929015655,12.091363246179382,12.099718800187777,12250300,ABEV3.SA
2023-05-16,12.199994087219238,12.400541738731068,12.199994087219238,12.25848695301714,12620000,ABEV3.SA
2023-05-17,12.166570663452148,12.250131794600088,12.09136508758508,12.241775442413612,21093400,ABEV3.SA
2023-05-18,12.158212661743164,12.191637269048696,12.007801530415524,12.149856310690407,28578200,ABEV3.SA
2023-05-19,12.183281898498535,12.342049393656437,12.032870755065904,12.199994601949077,26033100,ABEV3.SA
2023-05-22,12.216705322265625,12.400541057843535,12.166568810593322,12.325335493429595,19796100,ABEV3.SA
2023-05-23,12.191637992858887,12.258487211438748,12.083007813440227,12.183281641310018,12569600,ABEV3.SA
2023-05-24,12.250131607055664,12.367118145158491,12.108076809682801,12.108076809682801,13887400,ABEV3.SA
2023-05-25,12.316981315612793,12.475748823366057,12.24177573793026,12.408899598071724,20059400,ABEV3.SA
2023-05-26,12.33369255065918,12.450678282530985,12.23341872466669,12.375473510715766,9976800,ABEV3.SA
2023-05-29,12.33369255065918,12.408898119379929,12.199994116002527,12.258486981938429,5236900,ABEV3.SA
2023-05-30,12.099720001220703,12.442323250547584,12.049583484571787,12.392185936993107,24198200,ABEV3.SA
2023-05-31,12.041227340698242,12.074651951343055,11.899172546231394,12.066295599455458,41149000,ABEV3.SA
2023-06-01,11.89917278289795,12.049583932243973,11.874104523642144,11.99109106167856,21073100,ABEV3.SA
2023-06-02,12.0830078125,12.216706249649317,11.907528414515134,12.032870500116232,26641200,ABEV3.SA
2023-06-05,12.041227340698242,12.13314561765066,11.982734471296215,12.049583692585841,13795200,ABEV3.SA
2023-06-06,12.383830070495605,12.408899126707928,12.041227604649812,12.083008568098087,38723100,ABEV3.SA
2023-06-07,12.40889835357666,12.559308696951367,12.241774510196137,12.442322962871655,29670300,ABEV3.SA
2023-06-09,12.651226997375488,12.676295255174212,12.442322989606506,12.467391247405232,27318300,ABEV3.SA
2023-06-12,12.667938232421875,12.726431096488293,12.475746937971929,12.651226327076687,23053500,ABEV3.SA
2023-06-13,12.759857177734375,12.784925435534454,12.576021427754172,12.709719865228665,17207900,ABEV3.SA
2023-06-14,12.8099946975708,12.893556625995949,12.60109067341354,12.751501825816563,38582700,ABEV3.SA
2023-06-15,12.69300651550293,12.82670574307226,12.525883477173151,12.726431123168886,19514800,ABEV3.SA
2023-06-16,12.592733383178711,12.768212782275874,12.576021476881888,12.651227047481465,42108400,ABEV3.SA
2023-06-19,12.626158714294434,12.684652381940248,12.559309491475442,12.592734102884938,8520800,ABEV3.SA
2023-06-20,12.651226997375488,12.659582552038032,12.542596817706952,12.584377778641857,17804600,ABEV3.SA
2023-06-21,12.76821231842041,12.793281372313238,12.601089276995834,12.642870236578359,15349000,ABEV3.SA
2023-06-22,12.993828773498535,13.035609732281943,12.693006507782401,12.693006507782401,24788600,ABEV3.SA
2023-06-23,12.943692207336426,13.027254129704804,12.901911246152237,12.993829520138563,15765000,ABEV3.SA
2023-06-26,12.818351745605469,12.952050200818693,12.693008846163833,12.943693848141454,17722200,ABEV3.SA
2023-06-27,12.851775169372559,12.918624390789132,12.693007670829015,12.860131521276026,13978600,ABEV3.SA
2023-06-28,12.718076705932617,12.89355611109319,12.667939391498635,12.885199759203264,21624500,ABEV3.SA
2023-06-29,12.718076705932617,12.826706889784932,12.693007650262837,12.759857668476673,14781100,ABEV3.SA
2023-06-30,12.876842498779297,12.92697980967581,12.743144065595962,12.826705984788306,18270700,ABEV3.SA
2023-07-03,12.876842498779297,12.952048066671304,12.801636930887291,12.952048066671304,9309100,ABEV3.SA
2023-07-04,12.651226997375488,12.868486559807012,12.617802388008673,12.868486559807012,12338500,ABEV3.SA
2023-07-05,12.709720611572266,12.793282538353543,12.617803129637334,12.651227740968727,16649000,ABEV3.SA
2023-07-06,12.39218521118164,12.75150034604452,12.367116954325434,12.659582076062565,28789100,ABEV3.SA
2023-07-07,12.40889835357666,12.601089657796498,12.375473744281663,12.392185650476389,18082900,ABEV3.SA
2023-07-10,12.542596817016602,13.186020746518764,12.47574759828665,12.910267520031331,30024500,ABEV3.SA
2023-07-11,12.225062370300293,12.50081559093894,12.183281410253871,12.484102888158159,26625300,ABEV3.SA
2023-07-12,12.275199890136719,12.375474521222563,12.183282408031223,12.208350667349887,17859500,ABEV3.SA
2023-07-13,12.33369255065918,12.442322728044092,12.225062373274266,12.250130630546005,13600600,ABEV3.SA
2023-07-14,12.316981315612793,12.367118633036357,12.166570957153352,12.291913055353824,13152500,ABEV3.SA
2023-07-17,12.383830070495605,12.39218642256638,12.22506336567887,12.300268940504647,21044500,ABEV3.SA
2023-07-18,12.2584867477417,12.475747098360795,12.216705788483333,12.350404220585695,49083400,ABEV3.SA
2023-07-19,12.225062370300293,12.32533619626839,12.091363935676165,12.291911587612358,34813800,ABEV3.SA
2023-07-20,12.467391014099121,12.525883880170065,12.108075872450673,12.325336227722085,42121000,ABEV3.SA
2023-07-21,12.784924507141113,12.926979285868665,12.433965735803106,12.433965735803106,44120600,ABEV3.SA
2023-07-24,12.634513854980469,12.843417855486573,12.54259638164377,12.718075773945118,28477500,ABEV3.SA
2023-07-25,12.559309005737305,12.759857463343552,12.358761345036623,12.734788408076794,25287600,ABEV3.SA
2023-07-26,12.51752758026123,12.576021243478378,12.425610105070765,12.50917202572067,22007900,ABEV3.SA
2023-07-27,12.28355598449707,12.567665573833159,12.266844077603782,12.49246000054942,24140400,ABEV3.SA
2023-07-28,12.500814437866211,12.534239043439163,12.250129497616335,12.325335059381844,15430600,ABEV3.SA
2023-07-31,12.417254447937012,12.617802909329365,12.342049671433656,12.509172725172634,16905900,ABEV3.SA
2023-08-01,12.51752758026123,12.559308540586184,12.250130709230396,12.375473590205251,18921400,ABEV3.SA
2023-08-02,12.576022148132324,12.693007889170895,12.417254646857701,12.492460221471408,22855900,ABEV3.SA
2023-08-03,12.225062370300293,12.910267246201716,12.15821315298823,12.601089416907037,63225600,ABEV3.SA
2023-08-04,12.291912078857422,12.450678777092287,12.149857287165698,12.250131117141228,22648600,ABEV3.SA
2023-08-07,12.26684284210205,12.325335705695592,12.14985631800947,12.325335705695592,15395800,ABEV3.SA
2023-08-08,12.116433143615723,12.266844292822121,12.083008532337145,12.099720439523637,15367000,ABEV3.SA
2023-08-09,12.016159057617188,12.116432889348646,11.940953484592201,12.083008278771493,19585700,ABEV3.SA
2023-08-10,12.007801055908203,12.216705042538976,11.966020099200955,12.099718523139776,9563200,ABEV3.SA
2023-08-11,11.999445915222168,12.091364188628342,11.932596696511615,12.066295133932723,15263200,ABEV3.SA
2023-08-14,11.974376678466797,12.07465049833474,11.874102858598853,11.999444934207412,17113600,ABEV3.SA
2023-08-15,11.865747451782227,12.049583201285916,11.849035545594008,12.007802240457048,14551800,ABEV3.SA
2023-08-16,11.84903621673584,11.991091013456794,11.815611605560651,11.86574812387064,39194000,ABEV3.SA
2023-08-17,11.882460594177246,11.999446332536449,11.765474058912469,11.890816149127494,39513800,ABEV3.SA
2023-08-18,11.999445915222168,12.01615861835258,11.840679220010989,11.882460180931472,20322700,ABEV3.SA
2023-08-21,11.95766544342041,12.057939268905223,11.915884483575358,12.032870214854876,18739800,ABEV3.SA
2023-08-22,12.049583435058594,12.124789006628502,11.899172291918779,11.92424134704579,27151300,ABEV3.SA
2023-08-23,12.074652671813965,12.191639214503956,11.982735186282587,11.982735186282587,27857800,ABEV3.SA
2023-08-24,11.857391357421875,12.108076330926885,11.832323099143043,12.07465172091992,26953700,ABEV3.SA
2023-08-25,11.690268516540527,11.907528883925632,11.422871631700755,11.907528883925632,55070100,ABEV3.SA
2023-08-28,11.874103546142578,11.957665465990408,11.581637623580702,11.715336854718336,35551200,ABEV3.SA
2023-08-29,11.915884971618652,11.982734191346495,11.84067940019844,11.924241323311023,14591500,ABEV3.SA
2023-08-30,11.84903621673584,11.982734661436599,11.840679864715645,11.890816383025635,25045400,ABEV3.SA
2023-08-31,11.564927101135254,11.832324001585116,11.456296911101091,11.815612093759812,44974800,ABEV3.SA
2023-09-01,11.589994430541992,11.698624611852143,11.439583287665544,11.57328252405881,20325700,ABEV3.SA
2023-09-04,11.58163833618164,11.681912168025418,11.498077208097948,11.623419298676275,23856400,ABEV3.SA
2023-09-05,11.70698070526123,11.87410375093371,11.548213214193217,11.61506243246221,37047300,ABEV3.SA
2023-09-06,11.68191146850586,11.832322605717609,11.66519956265207,11.690267819885518,26849800,ABEV3.SA
2023-09-08,11.4479398727417,11.66520023979115,11.4479398727417,11.656843887926422,23119600,ABEV3.SA
2023-09-11,11.589994430541992,11.63177539210829,11.456295991054287,11.52314521079814,14866900,ABEV3.SA
2023-09-12,11.45629596710205,11.615062664435372,11.414515005623107,11.573282499861985,18024700,ABEV3.SA
2023-09-13,11.397802352905273,11.548212688713598,11.389446001775504,11.45629521700265,32126800,ABEV3.SA
2023-09-14,11.30588436126709,11.46465184900027,11.28081610416915,11.431227240567841,21983200,ABEV3.SA
2023-09-15,11.21396541595459,11.37273208595096,11.197252715478434,11.322595578333335,39186700,ABEV3.SA
2023-09-18,11.188898086547852,11.26410285418754,11.122048872931138,11.188898086547852,19997200,ABEV3.SA
2023-09-19,11.22232437133789,11.322598206756082,11.113694183741783,11.122050535919701,25991300,ABEV3.SA
2023-09-20,11.255748748779297,11.330954323003429,11.239036044771451,11.255748748779297,15729400,ABEV3.SA
2023-09-21,11.063555717468262,11.1972541507939,11.030131109136851,11.13040493413108,29875400,ABEV3.SA
2023-09-22,10.963282585144043,11.096981026916868,10.946570678375227,11.071912768310856,16325200,ABEV3.SA
2023-09-25,11.046844482421875,11.138761961687285,10.954926206250894,10.98835081661155,20229100,ABEV3.SA
2023-09-26,10.896432876586914,11.055199569860134,10.86300826763963,11.021774960912849,29094600,ABEV3.SA
2023-09-27,10.837940216064453,10.946570396433367,10.74602194203392,10.929857693189433,32045700,ABEV3.SA
2023-09-28,10.846295356750488,10.971638235578684,10.804515194046612,10.863008059356456,43949200,ABEV3.SA
2023-09-29,10.954926490783691,11.00506380607968,10.904789972393296,10.929858231588494,22876500,ABEV3.SA
2023-10-02,10.938213348388672,10.98834986111724,10.846295080210464,10.954925253663028,17955500,ABEV3.SA
2023-10-03,10.904788970947266,11.105336619902653,10.812870700830242,10.913145322213452,31511700,ABEV3.SA
2023-10-04,11.038487434387207,11.088624745218722,10.89643265008769,10.904789001377194,15774100,ABEV3.SA
2023-10-05,10.771090507507324,11.05519927759554,10.746021453780454,11.01341911519512,31497000,ABEV3.SA
2023-10-06,11.021775245666504,11.096980816967257,10.645748186068296,10.695885499237317,40211800,ABEV3.SA
2023-10-09,11.0050630569458,11.021774962969793,10.904789230085232,10.988350354016271,15459500,ABEV3.SA
2023-10-10,11.07191276550293,11.163830244972042,10.963282582363666,11.00506354463347,18408800,ABEV3.SA
2023-10-11,11.10533618927002,11.138760796133143,11.02177427365947,11.071911582406898,14042700,ABEV3.SA
2023-10-13,10.846295356750488,11.096980317501357,10.796158842743628,11.096980317501357,24773100,ABEV3.SA
2023-10-16,10.87136459350586,10.929857459799502,10.821227281750213,10.87136459350586,12422600,ABEV3.SA
2023-10-17,10.69588565826416,10.854652357999756,10.679172954657483,10.779446785580843,21533400,ABEV3.SA
2023-10-18,10.470269203186035,10.679173222067114,10.436844592041288,10.645748610922364,41902700,ABEV3.SA
2023-10-19,10.4619140625,10.603968067813083,10.453557710156401,10.495338674968776,15581700,ABEV3.SA
2023-10-20,10.436844825744629,10.553831365823624,10.361639249758532,10.403420213851431,14749400,ABEV3.SA
2023-10-23,10.428487777709961,10.50369334867801,10.34492665200534,10.411775871331258,11943700,ABEV3.SA
2023-10-24,10.4619140625,10.520406935093954,10.303146555594097,10.512050582750353,32749400,ABEV3.SA
2023-10-25,10.395062446594238,10.478624363404933,10.361637839251062,10.453556107123923,14976900,ABEV3.SA
2023-10-26,10.553831100463867,10.679173192685424,10.369995341220742,10.428488211336724,25002300,ABEV3.SA
2023-10-27,10.269721984863281,10.55383159045536,10.26136563248572,10.51205062547318,27730300,ABEV3.SA
2023-10-30,10.328213691711426,10.436843869639253,10.278077176917373,10.361638300542639,26078000,ABEV3.SA
2023-10-31,10.74602222442627,10.821227797189179,10.537118209820665,10.821227797189179,64210200,ABEV3.SA
2023-11-01,10.854652404785156,10.863008756624513,10.662461093913397,10.779446832042094,40528700,ABEV3.SA
2023-11-03,11.10533618927002,11.172185402996265,10.904788548091288,10.946569505896562,27360200,ABEV3.SA
2023-11-06,11.28917407989502,11.339310601305009,11.1053383086119,11.14711927439065,20562100,ABEV3.SA
2023-11-07,11.339309692382812,11.356022396116932,11.247392212561879,11.280816823124544,20565500,ABEV3.SA
2023-11-08,11.314240455627441,11.431226980936652,11.297528550243559,11.35602141444541,29629700,ABEV3.SA
2023-11-09,11.205611228942871,11.339309670940711,11.17218661844341,11.339309670940711,18858200,ABEV3.SA
2023-11-10,11.155474662780762,11.272460400563638,11.155474662780762,11.239035790210592,15140600,ABEV3.SA
2023-11-13,11.22232437133789,11.322598206756082,11.105337831563867,11.172187055175993,16559200,ABEV3.SA
2023-11-14,11.4479398727417,11.48972083515976,11.239035857556978,11.280816819975037,24478100,ABEV3.SA
2023-11-16,11.422871589660645,11.5315017729534,11.322597758214771,11.44793984829572,45772900,ABEV3.SA
2023-11-17,11.364377975463867,11.481363706028027,11.29752875888277,11.456295449036496,36893100,ABEV3.SA
2023-11-20,11.364377975463867,11.456295449036496,11.255747799293204,11.372733529857364,15170600,ABEV3.SA
2023-11-21,11.230679512023926,11.381090658051509,11.163830290879572,11.36437875121821,17196400,ABEV3.SA
2023-11-22,11.339309692382812,11.364378747983993,11.222323953866274,11.272460471257483,29650400,ABEV3.SA
2023-11-23,11.32259750366211,11.498076903973683,11.08862523554853,11.3727340198051,32233900,ABEV3.SA
2023-11-24,11.188898086547852,11.314240162852819,11.096979820145757,11.28081555604446,18133100,ABEV3.SA
2023-11-27,11.347665786743164,11.389446748224776,11.172186386044846,11.230679253975765,22972800,ABEV3.SA
2023-11-28,11.406158447265625,11.456295759512978,11.297529065056523,11.297529065056523,14913700,ABEV3.SA
2023-11-29,11.113693237304688,11.439582975434782,11.113693237304688,11.389446460448093,19363500,ABEV3.SA
2023-11-30,11.439581871032715,11.481362827425023,11.071911207972411,11.11369216436472,41991100,ABEV3.SA
2023-12-01,11.765474319458008,11.765474319458008,11.364378984363245,11.439583762014319,30042200,ABEV3.SA
2023-12-04,11.748762130737305,11.7738303893536,11.69026846475852,11.723693075215436,9861400,ABEV3.SA
2023-12-05,11.89917278289795,12.007802968880567,11.757117985605728,11.765474337659526,36765000,ABEV3.SA
2023-12-06,11.690268516540527,11.96602175325794,11.623419295330585,11.924241587680907,20919500,ABEV3.SA
2023-12-07,11.765474319458008,11.932597375747493,11.71533780102396,11.71533780102396,11940500,ABEV3.SA
2023-12-08,11.95766544342041,12.108075783194867,11.840678915235365,11.932596389370064,16690900,ABEV3.SA
2023-12-11,11.966020584106445,12.024514244629149,11.882459464211223,11.899171369428068,11080900,ABEV3.SA
2023-12-12,11.890814781188965,11.982733047217428,11.849034620527464,11.93259573875595,10541600,ABEV3.SA
2023-12-13,12.28355598449707,12.36711790968024,11.81561143480693,11.92424161878282,53960800,ABEV3.SA
2023-12-14,12.116433143615723,12.42561099716897,11.949310087222832,12.408899089982478,60791700,ABEV3.SA
2023-12-15,12.091363906860352,12.174925029848525,12.0245146897076,12.11643216406625,33747300,ABEV3.SA
2023-12-18,12.158212661743164,12.233418227406984,12.05793883982657,12.116431703384876,24363100,ABEV3.SA
2023-12-19,12.28355598449707,12.350405205881376,12.158213893627892,12.191638504320045,32674700,ABEV3.SA
2023-12-20,12.08149242401123,12.266144091564223,12.019942147680107,12.257350955357028,24316200,ABEV3.SA
2023-12-21,12.046320915222168,12.151836035759398,11.949598931036283,12.151836035759398,28969600,ABEV3.SA
2023-12-22,12.05511474609375,12.160629872709926,12.011149900363755,12.037528472377877,19864700,ABEV3.SA
2023-12-26,12.10787296295166,12.14304467250424,12.037528705286796,12.063908116371008,6884800,ABEV3.SA
2023-12-27,12.169424057006836,12.169424057006836,12.063908921308828,12.116666069877953,10305900,ABEV3.SA
2023-12-28,12.072699546813965,12.178215506444825,12.072699546813965,12.134250663025242,16500300,ABEV3.SA
2024-01-02,12.05511474609375,12.072700181249937,11.949599619477574,12.063907882951685,11690200,ABEV3.SA
2024-01-03,11.958393096923828,12.090286799310606,11.932013685598706,12.01994337956303,17612200,ABEV3.SA
2024-01-04,12.00235652923584,12.028735939294757,11.888049106552542,11.95839252292365,19996000,ABEV3.SA
2024-01-05,11.958393096923828,12.03752881522007,11.896841975724918,11.975978532580868,18293900,ABEV3.SA
2024-01-08,12.05511474609375,12.090286454965808,11.940806482619639,11.967185054633761,11014600,ABEV3.SA
2024-01-09,11.975976943969727,12.037527218444296,11.914426669495159,12.037527218444296,15705100,ABEV3.SA
2024-01-10,12.099080085754395,12.160630369153294,11.958393244522787,11.975978680396878,18313300,ABEV3.SA
2024-01-11,11.923221588134766,12.107873277726224,11.879256740411138,12.055115292745926,22254100,ABEV3.SA
2024-01-12,11.949600219726562,12.063908488942575,11.81770567591129,11.888049935748604,20300600,ABEV3.SA
2024-01-15,11.949600219726562,11.958393357026193,11.83529195051055,11.852877386550084,4752100,ABEV3.SA
2024-01-16,11.738570213317871,11.888050196450738,11.729777075825409,11.81770593507079,24233000,ABEV3.SA
2024-01-17,11.808913230895996,11.879256651302251,11.72098353610832,11.72098353610832,12493800,ABEV3.SA
2024-01-18,11.729776382446289,11.8001198011083,11.650639826811602,11.8001198011083,18425500,ABEV3.SA
2024-01-19,11.738570213317871,11.800120498645612,11.659433653005205,11.79132736115315,28017100,ABEV3.SA
2024-01-22,11.74736213684082,11.826498694624522,11.633053868770997,11.76494841126374,16245600,ABEV3.SA
2024-01-23,11.75615406036377,11.808912039626152,11.633052667791297,11.773740332971109,16851900,ABEV3.SA
2024-01-24,11.677018165588379,11.817705000098169,11.597881611536703,11.817705000098169,16080200,ABEV3.SA
2024-01-25,11.60667610168457,11.677019527141585,11.553918951871697,11.624262377328712,12841800,ABEV3.SA
2024-01-26,11.60667610168457,11.685812664963656,11.562711251133992,11.65943409005722,6568000,ABEV3.SA
2024-01-29,11.650639533996582,11.68581124244362,11.536331271903794,11.571502980350832,10163100,ABEV3.SA
2024-01-30,11.465987205505371,11.65063887403242,11.457194069251791,11.624260303831306,22516400,ABEV3.SA
2024-01-31,11.50115966796875,11.62426106793185,11.457194822370523,11.50115966796875,25269100,ABEV3.SA
2024-02-01,11.492366790771484,11.527538500332724,11.342886815496287,11.492366790771484,27075000,ABEV3.SA
2024-02-02,11.492366790771484,11.606675056485441,11.395644799118,11.50115992780172,22938800,ABEV3.SA
2024-02-05,11.509952545166016,11.597881395819343,11.46598770055952,11.501159408532784,16606500,ABEV3.SA
2024-02-06,11.63305377960205,11.694604901050754,11.49236693953595,11.49236693953595,29715800,ABEV3.SA
2024-02-07,11.430816650390625,11.703398031789291,11.369266367535323,11.650640047513521,37752200,ABEV3.SA
2024-02-08,11.38685131072998,11.465987864440823,11.342886465495104,11.395644447488891,23297000,ABEV3.SA
2024-02-09,11.38685131072998,11.413229882447036,11.263750750343936,11.360472739012925,15447300,ABEV3.SA
2024-02-14,11.360472679138184,11.378058114003645,11.272542989131859,11.325300970847588,16255700,ABEV3.SA
2024-02-15,11.298922538757324,11.448402510477639,11.290129401936204,11.369265956206922,27820200,ABEV3.SA
2024-02-16,11.219785690307617,11.342886248336917,11.21099255371705,11.342886248336917,21074800,ABEV3.SA
2024-02-19,11.263751029968262,11.263751029968262,11.123063354012128,11.228579320619152,9229700,ABEV3.SA
2024-02-20,11.298922538757324,11.509952791106116,11.237371419569165,11.263750830032526,26872100,ABEV3.SA
2024-02-21,11.342887878417969,11.360474154126418,11.210994164843719,11.29013072841218,13911900,ABEV3.SA
2024-02-22,11.395644187927246,11.439609032160723,11.30771449946029,11.369265616811022,16110800,ABEV3.SA
2024-02-23,11.33409309387207,11.439608209306895,11.272541980948725,11.43081507338076,18944400,ABEV3.SA
2024-02-26,11.465987205505371,11.518745184467225,11.281335536978322,11.281335536978322,12942000,ABEV3.SA
2024-02-27,11.703397750854492,11.720983186151143,11.492366657376836,11.52753836652983,31668800,ABEV3.SA
2024-02-28,11.826498985290527,11.949600393597338,11.659433566965328,11.668226704392902,34495200,ABEV3.SA
2024-02-29,11.06151294708252,11.422023173470091,10.90323983752322,11.36047289244578,88182100,ABEV3.SA
2024-03-01,10.938410758972168,11.14064869980017,10.815310205786071,10.955997031461397,51174000,ABEV3.SA
2024-03-04,10.973583221435547,11.052719775970077,10.91203294060188,10.94720464944393,16560500,ABEV3.SA
2024-03-05,11.210992813110352,11.281336230343133,10.947204579207584,11.017547996440365,33369400,ABEV3.SA
2024-03-06,11.158235549926758,11.413230663467031,11.05272041727834,11.254958383774273,45103900,ABEV3.SA
2024-03-07,11.123064041137695,11.19340746418137,11.008756607611538,11.105478604656652,12954500,ABEV3.SA
2024-03-08,11.290130615234375,11.360474040243455,11.035135489936517,11.035135489936517,54292500,ABEV3.SA
2024-03-11,11.254958152770996,11.34288700889344,11.149443022288233,11.228579579790235,20348100,ABEV3.SA
2024-03-12,11.290130615234375,11.3428877647113,11.219787190225295,11.281337477468298,25358500,ABEV3.SA
2024-03-13,11.210992813110352,11.351679647575914,11.167027967699944,11.272543093549114,24872300,ABEV3.SA
2024-03-14,11.254958152770996,11.263751289951156,11.140649885108074,11.202200168249757,27666100,ABEV3.SA
2024-03-15,11.105478286743164,11.3077154125644,11.08789201220581,11.3077154125644,36174000,ABEV3.SA
2024-03-18,11.105478286743164,11.149443134526827,11.026341728444516,11.123063722720795,24187500,ABEV3.SA
2024-03-19,11.026342391967773,11.158236104695899,10.964792104502619,11.105478955028559,26464600,ABEV3.SA
2024-03-20,11.026342391967773,11.070307242397075,10.876862403644019,11.017549254169959,48407800,ABEV3.SA
2024-03-21,11.087892532348633,11.087892532348633,10.938412546007775,11.008756808897383,29217300,ABEV3.SA
2024-03-22,10.912034034729004,11.05272088420358,10.87686232236036,11.043928585031246,18151900,ABEV3.SA
2024-03-25,10.75376033782959,10.991170012610647,10.75376033782959,10.903240317085872,21593700,ABEV3.SA
2024-03-26,10.912034034729004,10.982377459466292,10.701003760517139,10.72738233515368,32319600,ABEV3.SA
2024-03-27,10.94720458984375,10.94720458984375,10.815310892044058,10.868068035740063,26211600,ABEV3.SA
2024-03-28,10.982377052307129,11.035135038184038,10.868068781706944,10.885655056519159,44405600,ABEV3.SA
2024-04-01,10.841690063476562,11.026341753743841,10.7889329168629,10.991170043148156,21031000,ABEV3.SA
2024-04-02,10.788932800292969,10.920826503961798,10.788932800292969,10.85048308353046,19115800,ABEV3.SA
2024-04-03,10.94720458984375,10.999962572099433,10.665830920639246,10.771346046590935,36137900,ABEV3.SA
2024-04-04,10.964791297912598,11.167028421026762,10.955998160761622,10.964791297912598,31881300,ABEV3.SA
2024-04-05,10.75376033782959,11.035134860373034,10.586694922604186,11.008756287139493,71144500,ABEV3.SA
2024-04-08,10.701004028320312,10.788933730722334,10.657039177119302,10.744968879521323,18919200,ABEV3.SA
2024-04-09,10.868067741394043,10.920825722220853,10.709795476032928,10.736174047166504,23795200,ABEV3.SA
2024-04-10,10.639452934265137,10.885654908367218,10.639452934265137,10.788932913895618,23028800,ABEV3.SA
2024-04-11,10.727381706237793,10.824104538500807,10.613073438101326,10.639452849751086,21019300,ABEV3.SA
2024-04-12,10.657036781311035,10.736173327970212,10.59548650660261,10.692208486652936,16269700,ABEV3.SA
2024-04-15,10.613073348999023,10.683416769021706,10.533936791833575,10.639452760427314,31625300,ABEV3.SA
2024-04-16,10.498764038085938,10.648244000413495,10.498764038085938,10.551522017137863,31317300,ABEV3.SA
2024-04-17,10.472386360168457,10.586694625721226,10.410836078163005,10.551522916209581,26530200,ABEV3.SA
2024-04-18,10.516351699829102,10.569109685850337,10.41083656634637,10.481179988668192,28663900,ABEV3.SA
2024-04-19,10.507558822631836,10.639453371671589,10.507558822631836,10.525145097927707,25809800,ABEV3.SA
2024-04-22,10.507558822631836,10.639453371671589,10.507558822631836,10.542730534663818,23450600,ABEV3.SA
2024-04-23,10.428421974182129,10.551523382189174,10.402043400523382,10.463593685247037,18581900,ABEV3.SA
2024-04-24,10.586694717407227,10.639452701411452,10.410836168325984,10.410836168325984,37013000,ABEV3.SA
2024-04-25,10.569108963012695,10.639452380523622,10.446007563088735,10.604280671768159,23667800,ABEV3.SA
2024-04-26,10.56031608581543,10.621866368010819,10.533936674680518,10.577901521345668,16180400,ABEV3.SA
2024-04-29,10.639452934265137,10.665831507564715,10.516351527934233,10.551523238520245,26520800,ABEV3.SA
2024-04-30,10.683415412902832,10.876860212689799,10.62186513783591,10.62186513783591,25146600,ABEV3.SA
2024-05-02,10.841690063476562,10.999963180437009,10.771346642285193,10.771346642285193,27782000,ABEV3.SA
2024-05-03,10.876860618591309,10.97358260281445,10.859275184441483,10.964790305019354,23380200,ABEV3.SA
2024-05-06,10.94720458984375,10.999962572099433,10.806517755241497,10.894447446147746,18713000,ABEV3.SA
2024-05-07,11.07909870147705,11.10547727231381,10.95599730663943,10.9647904431049,27522500,ABEV3.SA
2024-05-08,10.701004028320312,10.938412883110109,10.472387472922886,10.894448870468887,50692500,ABEV3.SA
2024-05-09,10.595487594604492,10.727381293540276,10.525144176697449,10.533936475016064,25762900,ABEV3.SA
2024-05-10,10.586694717407227,10.630659564317464,10.507558160680741,10.595487854501215,29029300,ABEV3.SA
2024-05-13,10.604280471801758,10.64824447799729,10.516350782291362,10.613072769905065,22472500,ABEV3.SA
2024-05-14,10.692209243774414,10.771345796037295,10.621865828109556,10.621865828109556,32670400,ABEV3.SA
2024-05-15,10.824104309082031,10.9296194377655,10.701002906338132,10.71858834183886,36630700,ABEV3.SA
2024-05-16,10.88565444946289,10.99996271368849,10.762553048321546,10.947204730753716,32475700,ABEV3.SA
2024-05-17,10.88565444946289,10.912033021650432,10.797724757424831,10.903239884734687,28118800,ABEV3.SA
2024-05-20,10.639452934265137,10.894448045653654,10.59548808639269,10.841690060494773,38940700,ABEV3.SA
2024-05-21,10.569108963012695,10.771346078716688,10.569108963012695,10.639452380523622,38371300,ABEV3.SA
2024-05-22,10.525144577026367,10.648245143766038,10.489972866735073,10.533936875679402,49248200,ABEV3.SA
2024-05-23,10.516351699829102,10.61307369588167,10.481179988668192,10.481179988668192,28419600,ABEV3.SA
2024-05-24,10.437213897705078,10.542729018628037,10.437213897705078,10.516350448037208,22790000,ABEV3.SA
2024-05-27,10.3844575881958,10.507558153185,10.366871314020369,10.489972717569275,16530500,ABEV3.SA
2024-05-28,10.19101333618164,10.454801593678201,10.164634761999912,10.454801593678201,40481600,ABEV3.SA
2024-05-29,10.129463195800781,10.208598919483173,9.971190071316467,10.13825549494787,34350900,ABEV3.SA
2024-05-31,10.164634704589844,10.252563564218903,10.076705006401035,10.076705006401035,62942000,ABEV3.SA
2024-06-03,10.155840873718262,10.287734573437325,10.076704318462948,10.173426309019614,24967400,ABEV3.SA
2024-06-04,10.27894115447998,10.314112862677359,10.05911776860645,10.173426029887846,36455800,ABEV3.SA
2024-06-05,10.173426628112793,10.375664591059605,10.12946261920062,10.278941758909502,35635900,ABEV3.SA
2024-06-06,10.39324951171875,10.410835785259643,10.147047552064006,10.147047552064006,34548200,ABEV3.SA
2024-06-07,10.164634704589844,10.340493262407714,10.138255291997352,10.296528413313307,32079700,ABEV3.SA
2024-06-10,10.076704025268555,10.182219149685647,10.050325453804199,10.129462006756935,23774700,ABEV3.SA
2024-06-11,10.023946762084961,10.173426742027328,10.015154463339908,10.173426742027328,20061200,ABEV3.SA
2024-06-12,9.909639358520508,10.085497912299456,9.839295098449199,10.067911637641695,40929700,ABEV3.SA
2024-06-13,9.75136661529541,9.856881751614596,9.733780339962331,9.8217100395082,39287400,ABEV3.SA
2024-06-14,9.883260726928711,9.918432440461704,9.65464416968436,9.751367010819937,22356900,ABEV3.SA
2024-06-17,9.883260726928711,9.962397292017894,9.839295875372521,9.856882151418915,18072300,ABEV3.SA
2024-06-18,9.892053604125977,9.997568741942814,9.812917041123406,9.83929561593767,37284200,ABEV3.SA
2024-06-19,9.848087310791016,9.874465881740305,9.707400480981947,9.830501876344709,17907100,ABEV3.SA
2024-06-20,9.918431282043457,10.023946410318848,9.848087863193195,9.892052709614534,29501600,ABEV3.SA
2024-06-21,9.918431282043457,10.006360974886132,9.856881000189404,9.856881000189404,53470500,ABEV3.SA
2024-06-24,9.953603744506836,10.023947168678918,9.865674883571616,9.900846595657656,32197300,ABEV3.SA
2024-06-25,10.00636100769043,10.032739580205831,9.856881032503654,9.89205274204409,43592000,ABEV3.SA
2024-06-26,10.067911148071289,10.129462267820683,9.909638876646378,9.936017448790581,26265300,ABEV3.SA
2024-06-27,10.076704025268555,10.147047441546617,10.006360608990493,10.076704025268555,21499700,ABEV3.SA
2024-06-28,10.032739639282227,10.094289921700494,9.81291624372018,10.050325913435849,51418600,ABEV3.SA
2024-07-01,10.067911148071289,10.111875994018089,9.962396020934785,10.041532575927086,19515400,ABEV3.SA
2024-07-02,10.076704025268555,10.182219149685647,10.015153745665167,10.067910888593879,20259500,ABEV3.SA
2024-07-03,10.00636100769043,10.173426418367573,9.988774733640362,10.147047845852171,32807200,ABEV3.SA
2024-07-04,10.067911148071289,10.076704284972587,9.997567729980286,10.067911148071289,7438600,ABEV3.SA
2024-07-05,9.953603744506836,10.094290592850998,9.874467182673305,10.067912018426409,39021700,ABEV3.SA
2024-07-08,9.892053604125977,9.979983304919894,9.88326046633463,9.962397029337202,28570100,ABEV3.SA
2024-07-09,9.892053604125977,9.936018454522936,9.830503316706098,9.892053604125977,25686000,ABEV3.SA
2024-07-10,10.023946762084961,10.076704747353919,9.883259919447376,9.953603340766168,29040100,ABEV3.SA
2024-07-11,10.138254165649414,10.261355561725379,10.023945906127373,10.067910750337337,22185700,ABEV3.SA
2024-07-12,10.234977722167969,10.252563157973078,10.120669454475747,10.120669454475747,16859800,ABEV3.SA
2024-07-15,10.234977722167969,10.252563157973078,10.164634301828096,10.252563157973078,12421100,ABEV3.SA
2024-07-16,10.287734985351562,10.287734985351562,10.182219853639618,10.226184701492858,19050600,ABEV3.SA
2024-07-17,10.39324951171875,10.47238606553341,10.252562677630324,10.296527522922878,30589900,ABEV3.SA
2024-07-18,10.261356353759766,10.42842176838117,10.23497778062159,10.340492911734012,30271600,ABEV3.SA
2024-07-19,10.314114570617676,10.349287123199035,10.243771142574573,10.243771142574573,22774900,ABEV3.SA
2024-07-22,10.3844575881958,10.428421596514967,10.243769910471462,10.261356184646894,23809300,ABEV3.SA
2024-07-23,10.358077049255371,10.402041891347821,10.322905343293334,10.38445645764661,20161400,ABEV3.SA
2024-07-24,10.366870880126953,10.437214296765125,10.314112898368487,10.331699171807866,22727500,ABEV3.SA
2024-07-25,10.419628143310547,10.481178418984303,10.314112187070373,10.36687016519046,21585700,ABEV3.SA
2024-07-26,10.446008682250977,10.446008682250977,10.331700406909066,10.393250694185568,23201600,ABEV3.SA
2024-07-29,10.39324951171875,10.44600749378175,10.340492368215429,10.437214357011303,38125500,ABEV3.SA
2024-07-30,10.234977722167969,10.384457700030126,10.234977722167969,10.3668714256653,29077200,ABEV3.SA
2024-07-31,10.182219505310059,10.31411320579803,10.120669223556964,10.199805779273627,66719000,ABEV3.SA
2024-08-01,10.322906494140625,10.542729890550229,10.226184501601896,10.33169963125134,37947400,ABEV3.SA
2024-08-02,10.437213897705078,10.437213897705078,10.278940797040821,10.287733933424311,29723800,ABEV3.SA
2024-08-05,10.419628143310547,10.47238528287102,10.182218499609577,10.40204187108398,28528000,ABEV3.SA
2024-08-06,10.56031608581543,10.648244940586029,10.375664400669558,10.38445753771453,27415700,ABEV3.SA
2024-08-07,10.99996280670166,11.043927653092446,10.58669459232379,10.613073164734383,48591300,ABEV3.SA
2024-08-08,10.868067741394043,11.043927118443639,10.8241037356913,10.95599742991884,28173200,ABEV3.SA
2024-08-09,10.94720458984375,10.973583161691751,10.82410402884662,10.938411453041189,19122000,ABEV3.SA
2024-08-12,10.894447326660156,11.035134159719389,10.894447326660156,10.991169314748461,17501300,ABEV3.SA
2024-08-13,11.052720069885254,11.131856626524193,10.912033230775897,10.964791214721759,30082000,ABEV3.SA
2024-08-14,11.043928146362305,11.15823557810024,11.026341871596632,11.052720445185406,22128400,ABEV3.SA
2024-08-15,11.457194328308105,11.562709450057968,11.061512412106207,11.123062690153716,48543500,ABEV3.SA
2024-08-16,11.439608573913574,11.78253250036663,11.439608573913574,11.562709126564569,39842400,ABEV3.SA
2024-08-19,11.439608573913574,11.518745122651856,11.395643731441236,11.465987143973127,29029900,ABEV3.SA
2024-08-20,11.378058433532715,11.465988126008362,11.316508151935578,11.422023279770539,16424000,ABEV3.SA
2024-08-21,11.378058433532715,11.465988126008362,11.290129579616762,11.360472998173401,24177300,ABEV3.SA
2024-08-22,11.430816650390625,11.457195223248654,11.351680093256828,11.386851803254103,25724200,ABEV3.SA
2024-08-23,11.50115966796875,11.615467931100266,11.474781096033688,11.48357423286527,33099000,ABEV3.SA
2024-08-26,11.50115966796875,11.62426106793185,11.439609387267042,11.527538239903814,20467700,ABEV3.SA
2024-08-27,11.457194328308105,11.536330879260413,11.386850913808196,11.448402030415352,22335000,ABEV3.SA
2024-08-28,11.38685131072998,11.49236643615788,11.263750750343936,11.465987864440823,21175200,ABEV3.SA
2024-08-29,11.30771541595459,11.413230547531182,11.246165132174843,11.369266538294061,17873300,ABEV3.SA
2024-08-30,11.30771541595459,11.316508553225905,11.210993421649313,11.22857969619194,50852200,ABEV3.SA
2024-09-02,11.316508293151855,11.334094567290318,11.167028317213742,11.263751147855878,12639100,ABEV3.SA
2024-09-03,11.254958152770996,11.386851856234522,11.237371878410679,11.3516801460736,19701100,ABEV3.SA
2024-09-04,11.42202377319336,11.474781758669792,11.272543792663154,11.290130067341874,22848700,ABEV3.SA
2024-09-05,11.404437065124512,11.448401908358134,11.360472221890888,11.378057656048556,14577100,ABEV3.SA
2024-09-06,11.42202377319336,11.492367194788782,11.351680351597937,11.360473488937297,20976300,ABEV3.SA
2024-09-09,11.527538299560547,11.61546799121205,11.404437737520068,11.422023172714557,35098100,ABEV3.SA
2024-09-10,11.641846656799316,11.712190075261693,11.439609538359909,11.439609538359909,27649100,ABEV3.SA
2024-09-11,11.465987205505371,11.694603716740694,11.448401771557837,11.694603716740694,21490600,ABEV3.SA
2024-09-12,11.351680755615234,11.422024179714247,11.219787045069523,11.395645605317057,34492700,ABEV3.SA
2024-09-13,11.193406105041504,11.430815757906657,11.184613807148446,11.38685091420278,21946500,ABEV3.SA
2024-09-16,11.30771541595459,11.316508553225905,11.210993421649313,11.219786558920626,20765800,ABEV3.SA
2024-09-17,11.395644187927246,11.42202275904347,11.246164220669215,11.246164220669215,26068700,ABEV3.SA
2024-09-18,11.413229942321777,11.553917615523378,11.298922518094978,11.307714816340338,26897100,ABEV3.SA
2024-09-19,11.38685131072998,11.527538144633846,11.334094167295868,11.430816155964857,44713200,ABEV3.SA
2024-09-20,11.219785690307617,11.430815937123267,11.193406280535918,11.39564422932066,41412300,ABEV3.SA
2024-09-23,11.210992813110352,11.307714802165505,11.123063122289535,11.167027967699944,20009400,ABEV3.SA
2024-09-24,11.219785690307617,11.342886248336917,11.158234572733308,11.24616426151966,22598600,ABEV3.SA
2024-09-25,11.149443626403809,11.413231047623775,11.149443626403809,11.237372487290543,33524600,ABEV3.SA
2024-09-26,11.290130615234375,11.316509189972837,11.184615477720756,11.219787190225295,16241400,ABEV3.SA
2024-09-27,11.360472679138184,11.422022959006808,11.246164417553828,11.254957554266396,24958600,ABEV3.SA
2024-09-30,11.50115966796875,11.580296222333622,11.342886559239007,11.378058268005653,31164900,ABEV3.SA
2024-10-01,11.958393096923828,12.063908226545193,11.545124876987039,11.60667515962624,65825500,ABEV3.SA
2024-10-02,12.063908576965332,12.178216847015381,11.967185743083126,12.046322302237755,51056800,ABEV3.SA
2024-10-03,11.782532691955566,11.984770635192941,11.782532691955566,11.914427221517238,45000000,ABEV3.SA
2024-10-04,11.677018165588379,11.826498136894951,11.580296176502818,11.659432730554496,36607700,ABEV3.SA
2024-10-07,11.580296516418457,11.791326774377497,11.553917943813502,11.791326774377497,20788600,ABEV3.SA
2024-10-08,11.50115966796875,11.545124513566977,11.439609387267042,11.457194822370523,35995700,ABEV3.SA
2024-10-09,11.50115966796875,11.562709948670458,11.386851404837234,11.386851404837234,28383000,ABEV3.SA
2024-10-10,11.527538299560547,11.597881717457875,11.474781155417395,11.474781155417395,19340400,ABEV3.SA
2024-10-11,11.325301170349121,11.536331423810111,11.290129461438955,11.509952851767409,31193700,ABEV3.SA
2024-10-14,11.360472679138184,11.404437524141345,11.290129262556992,11.307714697422455,21045900,ABEV3.SA
2024-10-15,11.325301170349121,11.386851451301988,11.263750889396253,11.36926601612675,33545800,ABEV3.SA
2024-10-16,11.378058433532715,11.430816416730043,11.298922716576266,11.334094425854586,34342600,ABEV3.SA
2024-10-17,11.30771541595459,11.395645111548278,11.210993421649313,11.23737199490353,18266900,ABEV3.SA
2024-10-18,11.325301170349121,11.395644588169452,11.25495775252879,11.395644588169452,19422900,ABEV3.SA
2024-10-21,11.28133773803711,11.378059740018672,11.263752300658549,11.325302589323199,28877400,ABEV3.SA
2024-10-22,11.272542953491211,11.342886369849996,11.19340640044766,11.228578947186723,34756100,ABEV3.SA
2024-10-23,11.210992813110352,11.272543093549114,11.167027967699944,11.202199676316335,22384200,ABEV3.SA
2024-10-24,11.28133773803711,11.334095727292373,11.149444022738635,11.184615736055546,19295300,ABEV3.SA
2024-10-25,11.210992813110352,11.29012936713715,11.193406539522316,11.272543093549114,19204000,ABEV3.SA
2024-10-28,11.33409309387207,11.43081507338076,11.237370275803784,11.263749683582187,20050900,ABEV3.SA
2024-10-29,11.413229942321777,11.457194787787298,11.316507953145377,11.342886525000818,21500600,ABEV3.SA
2024-10-30,11.369266510009766,11.509953351761888,11.342887098261452,11.474781641323858,21176300,ABEV3.SA
2024-10-31,11.114270210266113,11.290128743636222,10.973582545010395,11.079098503592093,61215800,ABEV3.SA
2024-11-01,11.026342391967773,11.123064392064414,10.97358440374066,10.999963817134104,29027800,ABEV3.SA
2024-11-04,11.14064884185791,11.175820548725227,10.999962014388643,11.070305428123277,19442900,ABEV3.SA
2024-11-05,11.149443626403809,11.202200775223897,11.05272078930071,11.079100202270515,18352000,ABEV3.SA
2024-11-06,10.991170883178711,11.035135734423383,10.85048403004359,11.008757159100496,39053800,ABEV3.SA
2024-11-07,11.035134315490723,11.158234876875397,10.894447480445562,10.894447480445562,23946600,ABEV3.SA
2024-11-08,10.841690063476562,11.035134891032694,10.824104627458583,10.90324034737908,35013400,ABEV3.SA
2024-11-11,10.99996280670166,11.03513451610235,10.78013941330743,10.824104259698215,20684800,ABEV3.SA
2024-11-12,11.06151294708252,11.114270929788848,10.815310984425588,10.929619248156227,26899600,ABEV3.SA
2024-11-13,11.193406105041504,11.228578650852324,10.955997290735997,11.00875527089258,30341700,ABEV3.SA
2024-11-14,11.114270210266113,11.342885884367439,11.087890801340873,11.158234214688918,38027500,ABEV3.SA
2024-11-18,10.920825958251953,11.140649345755318,10.8856542497938,10.973583101659342,37251000,ABEV3.SA
2024-11-19,10.929618835449219,11.079098802486422,10.920825698903583,10.947204269980837,28564100,ABEV3.SA
2024-11-21,10.894447326660156,10.973583041336221,10.81531077342442,10.824103910130539,18400700,ABEV3.SA
2024-11-22,11.149443626403809,11.167029063157251,10.964791928413975,10.982377365167416,24116600,ABEV3.SA
2024-11-25,11.026342391967773,11.158236104695899,11.026342391967773,11.070307242397075,22015800,ABEV3.SA
2024-11-26,11.087892532348633,11.175822232040819,11.026342245699961,11.070307095546054,16924800,ABEV3.SA
2024-11-27,11.035134315490723,11.202199722466931,10.999962606729433,11.105477733013304,48572000,ABEV3.SA
2024-11-28,10.903239250183105,11.254957159306212,10.832895836070414,11.035133780564136,40805900,ABEV3.SA
2024-11-29,11.193406105041504,11.193406105041504,10.771345618027427,10.841689032529773,62396000,ABEV3.SA
2024-12-02,11.650639533996582,11.668225807499939,11.079099062092318,11.131856205483036,87464600,ABEV3.SA
2024-12-03,12.178216934204102,12.204595507924589,11.597882442435225,11.650640428435937,72892200,ABEV3.SA
2024-12-04,12.248559951782227,12.362868218873686,12.116665410418369,12.222180540373628,50659000,ABEV3.SA
2024-12-05,12.679413795471191,12.714585505974258,12.31011041590914,12.354075263677903,38794000,ABEV3.SA
2024-12-06,12.503555297851562,12.77613584580713,12.44200417528117,12.57389871916653,46449200,ABEV3.SA
2024-12-09,12.49476146697998,12.60027659309543,12.433211186385888,12.503554603796188,25321800,ABEV3.SA
2024-12-10,12.54751968383789,12.74975680303251,12.54751968383789,12.600276828601835,22942500,ABEV3.SA
2024-12-11,12.134251594543457,12.62665553067652,12.011150191230339,12.54751981271777,49150600,ABEV3.SA
2024-12-12,11.518745422363281,11.940805908536401,11.518745422363281,11.870462494174214,49616900,ABEV3.SA
2024-12-13,11.50115966796875,11.747361629335265,11.439609387267042,11.518745941631915,30867900,ABEV3.SA
2024-12-16,11.290130615234375,11.800120865830092,11.290130615234375,11.501160890261616,32095500,ABEV3.SA
2024-12-17,11.518745422363281,11.597881134601007,11.422022598695541,11.430815735130725,39564500,ABEV3.SA
2024-12-18,11.219785690307617,11.501159352728484,11.21099255371705,11.492366216137917,40864200,ABEV3.SA
2024-12-19,11.237371444702148,11.35167970795332,11.114270883169873,11.21978600958026,38104000,ABEV3.SA
2024-12-20,11.346475601196289,11.411419238153394,11.142369555841505,11.207312308019969,86074600,ABEV3.SA
2024-12-23,11.337198257446289,11.448529064625147,11.123813546769524,11.235144353948382,40181700,ABEV3.SA
2024-12-26,11.262978553771973,11.355753790905196,11.123814370904132,11.300088825580996,21166800,ABEV3.SA
2024-12-27,11.19803524017334,11.309366058838032,11.105260000342112,11.281533575366533,37624000,ABEV3.SA
2024-12-30,10.891875267028809,11.28153357472233,10.891875267028809,11.1887583348964,38907400,ABEV3.SA
2025-01-02,10.76198959350586,11.031039289104571,10.65993568100997,10.873320410500636,33417900,ABEV3.SA
2025-01-03,10.511493682861328,10.715600605427369,10.455828721566068,10.6599347593535,41365900,ABEV3.SA
2025-01-06,10.474384307861328,10.669213458583124,10.400163763279567,10.5393270631757,50881500,ABEV3.SA
2025-01-07,10.70632266998291,10.743432938596529,10.455828578035632,10.483661058301196,34905200,ABEV3.SA
2025-01-08,10.594992637634277,10.697045662577507,10.465106245614898,10.650657602229254,39248800,ABEV3.SA
2025-01-09,10.576436996459961,10.678490905572762,10.483661761095826,10.604270363369992,24470100,ABEV3.SA
2025-01-10,10.353775978088379,10.604270986322149,10.279555431525493,10.576437617777037,31277300,ABEV3.SA
2025-01-13,10.427995681762695,10.492939318339896,10.316664870917169,10.37233071872925,28945300,ABEV3.SA
2025-01-14,10.400163650512695,10.548604738066702,10.344497800290606,10.400163650512695,42625300,ABEV3.SA
2025-01-15,10.567160606384277,10.60427087929116,10.353775873585684,10.48366227114912,45380700,ABEV3.SA
2025-01-16,10.27955436706543,10.594992099683097,10.2424440976268,10.594992099683097,29298500,ABEV3.SA
2025-01-17,10.28883171081543,10.28883171081543,9.991949568141123,10.056892315656484,51433600,ABEV3.SA
2025-01-20,10.25172233581543,10.3073873000255,10.010505131495384,10.25172233581543,22293700,ABEV3.SA
2025-01-21,10.437273979187012,10.446551768404284,10.19605676821003,10.19605676821003,26293900,ABEV3.SA
2025-01-22,10.22389030456543,10.40944166807923,10.149668874381216,10.37233139537647,44993500,ABEV3.SA
2025-01-23,10.25172233581543,10.353775360052992,10.186778697865476,10.223889853710395,35708100,ABEV3.SA
2025-01-24,10.084724426269531,10.325941600753932,10.084724426269531,10.251721067801585,44514500,ABEV3.SA
2025-01-27,10.316664695739746,10.316664695739746,10.056892808177787,10.084725289221913,34876400,ABEV3.SA
2025-01-28,10.307387351989746,10.40016347251246,10.223889905253692,10.251722387499044,39022900,ABEV3.SA
2025-01-29,10.177501678466797,10.390885513487508,10.121835830108248,10.372330820553753,26199700,ABEV3.SA
2025-01-30,10.307387351989746,10.335220719013755,10.16822405598433,10.196056538229682,22347200,ABEV3.SA
2025-01-31,10.29810905456543,10.42799454399109,10.29810905456543,10.335219320798267,26952000,ABEV3.SA
2025-02-03,10.233166694641113,10.409441144700297,10.16822394187123,10.344497507151765,29524300,ABEV3.SA
2025-02-04,10.112558364868164,10.205334486841831,10.038337821200699,10.205334486841831,23133400,ABEV3.SA
2025-02-05,10.038337707519531,10.14966852175994,9.945562471375187,10.14966852175994,44675800,ABEV3.SA
2025-02-06,10.075448036193848,10.112558307818222,9.954839432219961,10.019783071146618,24218200,ABEV3.SA
2025-02-07,10.066170692443848,10.131113443756831,10.019782633743734,10.075447596360968,33491500,ABEV3.SA
2025-02-10,10.177501678466797,10.41871799527746,10.112558041252049,10.1496683118982,50519600,ABEV3.SA
2025-02-11,10.168224334716797,10.233167089995721,10.001227667109642,10.233167089995721,35802500,ABEV3.SA
2025-02-12,10.13111400604248,10.242444822234535,10.019783189850425,10.047615672703769,39414800,ABEV3.SA
2025-02-13,10.18677806854248,10.196055856930542,10.056892570224,10.08472505060959,21078300,ABEV3.SA
2025-02-14,10.325942993164062,10.381607957995238,10.205334389658297,10.251722450203387,34084700,ABEV3.SA
2025-02-17,10.29810905456543,10.418716756238247,10.2702756913069,10.36305179927826,9559900,ABEV3.SA
2025-02-18,10.28883171081543,10.363052246484006,10.242443654827925,10.335219766802934,18776800,ABEV3.SA
2025-02-19,10.177501678466797,10.242444430902902,10.140391407820646,10.205334160256749,16856200,ABEV3.SA
2025-02-20,10.24244499206543,10.279555264744777,10.112558595298369,10.140391963391899,24406000,ABEV3.SA
2025-02-21,10.316664695739746,10.363052753999037,10.214611675392202,10.223889463999784,34245000,ABEV3.SA
2025-02-24,10.233166694641113,10.36305308495953,10.186778634900348,10.36305308495953,28954600,ABEV3.SA
2025-02-25,10.28883171081543,10.335219766802934,10.22388896330007,10.233165866674709,24354400,ABEV3.SA
2025-02-26,10.854764938354492,10.984651335177679,10.622825512813675,10.882597421681357,79612200,ABEV3.SA
2025-02-27,11.429974555969238,11.587693435407923,10.817654616867841,10.826932406194514,66169900,ABEV3.SA
2025-02-28,11.337198257446289,11.587692352404067,11.225867450267431,11.420696584025084,79761000,ABEV3.SA
2025-03-05,11.856741905212402,11.995906076372405,11.522749487029868,11.596970024403765,54086900,ABEV3.SA
2025-03-06,11.921686172485352,12.097959736920417,11.782521993930532,11.847465631167573,40524500,ABEV3.SA
2025-03-07,12.15362548828125,12.17218018107326,11.801077477446706,11.856742440601371,30190400,ABEV3.SA
2025-03-10,12.17218017578125,12.302066564383393,12.042293787179108,12.060849364741687,27718600,ABEV3.SA
2025-03-11,11.930963516235352,12.209290998823024,11.819632700156017,12.135070454770133,32659900,ABEV3.SA
2025-03-12,12.0886812210083,12.162901757862215,11.940240147300473,11.968072627426043,38219900,ABEV3.SA
2025-03-13,12.367010116577148,12.367010116577148,12.005184293700465,12.13507069070769,35316500,ABEV3.SA
2025-03-14,12.65461540222168,12.65461540222168,12.413398186813037,12.413398186813037,41772200,ABEV3.SA
2025-03-17,12.70855712890625,12.820939253842589,12.558714295657799,12.58680960360845,49697100,ABEV3.SA
2025-03-18,12.689826965332031,12.764748380444907,12.418236612264424,12.643000857603054,31311700,ABEV3.SA
2025-03-19,12.811575889587402,12.89586271409266,12.633636839379902,12.689828353428013,35578000,ABEV3.SA
2025-03-20,12.736653327941895,12.820939251780288,12.596175001943767,12.811574744554068,18669000,ABEV3.SA
2025-03-21,12.85840129852295,12.877132101192558,12.717923851036199,12.764749964576392,28909800,ABEV3.SA
2025-03-24,12.680460929870605,12.914590563651918,12.624269424784273,12.88649525767559,21122400,ABEV3.SA
2025-03-25,12.736653327941895,12.792843943834157,12.511888184971635,12.633635710249854,20685600,ABEV3.SA
2025-03-26,12.530619621276855,12.671097061266625,12.380776780452093,12.671097061266625,29019200,ABEV3.SA
2025-03-27,12.605541229248047,12.624271138062936,12.47442829500865,12.549349716535792,20680800,ABEV3.SA
2025-03-28,12.577445030212402,12.577445030212402,12.40887139712787,12.511888121160789,37767300,ABEV3.SA
2025-03-31,12.643001556396484,12.849035905911512,12.465063408951984,12.474427916508391,41452600,ABEV3.SA
2025-04-01,12.746018409729004,12.783479119723733,12.483793439765902,12.549349458973234,31317800,ABEV3.SA
2025-04-02,12.802209854125977,12.820939762458194,12.596175503668963,12.736653835262562,35788800,ABEV3.SA
2025-04-03,12.970784187316895,13.242374571137995,12.7460190233933,12.774115227092386,44926800,ABEV3.SA
2025-04-04,12.83967113494873,13.017609291120287,12.699193690241387,12.858401044113931,59559600,ABEV3.SA
2025-04-07,12.343316078186035,12.736653982170953,12.16537703474183,12.446332808035882,50069000,ABEV3.SA
2025-04-08,12.399506568908691,12.624270827969168,12.315219748477569,12.324585149221866,39798300,ABEV3.SA
2025-04-09,12.802209854125977,12.998878803849998,12.315219733615539,12.352680443413742,51912400,ABEV3.SA
2025-04-10,12.736653327941895,12.867765360446331,12.66173191132972,12.802209344194113,21741000,ABEV3.SA
2025-04-11,12.624271392822266,12.858401063102802,12.586810681302733,12.858401063102802,35635500,ABEV3.SA
2025-04-14,12.811575889587402,12.867766510501696,12.671097551034036,12.78347968599644,23490300,ABEV3.SA
2025-04-15,12.79284381866455,12.980147358362343,12.755383110724992,12.811574619201194,22758200,ABEV3.SA
2025-04-16,13.008243560791016,13.186181700242697,12.708557004103413,12.727287804642394,60471500,ABEV3.SA
2025-04-17,13.111261367797852,13.204913591964214,12.914592411555532,13.01760914363149,56058800,ABEV3.SA
2025-04-22,13.12999153137207,13.298564276286493,12.86776567371184,12.970783293911845,28032800,ABEV3.SA
2025-04-23,13.158086776733398,13.39221643150398,13.092529866066684,13.261103503304303,35704200,ABEV3.SA
2025-04-24,13.251737594604492,13.28919830220595,13.092529364014863,13.18618157958537,38150200,ABEV3.SA
2025-04-25,13.195548057556152,13.326660098303375,13.064435123675135,13.176817255658667,24152700,ABEV3.SA
2025-04-28,13.392216682434082,13.429677392173927,13.158087023276611,13.214277641319493,28336600,ABEV3.SA
2025-04-29,13.588886260986328,13.67317308508671,13.279835168040803,13.317295879514994,59612200,ABEV3.SA
2025-04-30,13.645075798034668,13.823014833256764,13.52332827212843,13.532693672536695,46988000,ABEV3.SA
2025-05-02,13.22364330291748,13.588885899936896,13.22364330291748,13.495233677172804,35468500,ABEV3.SA
2025-05-05,13.167452812194824,13.345390965421576,13.139356609211287,13.223643431894304,29153300,ABEV3.SA
2025-05-06,13.307929039001465,13.345389746423974,13.111260101749869,13.111260101749869,21775000,ABEV3.SA
2025-05-07,13.364121437072754,13.429677456146315,13.167452486718293,13.401582146991043,23409200,ABEV3.SA
2025-05-08,13.457772254943848,14.075874391722278,13.382850837948508,13.832380233054291,45418600,ABEV3.SA
2025-05-09,13.373486518859863,13.495234054604678,13.298565095806717,13.38285192002496,23513400,ABEV3.SA
2025-05-12,13.382851600646973,13.420312311279556,13.186182646542461,13.354756290955983,19557500,ABEV3.SA
2025-05-13,13.345390319824219,13.467137847461823,13.233008192728065,13.439042538971224,20625000,ABEV3.SA
2025-05-14,13.32666015625,13.51396460350411,13.289199445425938,13.289199445425938,37228600,ABEV3.SA
2025-05-15,13.495233535766602,13.523328845047924,13.29856458452978,13.326659893811103,19063200,ABEV3.SA
2025-05-16,13.597284317016602,13.606732752368712,13.417750528251599,13.483894982546333,26057600,ABEV3.SA
2025-05-19,13.531140327453613,13.729571894876365,13.531140327453613,13.578386110390147,14202200,ABEV3.SA
2025-05-20,13.502792358398438,13.578385245828402,13.436648807181792,13.531139465900099,17554600,ABEV3.SA
2025-05-21,13.379953384399414,13.540588491791244,13.257114719856352,13.389402720396175,16478300,ABEV3.SA
2025-05-22,13.323260307312012,13.483895428407735,13.323260307312012,13.379954525852645,18062800,ABEV3.SA
2025-05-23,13.455546379089355,13.512241494390887,13.200420613078183,13.228767720159805,16090900,ABEV3.SA
2025-05-26,13.474445343017578,13.493343114435117,13.323259567124033,13.464996006739655,6439900,ABEV3.SA
2025-05-27,13.417750358581543,13.663427697396315,13.389403250607012,13.663427697396315,15568200,ABEV3.SA
2025-05-28,13.323260307312012,13.436649645531636,13.31381097050912,13.427200308728745,12853200,ABEV3.SA
2025-05-29,13.285463333129883,13.389403330414908,13.238217552131845,13.266564660275339,12528800,ABEV3.SA
2025-05-30,13.257115364074707,13.342157589901557,13.134276693562402,13.342157589901557,38207300,ABEV3.SA
2025-06-02,13.143726348876953,13.313810804656798,13.068133457672209,13.266565022369246,15049400,ABEV3.SA
2025-06-03,13.2382173538208,13.304360905544218,13.068132905231092,13.143725793240227,18971700,ABEV3.SA
2025-06-04,13.304361343383789,13.474445797570889,13.238217789483622,13.313810679980481,19154800,ABEV3.SA
2025-06-05,13.105929374694824,13.332708039162766,13.068132930616834,13.323259603996998,20132900,ABEV3.SA
2025-06-06,13.304361343383789,13.323260016577173,13.05868399869983,13.200421344235194,26987600,ABEV3.SA
2025-06-09,13.190971374511719,13.28546293366665,13.049234936917614,13.219318481802881,17173900,ABEV3.SA
2025-06-10,13.039785385131836,13.323259156770453,12.973640934361915,13.294911148809796,23640900,ABEV3.SA
2025-06-11,13.143726348876953,13.153175685562132,12.879151229660351,12.973641893097108,22849900,ABEV3.SA
2025-06-12,13.039785385131836,13.124827606737249,12.983090270348802,12.992539606335686,14788400,ABEV3.SA
2025-06-13,12.88860034942627,13.030336792765107,12.831905231407738,12.926396794392515,28248400,ABEV3.SA
2025-06-16,12.926396369934082,13.087031481050502,12.841354146267943,12.907497697502363,27978300,ABEV3.SA
2025-06-17,12.727965354919434,12.99254047221675,12.66182089974135,12.973641798983486,32452200,ABEV3.SA
2025-06-18,12.74686336517334,12.803558484794067,12.614576254622234,12.64292336386342,37567000,ABEV3.SA
2025-06-20,12.784659385681152,12.803558058638487,12.633473606575777,12.67127005135212,39451400,ABEV3.SA
2025-06-23,12.813006401062012,12.89804771935739,12.727964181628378,12.756311287726838,27562100,ABEV3.SA
2025-06-24,12.765761375427246,12.89804847910447,12.690168487286458,12.831904927265859,26798300,ABEV3.SA
2025-06-25,12.425592422485352,12.727964874844266,12.37834754346086,12.66182042216103,50901200,ABEV3.SA
2025-06-26,12.586228370666504,12.633474153968617,12.397246138596417,12.472839031424453,36177200,ABEV3.SA
2025-06-27,12.425592422485352,12.491736875168588,12.293305319395486,12.491736875168588,27309500,ABEV3.SA
2025-06-30,12.586228370666504,12.605127044442694,12.321653245768383,12.368899029070496,34532500,ABEV3.SA
2025-07-01,12.642922401428223,12.671269508511502,12.444490849568698,12.624023729280513,21493700,ABEV3.SA
2025-07-02,12.898048400878906,13.020887068647257,12.624023957745909,12.74686262551426,47073600,ABEV3.SA
2025-07-03,12.73741340637207,12.973641407835691,12.73741340637207,12.916947192121876,15694900,ABEV3.SA
2025-07-04,12.775211334228516,12.879151335202218,12.661821095353847,12.671270432116462,6452500,ABEV3.SA
2025-07-07,12.661820411682129,12.794108415800817,12.567329752573041,12.76576130818192,23165300,ABEV3.SA
2025-07-08,12.642922401428223,12.74686239482577,12.538982408030677,12.680718844585357,32803300,ABEV3.SA
2025-07-09,12.57677936553955,12.709066471430514,12.501185574995441,12.709066471430514,31299800,ABEV3.SA
2025-07-10,12.501185417175293,12.642922758875534,12.425592528723824,12.491736981972593,26865400,ABEV3.SA
2025-07-11,12.595677375793457,12.642923157851149,12.359449366643334,12.463389366259586,40755100,ABEV3.SA
2025-07-14,12.557880401611328,12.822455508400498,12.529533294025635,12.529533294025635,36420400,ABEV3.SA
2025-07-15,12.538983345031738,12.775211357701018,12.501185997911834,12.633474009416437,27675300,ABEV3.SA
2025-07-16,12.926396369934082,12.973641248736783,12.576779040191962,12.642922591426382,48903600,ABEV3.SA
2025-07-17,12.718515396118164,12.935844720838997,12.699616723809417,12.916946949668544,19213600,ABEV3.SA
2025-07-18,12.586228370666504,12.746863493210668,12.557881261140583,12.5956777075546,23902900,ABEV3.SA
2025-07-21,12.680719375610352,12.70906648388071,12.529533596650674,12.614575822600074,21355000,ABEV3.SA
2025-07-22,12.661820411682129,12.784659079548417,12.661820411682129,12.690168420439328,22285900,ABEV3.SA
2025-07-23,12.841354370117188,12.907497922504616,12.661820583439432,12.671269919820013,15345700,ABEV3.SA
2025-07-24,12.756312370300293,12.841354596951094,12.67127014364949,12.794108815351946,8292700,ABEV3.SA
2025-07-25,12.727965354919434,12.85080402752063,12.70906668168617,12.831905354287366,15436100,ABEV3.SA
2025-07-28,12.340551376342773,12.746862932123998,12.3122033669263,12.727965160318005,56671100,ABEV3.SA
2025-07-29,12.463388442993164,12.501184885611753,12.30275423771786,12.425592000374573,20942500,ABEV3.SA
2025-07-30,12.425592422485352,12.652371987039114,12.359448870940419,12.472838202648148,25805400,ABEV3.SA
2025-07-31,11.773603439331055,11.915339877470666,11.527926105493318,11.650764772412186,116074600,ABEV3.SA
2025-08-01,11.612968444824219,11.98148444926161,11.546824893183523,11.858645781115813,34261300,ABEV3.SA
2025-08-04,11.726357460021973,11.877543231768344,11.660213910167505,11.707459689122816,16396200,ABEV3.SA
2025-08-05,11.67911148071289,11.82084881514734,11.63186660370634,11.783052372859139,33909800,ABEV3.SA
2025-08-06,11.792501449584961,11.877543674647846,11.698010789289334,11.811400122327075,43866000,ABEV3.SA
2025-08-07,11.849197387695312,11.953137391563924,11.716909372749315,11.820850277756305,34814900,ABEV3.SA
2025-08-08,11.68856143951416,11.87754366102701,11.631867223629461,11.858645889444883,24174500,ABEV3.SA
2025-08-11,11.631867408752441,11.75470517883704,11.575172290827117,11.688561625539437,50587800,ABEV3.SA
2025-08-12,11.556273460388184,11.75470501871632,11.556273460388184,11.698010802701605,21327300,ABEV3.SA
2025-08-13,11.452333450317383,11.556273446982667,11.291698336564833,11.556273446982667,42653700,ABEV3.SA
2025-08-14,11.357842445373535,11.471231774968992,11.310596666090856,11.338943773205148,21777500,ABEV3.SA
2025-08-15,11.376740455627441,11.442884007331049,11.301147567640944,11.338944011634194,22229200,ABEV3.SA
2025-08-18,11.4050874710083,11.537375474482891,11.320045247427371,11.376740363527425,18813900,ABEV3.SA
2025-08-19,11.4050874710083,11.423986143421084,11.291698139946496,11.376740363527425,29267000,ABEV3.SA
2025-08-20,11.433435440063477,11.480680318655354,11.253901657316481,11.386189660333304,21759200,ABEV3.SA
2025-08-21,11.395639419555664,11.452333636425935,11.357842974596041,11.376740746506687,17547700,ABEV3.SA
2025-08-22,11.537375450134277,11.631867009722182,11.42398611931177,11.461782562919272,16592500,ABEV3.SA
2025-08-25,11.452333450317383,11.584621456095457,11.452333450317383,11.575172119724526,10382300,ABEV3.SA
2025-08-26,11.509028434753418,11.518476869877132,11.43343554693388,11.452333318319614,27024300,ABEV3.SA
2025-08-27,11.480680465698242,11.54682491862297,11.423986250206541,11.480680465698242,23328100,ABEV3.SA
2025-08-28,11.575172424316406,11.641315978376802,11.499579533636426,11.565723087696824,25303600,ABEV3.SA
2025-08-29,11.669663429260254,11.820849203378433,11.584621206034205,11.584621206034205,22696900,ABEV3.SA
2025-09-01,11.622418403625488,11.745257078350848,11.584621957643712,11.69801129558904,8227400,ABEV3.SA
2025-09-02,11.490129470825195,11.65076457865238,11.471231699918736,11.55627302070523,18419800,ABEV3.SA
2025-09-03,11.244452476501465,11.301147593188658,11.102716036490946,11.244452476501465,57777400,ABEV3.SA
2025-09-04,11.490129470825195,11.509028142869939,11.253901477095605,11.253901477095605,25257600,ABEV3.SA
2025-09-05,11.575172424316406,11.698011096955955,11.509028870256008,11.527926642356835,17025900,ABEV3.SA
2025-09-08,11.471232414245605,11.612968858854138,11.35784307833111,11.556273740327722,43983300,ABEV3.SA
2025-09-09,11.650765419006348,11.688561864683757,11.44288451721142,11.44288451721142,47583700,ABEV3.SA
2025-09-10,11.67911148071289,11.811399479290722,11.575171489704909,11.584620825561524,40403300,ABEV3.SA
2025-09-11,11.830299377441406,11.877544259345795,11.726358474519689,11.792502030096522,28340200,ABEV3.SA
2025-09-12,11.886992454528809,11.90589112638618,11.745256020151608,11.745256020151608,24015800,ABEV3.SA
2025-09-15,11.93423843383789,12.000381984175071,11.858645547413031,11.886992654537782,37293700,ABEV3.SA
2025-09-16,12.009832382202148,12.075975938387908,11.96258659872445,12.000383045278936,40985200,ABEV3.SA
2025-09-17,12.085424423217773,12.170466647253983,11.95313641903497,11.990932862924584,26865600,ABEV3.SA
2025-09-18,11.830299377441406,12.104323837723312,11.735807811355912,12.104323837723312,59380000,ABEV3.SA
2025-09-19,11.85864543914795,11.915339652879853,11.69801033167709,11.85864543914795,35447400,ABEV3.SA
2025-09-22,11.67911148071289,11.82084881514734,11.67911148071289,11.726357258857707,14169100,ABEV3.SA
2025-09-23,11.773603439331055,11.86809499884966,11.660214108591706,11.67911187981245,14643300,ABEV3.SA
2025-09-24,11.698010444641113,11.858645553663175,11.669663337501422,11.773603331105814,18134100,ABEV3.SA
2025-09-25,11.773603439331055,11.924789213650186,11.641315436232667,11.707459888351009,25988200,ABEV3.SA
2025-09-26,11.773603439331055,11.85864566267014,11.707459888351009,11.8397469903111,12757700,ABEV3.SA
2025-09-29,11.726357460021973,11.9058912398245,11.698010353104097,11.9058912398245,21050900,ABEV3.SA
2025-09-30,11.423986434936523,11.735807328598058,11.376740653837253,11.556273540648494,52485900,ABEV3.SA
2025-10-01,11.32949447631836,11.518476692964622,11.225554482447487,11.518476692964622,28764000,ABEV3.SA
2025-10-02,11.27280044555664,11.480680436685287,11.206655992799067,11.367291104850123,25828200,ABEV3.SA
2025-10-03,11.216105461120605,11.291698349900692,11.102716127950474,11.178309016730562,21785000,ABEV3.SA
2025-10-06,11.1972074508667,11.338943889024183,11.131062998740017,11.225554558270536,14804500,ABEV3.SA
2025-10-07,11.064919471740723,11.206655910205496,11.064919471740723,11.140512359073709,18071700,ABEV3.SA
2025-10-08,11.225554466247559,11.253901573419016,11.06491935704548,11.112165136423435,14723700,ABEV3.SA
2025-10-09,11.074369430541992,11.310597442022864,11.036572984750586,11.272800996231458,28928400,ABEV3.SA
2025-10-10,11.159411430358887,11.216105647315958,11.093266975724529,11.13106342074202,21477200,ABEV3.SA
2025-10-13,11.206656455993652,11.272800911485115,11.131063564979131,11.178309347147794,11694900,ABEV3.SA
2025-10-14,11.386189460754395,11.433435239656436,11.10271568848043,11.149961467382472,29046500,ABEV3.SA
2025-10-15,11.32949447631836,11.433435371327523,11.253901589659854,11.32949447631836,28407100,ABEV3.SA
2025-10-16,11.480680465698242,11.565722690074102,11.263351137749542,11.329494689535961,26420200,ABEV3.SA
2025-10-17,11.68856143951416,11.716908547456509,11.43343566575639,11.461782773698738,23480500,ABEV3.SA
2025-10-20,11.67911148071289,11.764153701145906,11.612967931993108,11.650764374281307,18260900,ABEV3.SA
2025-10-21,11.54682445526123,11.669663118748275,11.480680004990807,11.641315111001692,26607400,ABEV3.SA
2025-10-22,11.4050874710083,11.594070590582943,11.395639035940208,11.57517191817016,29517800,ABEV3.SA
2025-10-23,11.452333450317383,11.509028567404647,11.367291225255643,11.433435678713838,25355600,ABEV3.SA
2025-10-24,11.44288444519043,11.58462179144239,11.38619022760032,11.509028900563347,21686700,ABEV3.SA
2025-10-27,11.480680465698242,11.70746003107997,11.43343558650126,11.54682491862297,40310400,ABEV3.SA
2025-10-28,11.367291450500488,11.480680785783532,11.33894434196431,11.461783013805524,29170400,ABEV3.SA
2025-10-29,11.367291450500488,11.471232350363694,11.320045668847971,11.395639460175,38485900,ABEV3.SA
2025-10-30,11.896442413330078,11.962585966017473,11.669663745997596,11.811400187795817,91617100,ABEV3.SA
2025-10-31,12.009832382202148,12.208263951897793,11.820850149429718,11.820850149429718,32112500,ABEV3.SA
2025-11-03,12.198814392089844,12.227161501203186,12.028729935133088,12.179916619727065,28265800,ABEV3.SA
2025-11-04,12.435041427612305,12.435041427612305,12.123220548434967,12.179915663348247,27058100,ABEV3.SA
2025-11-05,12.453940391540527,12.557880386656489,12.387795939068278,12.43504171908037,21385300,ABEV3.SA
2025-11-06,12.35944938659668,12.510635168514701,12.35944938659668,12.510635168514701,15494600,ABEV3.SA
2025-11-07,12.397245407104492,12.55788052017048,12.331101855067313,12.35944896292063,30240300,ABEV3.SA
2025-11-10,12.453940391540527,12.529533279104555,12.368898167746423,12.520083942874477,25239700,ABEV3.SA
2025-11-11,12.841354370117188,12.898048586124036,12.510634805903416,12.557880586668,36404100,ABEV3.SA
2025-11-12,12.869701385498047,12.907497829610032,12.80355783358665,12.841354277698635,32756700,ABEV3.SA
2025-11-13,12.879150390625,12.992539720045164,12.765761061204836,12.888599726694585,23794500,ABEV3.SA
2025-11-14,12.935845375061035,13.077582721130035,12.898048929670303,12.926396939567107,15539900,ABEV3.SA
2025-11-17,13.001989364624023,13.068132916403991,12.879150696219577,12.888600032513375,33654100,ABEV3.SA
2025-11-18,12.9830904006958,13.134276173450722,12.916946850400095,12.935844621425316,46389400,ABEV3.SA
2025-11-19,12.671269416809082,13.096479624534151,12.671269416809082,12.98309029588335,101108300,ABEV3.SA
2025-11-21,12.869701385498047,12.95474361003459,12.62402404820099,12.794108497274078,35463400,ABEV3.SA
2025-11-24,13.011438369750977,13.105929026869056,12.81300681832324,12.831904589291542,43126600,ABEV3.SA
2025-11-25,12.9830904006958,13.153174845614231,12.86970107112961,13.03978551604804,20205700,ABEV3.SA
2025-11-26,12.916947364807129,13.049235371805093,12.831905138961174,13.039786035347026,33961700,ABEV3.SA
2025-11-27,12.964193344116211,13.011439125990371,12.898048889037053,12.945294670911213,8093600,ABEV3.SA
2025-11-28,13.096480369567871,13.190971932721455,12.907498144399034,12.945294589432802,23319400,ABEV3.SA
2025-12-01,13.2382173538208,13.24766669010652,13.039785797512241,13.07758224151681,15984500,ABEV3.SA
2025-12-02,13.228768348693848,13.559487917866527,13.087031905413175,13.238217685216114,36109000,ABEV3.SA
2025-12-03,13.370504379272461,13.370504379272461,13.200420832813219,13.285463056611992,15674100,ABEV3.SA
2025-12-04,13.18152141571045,13.427198736997529,13.087030762157283,13.398851631045405,37988200,ABEV3.SA
2025-12-05,12.860252380371094,13.332708394507057,12.841354608397587,13.20042128727752,61741400,ABEV3.SA
2025-12-08,12.869701385498047,13.00198939045915,12.841354277698635,12.935844937409444,19119600,ABEV3.SA
2025-12-09,12.88860034942627,12.983091011272718,12.718515896509002,12.765761678001391,38541700,ABEV3.SA
2025-12-10,12.85080337524414,12.898048253652583,12.416143825463106,12.529533155692294,91743100,ABEV3.SA
2025-12-11,13.020886421203613,13.07758153471543,12.680718443547491,12.784658433657853,22635200,ABEV3.SA
2025-12-12,13.26656436920166,13.27601370542161,13.039785706752678,13.077582150494175,30262800,ABEV3.SA
2025-12-15,13.493343353271484,13.559487807249416,13.257115348971936,13.266564685417116,22268400,ABEV3.SA
2025-12-16,13.379953384399414,13.493342712945715,13.238216949001107,13.285462727846635,43020300,ABEV3.SA
2025-12-17,13.247666358947754,13.351606352077496,13.134276128630217,13.219318350799227,28631200,ABEV3.SA
2025-12-18,13.153175354003906,13.37995402190162,13.153175354003906,13.18152246220654,23928400,ABEV3.SA
2025-12-19,13.243124961853027,13.28301385522204,13.103514310574603,13.143403203943615,30380100,ABEV3.SA
2025-12-22,13.083568572998047,13.2630690574851,12.963901900348738,13.24312413653046,26993300,ABEV3.SA
2025-12-23,13.432597160339355,13.532318912619356,13.10351357086561,13.133430001446992,45087200,ABEV3.SA
2025-12-26,13.681903839111328,13.781625597743572,13.362791738819922,13.362791738819922,29118400,ABEV3.SA
2025-12-29,13.831486701965332,13.831486701965332,13.502403097491612,13.642014698278672,20303700,ABEV3.SA
2025-12-30,13.821514129638672,14.050875975439395,13.821514129638672,13.86140302225277,25304800,ABEV3.SA
2026-01-02,13.612096786499023,13.981070220600348,13.52234749415063,13.841458625236978,24557600,ABEV3.SA
2026-01-05,13.671931266784668,13.721792621208527,13.532319664603108,13.592153480116986,17543300,ABEV3.SA
2026-01-06,13.661958694458008,13.811542756511662,13.592153369448704,13.761681402493776,28548900,ABEV3.SA
2026-01-07,13.661958694458008,13.681903616475651,13.562236937448464,13.612097340440123,28605400,ABEV3.SA
2026-01-08,13.60212516784668,13.761680732110376,13.302958009339157,13.642014058912602,31130800,ABEV3.SA
2026-01-09,13.86140251159668,13.921236323826648,13.572207813041894,13.582180273584585,17408500,ABEV3.SA
2026-01-12,13.86140251159668,14.001014106115818,13.731764328646415,13.771653219791,14562800,ABEV3.SA
2026-01-13,13.87137508392334,14.060848031656644,13.731764439305318,13.821513731834251,33777500,ABEV3.SA
2026-01-14,14.16057014465332,14.200459037133,13.891320358172035,13.891320358172035,22198700,ABEV3.SA
2026-01-15,14.001014709472656,14.240348066653947,13.961125816609108,14.240348066653947,21374400,ABEV3.SA
2026-01-16,14.060848236083984,14.100737128129953,13.961125530455961,14.060848236083984,31536400,ABEV3.SA
2026-01-19,14.050875663757324,14.130653447215858,13.941180498232196,14.020959232716924,8040400,ABEV3.SA
2026-01-20,14.030930519104004,14.170542113447882,13.961125197445156,14.040902979634177,20664800,ABEV3.SA
2026-01-21,14.270265579223633,14.300182011386545,14.050876190967745,14.21043176387158,35138900,ABEV3.SA
2026-01-22,14.549487113952637,14.75890403081312,14.280236384692222,14.320125275950115,47662500,ABEV3.SA
2026-01-23,14.858626365661621,15.068043290727848,14.499626330273614,14.63923793065984,53554400,ABEV3.SA
2026-01-26,15.008210182189941,15.09796042732946,14.689098093802082,14.928432397849528,22156500,ABEV3.SA
2026-01-27,14.828709602355957,15.207654551197464,14.828709602355957,15.187709629719711,24248800,ABEV3.SA
2026-01-28,14.908487319946289,15.078015347648837,14.768876674327387,14.958348672392837,23714500,ABEV3.SA
2026-01-29,14.719015121459961,15.01818228103946,14.559459556624544,14.968320929271846,33726800,ABEV3.SA
2026-01-30,14.808765411376953,14.928432085382834,14.709042707525628,14.719015168115998,40087800,ABEV3.SA
2026-02-02,15.018182754516602,15.137849431915887,14.798793370438139,14.938404018557533,19323000,ABEV3.SA
2026-02-03,15.33729362487793,15.347266085575942,15.038126461120907,15.097960274282789,32249800,ABEV3.SA
2026-02-04,15.257515907287598,15.387155043843467,15.16776566266998,15.237570985805371,27049700,ABEV3.SA
2026-02-05,15.437015533447266,15.476905376638985,15.137849317719008,15.357237749116235,26311400,ABEV3.SA
2026-02-06,15.377182960510254,15.526766071193423,15.287432713689862,15.476905668316515,23511000,ABEV3.SA
2026-02-09,15.34726619720459,15.45696041260201,15.117904354613,15.41707152054602,22980900,ABEV3.SA
2026-02-10,15.61651611328125,15.746155251319331,15.2575160817324,15.297404974126717,35103300,ABEV3.SA
2026-02-11,15.726211547851562,15.905711091162898,15.5865999465861,15.726211547851562,26720300,ABEV3.SA
2026-02-12,16.47412872314453,16.723434538317836,15.855849464611671,15.865821925464894,55037900,ABEV3.SA
2026-02-13,16.30459976196289,16.36443262161412,16.05529396102172,16.07523888158957,23238400,ABEV3.SA
2026-02-18,16.0852108001709,16.44421179254416,15.965545070748128,16.26471129635753,29705300,ABEV3.SA
2026-02-19,16.12510108947754,16.234796262851326,16.005433454701365,16.145046012282325,23244500,ABEV3.SA
2026-02-20,15.985489845275879,16.05529517046948,15.666377749334634,16.015405326328874,33875800,ABEV3.SA
2026-02-23,16.145044326782227,16.284654967735676,15.776070901623687,15.885766063545585,29917200,ABEV3.SA
2026-02-24,16.53396224975586,16.53396224975586,16.184933714095465,16.184933714095465,31221100,ABEV3.SA
2026-02-25,16.334516525268555,16.593794806882652,16.214850796555872,16.563879325730714,29966400,ABEV3.SA
2026-02-26,16.36443328857422,16.553906237586446,16.314572887174766,16.37440574926459,18040900,ABEV3.SA
2026-02-27,16.224822998046875,16.474128814604256,16.2048780762297,16.274683400537377,34463800,ABEV3.SA
2026-03-02,15.865821838378906,16.155017495377734,15.825932946211172,15.92565565214361,18638600,ABEV3.SA
2026-03-03,15.526765823364258,15.536738284190955,15.107931978905095,15.307377391334189,40085300,ABEV3.SA
2026-03-04,15.556683540344238,15.796016899173846,15.357238123626669,15.656405297676793,26249500,ABEV3.SA
2026-03-05,15.247543334960938,15.516794066843344,15.217626903982735,15.446987793192612,26954000,ABEV3.SA
2026-03-06,15.18770980834961,15.297404975715027,14.918460022416568,15.25751608331657,17914800,ABEV3.SA
2026-03-09,15.367210388183594,15.516794448809199,15.087988139785836,15.157793464128721,21901300,ABEV3.SA
2026-03-10,15.407098770141602,15.67634949972761,15.347265908695501,15.38715480000163,20894000,ABEV3.SA
2026-03-11,15.387155532836914,15.506822212454598,15.157793683633347,15.26748885321923,19594000,ABEV3.SA
2026-03-12,14.908487319946289,15.207654483599384,14.82870953644229,15.177738052541935,37546800,ABEV3.SA
2026-03-13,14.958349227905273,15.187710126240564,14.82871008714028,14.82871008714028,25418200,ABEV3.SA
2026-03-16,15.05807113647461,15.27745956208901,15.05807113647461,15.157792888746743,28906400,ABEV3.SA
2026-03-17,14.978293418884277,15.147820493581106,14.908487145863742,15.107931602294878,27499600,ABEV3.SA
2026-03-18,14.699070930480957,15.018183027029046,14.699070930480957,14.908487857486234,20403700,ABEV3.SA
2026-03-19,14.728987693786621,14.728987693786621,14.399903150033655,14.47968188408293,30848100,ABEV3.SA
2026-03-20,14.429821014404297,14.709043264321014,14.290209413932827,14.649209449540036,65705300,ABEV3.SA
2026-03-23,14.619293212890625,14.788821247503373,14.489654071655803,14.639238135092706,23231600,ABEV3.SA
2026-03-24,14.659181594848633,14.719015408341198,14.459737134917086,14.619292702862323,13573700,ABEV3.SA
2026-03-25,14.968321800231934,15.078016019682503,14.748932410304558,14.84865511964234,25296600,ABEV3.SA
2026-03-26,14.78882122039795,15.00821060908756,14.768877249258656,14.838682574785528,13324100,ABEV3.SA
2026-03-27,14.719015121459961,14.958348468713087,14.699070200342442,14.748931552110056,17884700,ABEV3.SA
2026-03-30,14.798792839050293,14.878570621118529,14.689097675436836,14.808765299565367,18158200,ABEV3.SA
2026-03-31,15.20765495300293,15.21762741400529,14.898515319113299,14.958349134101242,36180800,ABEV3.SA
2026-04-01,15.31734848022461,15.437015153777983,15.13784894540764,15.227599188329217,23927000,ABEV3.SA
2026-04-02,15.237570762634277,15.367209897291438,15.058071227054212,15.107931627977115,25947900,ABEV3.SA
2026-04-06,15.407098770141602,15.516793934503095,15.257515665500165,15.257515665500165,14919000,ABEV3.SA
2026-04-07,15.437015533447266,15.437015533447266,15.177738209884524,15.327321317748652,18339600,ABEV3.SA
2026-04-08,15.815960884094238,15.985489868863274,15.606543957178197,15.915683592540441,34907800,ABEV3.SA
2026-04-09,16.015405654907227,16.20487861435749,15.80598967502996,15.945600328281472,33451600,ABEV3.SA
2026-04-10,16.075239181518555,16.29462760570126,15.995461399810992,16.254737763821304,23124300,ABEV3.SA
2026-04-13,15.885766983032227,16.1450452612762,15.805989197576578,16.075239936759058,23073100,ABEV3.SA
2026-04-14,15.845877647399902,15.975516782898373,15.786043834467456,15.925655430625701,22292800,ABEV3.SA
2026-04-15,15.786044120788574,15.89573833695709,15.696293875275147,15.796016581629223,24739300,ABEV3.SA
2026-04-16,15.387155532836914,15.53673864460246,15.2575163921612,15.35723814966282,49811600,ABEV3.SA
2026-04-17,15.287432670593262,15.726211442472392,15.267488699703968,15.596572303100205,36665400,ABEV3.SA
2026-04-20,15.267488479614258,15.42704404853341,15.23757109717226,15.297404911030048,14954700,ABEV3.SA
2026-04-22,14.958349227905273,15.36721062130382,14.958349227905273,15.277460373772191,26157200,ABEV3.SA
2026-04-23,14.699070930480957,14.958349211730582,14.699070930480957,14.958349211730582,25435000,ABEV3.SA
2026-04-24,14.459736824035645,14.68909771026916,14.419847932906938,14.67912620075662,24151800,ABEV3.SA
2026-04-27,14.499626159667969,14.669154189918602,14.45973726731642,14.579403944371066,18935100,ABEV3.SA
2026-04-28,14.539515495300293,14.589376850016455,14.360014998732607,14.369987459881088,15614300,ABEV3.SA
2026-04-29,14.29020881652832,14.51957065406964,14.280236355977355,14.46970930234099,18123700,ABEV3.SA
2026-04-30,14.469709396362305,14.599348531288692,14.320125340204386,14.320125340204386,26546800,ABEV3.SA
2026-05-04,14.399903297424316,14.579403786576638,14.38993178771401,14.529542433920303,21318400,ABEV3.SA
2026-05-05,16.60376739501953,16.793240352659193,15.51679480798255,15.51679480798255,109952300,ABEV3.SA
2026-05-06,16.902935028076172,16.962767891137794,16.533961584749246,16.613739369515553,31822900,ABEV3.SA
2026-05-07,16.36443328857422,16.992684997700717,16.27468304441329,16.81318450937886,30952400,ABEV3.SA
2026-05-08,16.274682998657227,16.50404388773369,16.13507235348936,16.44421102581209,41784100,ABEV3.SA
2026-05-11,16.204877853393555,16.454183666522685,16.12510006927433,16.15501745158869,19740000,ABEV3.SA
2026-05-12,16.0852108001709,16.274683757484837,16.05529531884144,16.164988587136904,19751300,ABEV3.SA
2026-05-13,15.865821838378906,16.25473829925776,15.805988975640409,16.115127652183794,28456100,ABEV3.SA
2026-05-14,15.726211547851562,16.055295153452946,15.7062666258024,15.915683552187481,22570000,ABEV3.SA
2026-05-15,15.646432876586914,15.845878293813744,15.456960871452903,15.62648890547997,31009700,ABEV3.SA
2026-05-18,15.76609992980957,15.80598882158853,15.566654519888573,15.676349685550361,20757200,ABEV3.SA
2026-05-19,15.76609992980957,15.86582168374387,15.486876736330654,15.606543411667534,25814600,ABEV3.SA
2026-05-20,16.17496109008789,16.264711338413274,15.825933508965695,15.86582240255184,24281300,ABEV3.SA
2026-05-21,16.354461669921875,16.504044783874175,16.035350519609644,16.0652679032211,20774700,ABEV3.SA
2026-05-22,16.055294036865234,16.254737537328932,16.0453215765342,16.155016738123244,24010300,ABEV3.SA
2026-05-25,16.354461669921875,16.364434131125694,16.1151283071877,16.155018152002974,14643100,ABEV3.SA
2026-05-26,16.543933868408203,16.873017464801123,16.344488457602385,16.853072543310063,35881800,ABEV3.SA
2026-05-27,16.563879013061523,16.873017692128354,16.52398916954197,16.74337950479466,37022600,ABEV3.SA
2026-05-28,16.244768142700195,16.603767230071703,16.20487829851866,16.553906826897247,24813300,ABEV3.SA
2026-05-29,16.274682998657227,16.414293643825093,15.97551678699683,16.244767518722618,86401700,ABEV3.SA
2026-06-01,16.38437843322754,16.523989080690416,16.0951827754231,16.344488589922477,37464400,ABEV3.SA
2026-06-02,16.40432357788086,16.583822169036488,16.374406194995366,16.44421151967574,15806800,ABEV3.SA
2026-06-03,16.02537727355957,16.27468308528776,16.00543235212874,16.174960380186004,24645900,ABEV3.SA
2026-06-05,16.12510108947754,16.21485134004654,15.905711693756235,15.9954628953515,22964600,ABEV3.SA
2026-06-08,16.035350799560547,16.184933916124322,15.905711654726353,16.06526818369431,18008000,ABEV3.SA
2026-06-09,16.164987564086914,16.304600108980978,16.085209782169887,16.174960024583086,23741600,ABEV3.SA
2026-06-10,16.23479461669922,16.23479461669922,16.08520961288327,16.08520961288327,23080500,ABEV3.SA
2026-06-11,16.593793869018555,16.593793869018555,16.145044558630143,16.17496003809129,33555900,ABEV3.SA
2026-06-12,16.563879013061523,16.723434583034884,16.394350982208277,16.45418384543518,14291900,ABEV3.SA
2026-06-15,16.523988723754883,16.773294532868995,16.514016263144033,16.723434131867123,19463100,ABEV3.SA
2026-06-16,16.394350051879883,16.51401577154303,16.304599811106364,16.434237991083492,13495700,ABEV3.SA
2026-06-17,16.145044326782227,16.66359895120318,16.06526654594421,16.314572348819556,32858800,ABEV3.SA
2026-06-18,16.17496109008789,16.294628721872563,16.0552953603557,16.08521084176251,41278300,ABEV3.SA
2026-06-19,16.00543212890625,16.264710397733786,16.00543212890625,16.12509975376987,26925200,ABEV3.SA
2026-06-22,16.12510108947754,16.33451707277019,16.025378377506147,16.115128628075148,22020700,ABEV3.SA
2026-06-23,16.3700008392334,16.43000030517578,16.049999237060547,16.049999237060547,27581700,ABEV3.SA
2026-06-24,16.3799991607666,16.520000457763672,16.25,16.290000915527344,22826200,ABEV3.SA
2026-06-25,16.389999389648438,16.489999771118164,16.229999542236328,16.399999618530273,18193000,ABEV3.SA
2026-06-26,16.729999542236328,16.760000228881836,16.3799991607666,16.43000030517578,21690800,ABEV3.SA
2026-06-29,16.59000015258789,16.850000381469727,16.520000457763672,16.790000915527344,17657800,ABEV3.SA
2026-06-30,16.290000915527344,16.5,16.239999771118164,16.459999084472656,22299700,ABEV3.SA
2026-07-01,16.200000762939453,16.389999389648438,16.09000015258789,16.1299991607666,17744600,ABEV3.SA
2026-07-02,16.299999237060547,16.479999542236328,16.219999313354492,16.3799991607666,17656700,ABEV3.SA
2026-07-03,16.290000915527344,16.450000762939453,16.149999618530273,16.450000762939453,6915200,ABEV3.SA
2026-07-06,15.880000114440918,16.100000381469727,15.6899995803833,16.09000015258789,32014900,ABEV3.SA
2026-07-07,15.609999656677246,16.1200008392334,15.5600004196167,15.84000015258789,37381000,ABEV3.SA
2026-07-08,15.619999885559082,15.739999771118164,15.520000457763672,15.529999732971191,24227600,ABEV3.SA
2026-07-09,15.720000267028809,15.789999961853027,15.640000343322754,15.729999542236328,23964000,ABEV3.SA
2026-07-10,15.819999694824219,15.989999771118164,15.720000267028809,15.949999809265137,34757600,ABEV3.SA
2026-07-13,15.829999923706055,16.030000686645508,15.699999809265137,15.8100004196167,31167700,ABEV3.SA
2026-07-14,15.8100004196167,16.0,15.779999732971191,15.9399995803833,17907700,ABEV3.SA
2026-07-15,15.569999694824219,15.729999542236328,15.350000381469727,15.59000015258789,31466500,ABEV3.SA
2026-07-16,15.600000381469727,15.710000038146973,15.460000038146973,15.489999771118164,20772600,ABEV3.SA
2026-07-17,15.630000114440918,15.75,15.510000228881836,15.59000015258789,16137900,ABEV3.SA
2026-07-20,15.789999961853027,15.829999923706055,15.579999923706055,15.649999618530273,24319600,ABEV3.SA
2026-07-21,15.800000190734863,15.899999618530273,15.739999771118164,15.739999771118164,19628700,ABEV3.SA
2026-07-22,16.1299991607666,16.139999389648438,15.739999771118164,15.850000381469727,28818200,ABEV3.SA
2026-07-23,15.920000076293945,16.110000610351562,15.84000015258789,16.040000915527344,18873800,ABEV3.SA
2026-07-24,15.640000343322754,15.899999618530273,15.609999656677246,15.789999961853027,15224800,ABEV3.SA
2026-07-27,15.859999656677246,15.890000343322754,15.5600004196167,15.739999771118164,30052500,ABEV3.SA
2026-07-28,16.100000381469727,16.3700008392334,16.010000228881836,16.200000762939453,37458000,ABEV3.SA
2026-07-29,15.899999618530273,16.229999542236328,15.899999618530273,16.049999237060547,37839300,ABEV3.SA
2026-07-30,15.960000038146973,15.960000038146973,15.119999885559082,15.220000267028809,70813600,ABEV3.SA
2026-07-31,15.989999771118164,16.100000381469727,15.850000381469727,16.100000381469727,38243300,ABEV3.SA
2026-08-03,15.770000457763672,16.1200008392334,15.729999542236328,16.06999969482422,34419100,ABEV3.SA
2026-08-04,15.869999885559082,16.010000228881836,15.579999923706055,16.0,28395700,ABEV3.SA
2026-08-05,15.84000015258789,15.960000038146973,15.779999732971191,15.960000038146973,35610400,ABEV3.SA
2026-08-06,15.65999984741211,15.779999732971191,15.5600004196167,15.75,27603100,ABEV3.SA
2026-08-07,15.479999542236328,15.680000305175781,15.449999809265137,15.649999618530273,23662500,ABEV3.SA
2026-08-10,15.270000457763672,15.479999542236328,15.25,15.399999618530273,20681500,ABEV3.SA
2026-08-11,15.010000228881836,15.300000190734863,14.930000305175781,15.210000038146973,33997000,ABEV3.SA
2026-08-12,14.850000381469727,15.069999694824219,14.8100004196167,15.0,26999400,ABEV3.SA
2026-08-13,14.920000076293945,15.0600004196167,14.789999961853027,14.789999961853027,21998800,ABEV3.SA
2026-08-14,14.75,14.979999542236328,14.640000343322754,14.850000381469727,33534300,ABEV3.SA
2026-08-17,14.670000076293945,14.880000114440918,14.59000015258789,14.739999771118164,34531700,ABEV3.SA
2026-08-18,14.729999542236328,14.869999885559082,14.630000114440918,14.65999984741211,19528000,ABEV3.SA
2026-08-19,14.779999732971191,15.09000015258789,14.680000305175781,14.859999656677246,23868700,ABEV3.SA
2026-08-20,14.899999618530273,14.930000305175781,14.600000381469727,14.649999618530273,41094500,ABEV3.SA
2026-08-21,15.0,15.039999961853027,14.869999885559082,14.960000038146973,19912500,ABEV3.SA
2026-08-24,15.25,15.369999885559082,14.949999809265137,15.0,34068000,ABEV3.SA
2026-08-25,15.3100004196167,15.3100004196167,15.010000228881836,15.300000190734863,17428900,ABEV3.SA
2026-08-26,15.239999771118164,15.4399995803833,15.180000305175781,15.260000228881836,12976600,ABEV3.SA
2021-08-30,20.703582763671875,20.7749254977001,20.475287103381127,20.7749254977001,3319500,CPFE3.SA
2021-08-31,20.717851638793945,20.810596240757445,20.510957845626145,20.732119097038694,3795700,CPFE3.SA
2021-09-01,20.621423721313477,21.14805679019983,20.343061634728148,20.70418071541382,3122300,CPFE3.SA
2021-09-02,20.478483200073242,20.63647371776224,20.230213616527575,20.448390656440978,2411700,CPFE3.SA
2021-09-03,20.561237335205078,20.576284322400088,20.23773428531078,20.576284322400088,3851200,CPFE3.SA
2021-09-06,20.73427391052246,20.75684439188914,20.24525829392216,20.24525829392216,1163600,CPFE3.SA
2021-09-08,20.358108520507812,20.734274612937536,20.170025474292952,20.734274612937536,2632700,CPFE3.SA
2021-09-09,20.95997428894043,21.035206356441986,20.094791163075453,20.343062151685537,2492100,CPFE3.SA
2021-09-10,20.990066528320312,21.20824353883718,20.60637696272697,21.04272954880102,2168000,CPFE3.SA
2021-09-13,21.005115509033203,21.21576904590734,20.817032455204096,21.21576904590734,1394200,CPFE3.SA
2021-09-14,20.975021362304688,21.351187466926046,20.884742300773055,20.990068350879895,1462800,CPFE3.SA
2021-09-15,20.884740829467773,20.967497825841477,20.643994769063948,20.967497825841477,1386500,CPFE3.SA
2021-09-16,20.817033767700195,20.937406814943454,20.65152118648069,20.801986778054808,1121400,CPFE3.SA
2021-09-17,20.91483497619629,20.91483497619629,20.568762846520784,20.76436939436513,2863000,CPFE3.SA
2021-09-20,20.756847381591797,21.140537010331585,20.659043383208754,20.854649945014916,2170600,CPFE3.SA
2021-09-21,21.08034896850586,21.373758072609405,20.704182861722927,20.869695432121883,1812500,CPFE3.SA
2021-09-22,20.817033767700195,21.193199899075363,20.756847244078564,21.08787384147749,1883100,CPFE3.SA
2021-09-23,20.839601516723633,21.035206616598508,20.704181497610467,20.847123575599053,1543400,CPFE3.SA
2021-09-24,20.6966609954834,20.794463559558224,20.621427481216646,20.68913750056073,1090900,CPFE3.SA
2021-09-27,20.44086456298828,20.756844123233474,20.237734538196435,20.756844123233474,1632800,CPFE3.SA
2021-09-28,20.37315559387207,20.598854676290717,20.207643029095717,20.245259064512233,1842200,CPFE3.SA
2021-09-29,20.463436126708984,20.832078727338637,20.3505851503254,20.463436126708984,2788100,CPFE3.SA
2021-09-30,20.260305404663086,20.824554527622688,20.260305404663086,20.58380846475348,1967500,CPFE3.SA
2021-10-01,20.312969207763672,20.55371527989175,20.154980136039537,20.46343622032361,1261300,CPFE3.SA
2021-10-04,19.93680191040039,20.267828457116504,19.808905387916415,20.19259495536834,3088600,CPFE3.SA
2021-10-05,19.49292755126953,19.959374155363587,19.485404056933838,19.959374155363587,1615800,CPFE3.SA
2021-10-06,19.064098358154297,19.583207985985535,18.906107847527476,19.334938413537518,2073800,CPFE3.SA
2021-10-07,19.124284744262695,19.327414784382924,18.657838144908084,19.109237755744203,2581900,CPFE3.SA
2021-10-08,19.583206176757812,19.854044772159334,19.297319159163276,19.395123141220235,2323300,CPFE3.SA
2021-10-11,19.530542373657227,19.816429400798867,19.31236679132677,19.395123788914045,1655000,CPFE3.SA
2021-10-13,20.049652099609375,20.260305624384312,19.523020440111637,19.523020440111637,1974800,CPFE3.SA
2021-10-14,19.771291732788086,20.109840378938923,19.643395194919584,20.04965385729256,1501800,CPFE3.SA
2021-10-15,19.62082290649414,19.876615958703628,19.58320687203499,19.869092464819854,2196900,CPFE3.SA
2021-10-18,20.019559860229492,20.17754892996887,19.462834216687295,19.583207251239134,2415700,CPFE3.SA
2021-10-19,19.613300323486328,19.944326894947306,19.56816079304704,19.63587080618587,1974800,CPFE3.SA
2021-10-20,19.64339256286621,19.87661512362597,19.530541594310503,19.78633463577334,1471800,CPFE3.SA
2021-10-21,19.207040786743164,19.53806590785611,18.845920255136726,19.342459371765877,2559400,CPFE3.SA
2021-10-22,18.921154022216797,18.951247998169183,18.213961371893028,18.86096750527178,4583800,CPFE3.SA
2021-10-25,19.259702682495117,19.357505227340038,18.868489633196145,19.00390964525807,3045600,CPFE3.SA
2021-10-26,19.41016960144043,19.74119616125965,18.88353793827686,18.95124794903442,6473000,CPFE3.SA
2021-10-27,19.80138397216797,20.455913640614607,19.583208372658987,19.63587139892116,3993200,CPFE3.SA
2021-10-28,19.440263748168945,19.966896850920673,19.334937701602506,19.703580299544807,2613500,CPFE3.SA
2021-10-29,19.79385757446289,20.09479013393621,19.410168023024546,19.553111526884233,4988600,CPFE3.SA
2021-11-01,19.59825325012207,19.989466338794,19.515497683835164,19.989466338794,2665500,CPFE3.SA
2021-11-03,20.087268829345703,20.222687409970767,19.500449240131665,19.545588767006688,3807800,CPFE3.SA
2021-11-04,19.989465713500977,20.15497971081691,19.696056623655096,20.087269700089436,3270900,CPFE3.SA
2021-11-05,20.222688674926758,20.403249663640548,19.951850061775623,20.13993310963936,1687600,CPFE3.SA
2021-11-08,20.064701080322266,20.561240248432476,20.04965409099532,20.1173641080067,1946900,CPFE3.SA
2021-11-09,20.2903995513916,20.56876310547143,20.01956092670186,20.057176963893262,3486000,CPFE3.SA
2021-11-10,20.839601516723633,21.0126375700528,20.3355389094467,20.3355389094467,2995500,CPFE3.SA
2021-11-11,21.095396041870117,21.291001155417998,20.892265999001363,21.095396041870117,2926100,CPFE3.SA
2021-11-12,20.493528366088867,21.55431662276714,20.29792182752241,21.193197521548953,5449500,CPFE3.SA
2021-11-16,19.673486709594727,20.628948946362325,19.35750712873299,20.598854969632736,6009000,CPFE3.SA
2021-11-17,18.92867660522461,20.087268794356326,18.733070075827317,20.027082280307905,7539700,CPFE3.SA
2021-11-18,18.973817825317383,19.28979741101075,18.79325826705829,18.98886481391226,9754200,CPFE3.SA
2021-11-19,19.3725528717041,19.500449394663253,18.936200281895175,18.973816315429165,4431500,CPFE3.SA
2021-11-22,19.154376983642578,19.560637057462888,19.071621418018275,19.349983526412384,3714200,CPFE3.SA
2021-11-23,19.237133026123047,19.327413516351076,18.8158274199649,19.30484303505414,4490300,CPFE3.SA
2021-11-24,19.274751663208008,19.658439823793547,19.24465768632141,19.440264231204903,6286100,CPFE3.SA
2021-11-25,19.568159103393555,19.665961650060346,19.304842567808024,19.31236606139157,3863400,CPFE3.SA
2021-11-26,19.3725528717041,19.440262880033046,19.00391029022412,19.289795875977678,4275700,CPFE3.SA
2021-11-29,19.82395362854004,19.981942700735626,19.59825310902662,19.726149639596287,5808000,CPFE3.SA
2021-11-30,19.861570358276367,20.057176908038585,19.560637756703663,19.72615032882869,43144600,CPFE3.SA
2021-12-01,20.064701080322266,20.56876374309595,19.95185153028992,19.959375024953395,8241700,CPFE3.SA
2021-12-02,20.741798400878906,21.426420584004862,20.147456712597595,20.162502265938546,5572500,CPFE3.SA
2021-12-03,20.982545852661133,21.471562959851028,20.832080264645676,20.839603759290434,3609100,CPFE3.SA
2021-12-06,20.71170425415039,21.381279397085805,20.65151774057147,21.14805683633746,2806800,CPFE3.SA
2021-12-07,20.470956802368164,20.944926853259943,20.373154255733173,20.93740335967884,2760100,CPFE3.SA
2021-12-08,20.591331481933594,20.83960103289041,20.478480511986202,20.478480511986202,2446000,CPFE3.SA
2021-12-09,20.463436126708984,20.741798233223726,20.328016103016502,20.591332656311906,2625900,CPFE3.SA
2021-12-10,20.446264266967773,20.801449387981226,20.36132987914672,20.36132987914672,2666500,CPFE3.SA
2021-12-13,20.847776412963867,21.079417784011945,20.361328944666944,20.446263328589946,3782700,CPFE3.SA
2021-12-14,21.14891242980957,21.36511214262849,20.90954946140509,21.156634005918107,3496500,CPFE3.SA
2021-12-15,21.210681915283203,21.450046337799957,20.8554982783718,21.133469105686768,3750300,CPFE3.SA
2021-12-16,21.102582931518555,21.233846770463746,20.909547960877973,21.179797214322775,1997500,CPFE3.SA
2021-12-17,21.442325592041016,21.596752689949653,20.963598201222247,21.002206080254403,4778800,CPFE3.SA
2021-12-20,21.125749588012695,21.380555713625125,21.04081372189519,21.380555713625125,1566000,CPFE3.SA
2021-12-21,20.979042053222656,21.249291324510068,20.855499781675274,21.195241764800596,1241200,CPFE3.SA
2021-12-22,20.940433502197266,21.11802531527598,20.73195538802318,20.955875180005055,1479200,CPFE3.SA
2021-12-23,20.71651268005371,20.955875627696916,20.623855247527995,20.940433949559235,993000,CPFE3.SA
2021-12-27,20.731956481933594,20.87866347439774,20.592971065150714,20.685628500585956,872700,CPFE3.SA
2021-12-28,20.60841178894043,20.778282015698505,20.38449053878043,20.7628388661551,1041400,CPFE3.SA
2021-12-29,20.40765953063965,20.654744084043998,20.361331545061358,20.55436653650102,1085000,CPFE3.SA
2021-12-30,20.71651268005371,20.71651268005371,20.260950038343786,20.477149732410506,2312200,CPFE3.SA
2022-01-03,19.982980728149414,20.863221249273256,19.63551864350635,20.793728537796635,3036200,CPFE3.SA
2022-01-04,19.921207427978516,20.075635986199075,19.674122913017523,20.075635986199075,2895500,CPFE3.SA
2022-01-05,19.604633331298828,19.93665375343223,19.496534206972647,19.81311147627656,3249800,CPFE3.SA
2022-01-06,19.141347885131836,19.681844904866335,19.033247302993008,19.66640175416937,3452500,CPFE3.SA
2022-01-07,19.566024780273438,19.566024780273438,18.940591886540073,19.164511687096976,2267200,CPFE3.SA
2022-01-10,19.728174209594727,19.743617361329193,19.3189409978115,19.573747110470116,1603000,CPFE3.SA
2022-01-11,19.705007553100586,20.02158474530702,19.589186880565997,19.75133552756647,3640400,CPFE3.SA
2022-01-12,20.2686710357666,20.307277439119726,19.650959745677287,19.843994707922683,2546600,CPFE3.SA
2022-01-13,19.959815979003906,20.40765704570299,19.959815979003906,20.268671633151563,2015900,CPFE3.SA
2022-01-14,20.037031173706055,20.114243986206198,19.62779649285132,20.06791600415811,1948200,CPFE3.SA
2022-01-17,20.075637817382812,20.27639437228544,19.936652396854836,19.936652396854836,1704700,CPFE3.SA
2022-01-18,20.230064392089844,20.461705754936574,20.021586281883863,20.121963813053483,2417600,CPFE3.SA
2022-01-19,20.592971801757812,20.81689161356427,20.176015536494717,20.330444110164017,2753100,CPFE3.SA
2022-01-20,20.73967933654785,21.04081344298718,20.569807606564588,20.569807606564588,2415000,CPFE3.SA
2022-01-21,20.901826858520508,21.033090700437384,20.44626419967605,20.63929917468675,1949800,CPFE3.SA
2022-01-24,21.118026733398438,21.42688240139304,20.863220623210392,20.917270181016946,3189600,CPFE3.SA
2022-01-25,21.766624450683594,21.90560986996502,20.9790413899155,21.00992622045582,3725300,CPFE3.SA
2022-01-26,21.75890350341797,22.20674460473946,21.658524487597266,21.766625079461104,3168000,CPFE3.SA
2022-01-27,21.851558685302734,22.15269424920464,21.581310897203576,22.052315236990673,2350400,CPFE3.SA
2022-01-28,21.92877197265625,21.92877197265625,21.689409025768732,21.782064985262,1251900,CPFE3.SA
2022-01-31,22.3380069732666,22.461549236298442,21.8129516190113,21.905609052655155,1929000,CPFE3.SA
2022-02-01,22.41522216796875,22.724077838116337,22.322564730554472,22.438385422767315,3580600,CPFE3.SA
2022-02-02,21.905609130859375,22.62369798501809,21.890165979740274,22.500155721545198,2725800,CPFE3.SA
2022-02-03,22.260791778564453,22.32256290754934,21.94421455842442,22.22990695044195,2117000,CPFE3.SA
2022-02-04,21.851558685302734,22.430663613069488,21.650803606354785,22.19902223105878,1653000,CPFE3.SA
2022-02-07,21.92877197265625,21.99826467864616,21.5118172094567,21.62763789519325,2738700,CPFE3.SA
2022-02-08,22.0059871673584,22.2530716999149,21.58903091411431,21.882444901080145,2810800,CPFE3.SA
2022-02-09,22.175857543945312,22.33800768983862,21.913329858396143,22.005987295012318,2626900,CPFE3.SA
2022-02-10,22.075477600097656,22.307118957300553,21.73573566649222,22.191298278699104,1627500,CPFE3.SA
2022-02-11,22.276235580444336,22.78584777765778,22.098643763511756,22.19902129877019,2808100,CPFE3.SA
2022-02-14,22.492433547973633,22.615977280901788,22.29939858233701,22.35344960981679,2402400,CPFE3.SA
2022-02-15,22.940275192260742,23.141031738352908,22.392056582837483,22.546485148366823,2788500,CPFE3.SA
2022-02-16,22.940275192260742,23.34178828444507,22.847619231135095,23.0715390311387,2693300,CPFE3.SA
2022-02-17,22.96343994140625,23.272295600027526,22.739520141183306,22.847619253515763,5247300,CPFE3.SA
2022-02-18,22.986604690551758,23.110146954121042,22.785848144066684,23.032932671205252,1349200,CPFE3.SA
2022-02-21,23.10242462158203,23.403558695072718,22.8862249310498,23.04065349182138,2806400,CPFE3.SA
2022-02-22,23.30318260192871,23.480774426875577,23.110147625402117,23.233689892559937,1806200,CPFE3.SA
2022-02-23,23.72785758972168,24.005828411130064,23.179638994988373,23.18736057033193,3268100,CPFE3.SA
2022-02-24,23.557987213134766,23.85912128607951,23.20280211310003,23.372673824188777,2158800,CPFE3.SA
2022-02-25,23.364952087402344,23.73557886273272,23.12558914576063,23.434444791869275,1827100,CPFE3.SA
2022-03-02,23.5888729095459,23.68153034379819,23.272295674355497,23.37267468419048,2274000,CPFE3.SA
2022-03-03,23.3417911529541,23.805075433735905,23.04837860967837,23.689254731725487,1702400,CPFE3.SA
2022-03-04,22.893949508666992,23.442169645833584,22.816735218155348,23.43444806950841,2161500,CPFE3.SA
2022-03-07,22.569650650024414,22.986606934834985,22.407501965535925,22.7781287924297,3475600,CPFE3.SA
2022-03-08,22.847618103027344,22.940274059578076,22.36116917654644,22.71635427063058,3422700,CPFE3.SA
2022-03-09,23.35723304748535,23.473053743255452,22.77040651981146,22.847620807904875,4345200,CPFE3.SA
2022-03-10,23.635202407836914,23.727858369524856,22.978883209464154,23.310903596449194,3318500,CPFE3.SA
2022-03-11,23.612037658691406,23.866843762201963,23.388117857540895,23.689251941851563,2543100,CPFE3.SA
2022-03-14,23.851402282714844,24.144816284740205,23.65064572152382,23.781909570274102,3370900,CPFE3.SA
2022-03-15,23.735578536987305,24.129370032648918,23.635201005657027,23.727856961848072,3065400,CPFE3.SA
2022-03-16,23.735578536987305,23.94405664752696,23.442166045395837,23.91317034697003,3895300,CPFE3.SA
2022-03-17,24.51544189453125,24.62354100956105,23.758745143842685,23.92861539213808,3552500,CPFE3.SA
2022-03-18,24.88606834411621,25.032773863096182,24.384177709299543,24.66987011709732,5836700,CPFE3.SA
2022-03-21,25.109989166259766,25.171758824801625,24.43822682492277,24.886067894900787,5963200,CPFE3.SA
2022-03-22,25.449729919433594,25.526945675272355,25.09454627901502,25.27986114754814,2670300,CPFE3.SA
2022-03-23,25.29530143737793,25.604158570800532,25.210368523892637,25.30302448572745,3145000,CPFE3.SA
2022-03-24,25.74314308166504,25.8821284922732,25.31074369916412,25.31074369916412,3355200,CPFE3.SA
2022-03-25,25.68909454345703,25.85124321375555,25.434286965433703,25.735423997319437,4345900,CPFE3.SA
2022-03-28,25.542388916015625,25.812636698699258,25.44200990581317,25.74314399094062,2767100,CPFE3.SA
2022-03-29,25.557828903198242,25.882129185125244,25.15631875678179,25.81263647796088,3190000,CPFE3.SA
2022-03-30,25.156320571899414,25.61188030726063,24.95556253872589,25.588717051694495,2948700,CPFE3.SA
2022-03-31,24.916955947875977,25.349355369974074,24.693034660781603,25.303025913702108,4056300,CPFE3.SA
2022-04-01,25.735424041748047,25.750864247582236,24.99416750606955,25.09454651687142,3659700,CPFE3.SA
2022-04-04,25.557828903198242,25.951621892289612,25.28758112282565,25.635044658647477,5634600,CPFE3.SA
2022-04-05,25.550107955932617,25.750863022505655,25.364793094459216,25.650486961959036,2108400,CPFE3.SA
2022-04-06,25.67365074157715,25.712257146077533,25.341630361010093,25.418843170010863,2604700,CPFE3.SA
2022-04-07,25.828081130981445,25.866687538211117,25.47289747170033,25.488337678208143,2430300,CPFE3.SA
2022-04-08,26.129213333129883,26.329968403430236,25.56555158117444,25.635044287332224,3867000,CPFE3.SA
2022-04-11,26.160099029541016,26.692874467436198,26.12921272852338,26.167819132055534,3748100,CPFE3.SA
2022-04-12,26.129213333129883,26.577052926329063,26.08288388053141,26.299085047177773,2841800,CPFE3.SA
2022-04-13,26.631107330322266,26.909075229338843,26.32225018188598,26.368579637795442,4985800,CPFE3.SA
2022-04-14,27.109832763671875,27.24109513479468,26.376299258660882,26.476678271888915,2702300,CPFE3.SA
2022-04-18,27.488178253173828,27.696656371981657,27.071224961038027,27.0943882146345,3179600,CPFE3.SA
2022-04-19,27.156156539916992,27.61944220746778,26.74692337057155,27.356914546166248,3830800,CPFE3.SA
2022-04-20,27.248817443847656,27.45729556774933,26.80097489350777,26.901353904011525,5366500,CPFE3.SA
2022-04-22,26.95540428161621,27.1793255636055,26.731482999626923,26.963124384745488,10284100,CPFE3.SA
2022-04-25,27.287424087524414,27.287424087524414,26.638826455994057,26.716039267529595,3859200,CPFE3.SA
2022-04-26,27.789318084716797,27.92058046233061,27.024898238529964,27.024898238529964,5158800,CPFE3.SA
2022-04-27,28.25259780883789,28.25259780883789,27.797035170174176,27.881971026693147,3050900,CPFE3.SA
2022-04-28,28.144498825073242,28.491962355354115,27.974627111273737,28.337533792398187,3240500,CPFE3.SA
2022-04-29,27.912858963012695,28.36069857977792,27.820200052939885,28.352978476678523,4322600,CPFE3.SA
2022-05-02,27.312559127807617,27.906311046264058,26.820593853428555,27.61791744219594,4000100,CPFE3.SA
2022-05-03,27.48220443725586,27.838453665608792,27.261666427209725,27.338006009812187,3992700,CPFE3.SA
2022-05-04,28.118364334106445,28.11836433410644,26.863003306688444,27.405862697787285,5016200,CPFE3.SA
2022-05-05,27.83845329284668,28.135327645832255,27.48220406926399,27.67729339203848,2587700,CPFE3.SA
2022-05-06,28.271045684814453,28.271045684814453,27.685774473534345,27.889347772172602,2567400,CPFE3.SA
2022-05-09,28.712114334106445,28.796937887419755,28.126846376839303,28.26256082645289,3374600,CPFE3.SA
2022-05-10,28.627294540405273,29.068367318643677,28.3982757957995,28.813903125422073,2547400,CPFE3.SA
2022-05-11,28.296489715576172,28.77997263546168,28.186220716186668,28.61881274072906,1824700,CPFE3.SA
2022-05-12,28.7714900970459,28.958098684442373,28.050507667775925,28.160776672663644,2033400,CPFE3.SA
2022-05-13,29.857208251953125,30.179531285497678,28.847828992200178,28.90720709779247,5801700,CPFE3.SA
2022-05-16,30.03533172607422,30.28131516962867,29.713008704716234,29.85720712309518,4472800,CPFE3.SA
2022-05-17,31.027746200561523,31.299175091164635,30.221940265970204,30.32372529102447,3226600,CPFE3.SA
2022-05-18,30.34069061279297,31.27372703858951,30.171046743824235,30.892029142331772,4534900,CPFE3.SA
2022-05-19,30.87506866455078,30.94292427291682,30.255868037466932,30.357656303547657,1994300,CPFE3.SA
2022-05-20,30.9005126953125,31.138012167227295,30.739352801611407,31.138012167227295,2329500,CPFE3.SA
2022-05-23,30.289796829223633,31.087122051826338,30.23042195975591,31.087122051826338,2852800,CPFE3.SA
2022-05-24,31.044710159301758,31.044710159301758,30.154083838508846,30.2304234223304,3512800,CPFE3.SA
2022-05-25,30.31524658203125,31.010783565197194,30.28131715951393,30.968370169206633,4088300,CPFE3.SA
2022-05-26,29.543367385864258,30.501849218988347,29.271935265578527,30.408544933216305,4348500,CPFE3.SA
2022-05-27,29.305864334106445,29.77238252169208,28.90720498470145,29.543367032051176,8045400,CPFE3.SA
2022-05-30,29.4330997467041,29.746938802291943,29.288901325042,29.679083195859185,3435400,CPFE3.SA
2022-05-31,28.584884643554688,30.2982816393376,28.22015144349909,29.925064465873565,32725100,CPFE3.SA
2022-06-01,29.305864334106445,29.45006274739655,28.457648270973483,29.051400162304056,6167000,CPFE3.SA
2022-06-02,30.773279190063477,31.06167279459199,29.127741114628837,29.66211816566147,5246000,CPFE3.SA
2022-06-03,30.026853561401367,31.027748895827273,30.00988884980406,30.773281457555555,2500200,CPFE3.SA
2022-06-06,29.085330963134766,30.09470696136735,28.7545272005076,30.03533209298235,2792400,CPFE3.SA
2022-06-07,29.44158172607422,29.44158172607422,28.42372170114446,28.890243171182806,2387700,CPFE3.SA
2022-06-08,28.881757736206055,29.645153525195045,28.78845344691988,29.09381176251548,2804900,CPFE3.SA
2022-06-09,27.982650756835938,28.949616599834368,27.838452336277967,28.89024173127746,4072600,CPFE3.SA
2022-06-10,27.083539962768555,28.432203672816872,26.89693138789156,27.796041606486302,5866000,CPFE3.SA
2022-06-13,26.66791534423828,26.998719114301288,26.074163411354256,26.735772569324126,3864800,CPFE3.SA
2022-06-14,27.507648468017578,27.507648468017578,26.583092786694074,26.939343614523718,4240500,CPFE3.SA
2022-06-15,27.770597457885742,28.12684667856005,27.193810231918793,27.70273861450716,5445100,CPFE3.SA
2022-06-17,28.126846313476562,28.313454894657752,27.338005065722246,27.35496977634669,3713100,CPFE3.SA
2022-06-20,28.491579055786133,28.890241659988217,27.719702530763314,28.381310056300688,1706000,CPFE3.SA
2022-06-21,27.439790725708008,28.805419223392484,27.414345277029195,28.73756361501972,1896700,CPFE3.SA
2022-06-22,27.219257354736328,27.609436021101796,27.176847192859725,27.40586594981892,1679200,CPFE3.SA
2022-06-23,26.60005760192871,27.21077423367011,26.60005760192871,27.21077423367011,1996900,CPFE3.SA
2022-06-24,25.955413818359375,26.888451881936962,25.896038948304742,26.888451881936962,2372900,CPFE3.SA
2022-06-27,26.879968643188477,27.0920226680401,26.04023489891729,26.218359503227624,1786300,CPFE3.SA
2022-06-28,26.66791534423828,27.482203663112266,26.269252731245572,26.786665083677544,1951300,CPFE3.SA
2022-06-29,26.23532485961914,26.803629724931405,26.175949990053418,26.701843078644554,1694200,CPFE3.SA
2022-06-30,26.192913055419922,26.4558612172835,25.700947770877935,25.870591641896766,1942500,CPFE3.SA
2022-07-01,27.142915725708008,27.371934465426193,25.98085893434984,26.192912963456934,1807000,CPFE3.SA
2022-07-04,26.447378158569336,27.287110282463587,26.277734292062252,27.210773940007403,1226400,CPFE3.SA
2022-07-05,25.913000106811523,26.54068141784372,25.84514288640855,26.260768563607233,1157600,CPFE3.SA
2022-07-06,25.955413818359375,26.048716492226426,25.658537850242343,25.879074237476598,2500500,CPFE3.SA
2022-07-07,26.65943145751953,26.86300312108364,26.18443090920328,26.269251222305495,1539100,CPFE3.SA
2022-07-08,26.540681838989258,27.015682389347347,26.51523477424294,26.667913927033272,1231000,CPFE3.SA
2022-07-11,25.802736282348633,26.591577589277318,25.802736282348633,26.515238003584606,1564000,CPFE3.SA
2022-07-12,26.354074478149414,26.506753637959076,25.836662129426422,25.896038616564283,1540600,CPFE3.SA
2022-07-13,26.014787673950195,26.260769499990573,25.870590873221765,26.125055054345438,1529300,CPFE3.SA
2022-07-14,26.540681838989258,26.70184172885125,25.709428853557878,25.963894647489685,1438000,CPFE3.SA
2022-07-15,26.80362892150879,27.142915035888635,26.014787694423266,26.438895741859024,1801400,CPFE3.SA
2022-07-18,26.9732723236084,27.45675525951203,26.72729048685211,26.9732723236084,2010500,CPFE3.SA
2022-07-19,26.930862426757812,27.244701492352647,26.803630329412776,27.03264907534018,1433900,CPFE3.SA
2022-07-20,27.388898849487305,27.55005874483966,26.761217507111382,26.86300415172051,3582100,CPFE3.SA
2022-07-21,27.287109375,27.660326516041355,26.88845002300699,27.4482724988815,1231300,CPFE3.SA
2022-07-22,27.26166534423828,27.634882504663256,27.007201157567962,27.26166534423828,1448100,CPFE3.SA
2022-07-25,27.719701766967773,27.897826367290875,27.29559372675797,27.397378750415808,907400,CPFE3.SA
2022-07-26,26.73577308654785,27.88086357979362,26.498271985230833,27.71121970487519,1959100,CPFE3.SA
2022-07-27,27.236221313476562,27.329525608437766,26.608541551564667,26.947827690727323,1959500,CPFE3.SA
2022-07-28,27.431310653686523,27.77907914871622,27.185327191529755,27.236221325810146,1354900,CPFE3.SA
2022-07-29,27.855417251586914,27.923272857999255,27.28711077390609,27.56702364403717,1857600,CPFE3.SA
2022-08-01,27.94872283935547,28.245597198108445,27.821489122354002,28.18622232635785,1742400,CPFE3.SA
2022-08-02,27.439790725708008,28.03354266848662,27.414345277029195,28.03354266848662,1414800,CPFE3.SA
2022-08-03,27.20229148864746,27.567024689548823,27.007202163742424,27.567024689548823,1917800,CPFE3.SA
2022-08-04,28.415241241455078,28.58488511988492,27.456756078661158,27.473720790072928,2391000,CPFE3.SA
2022-08-05,28.304969787597656,28.830866088824802,28.15229063378172,28.440684231468758,1234600,CPFE3.SA
2022-08-08,28.584884643554688,28.88175899909399,28.025062119046435,28.237116154628165,2712500,CPFE3.SA
2022-08-09,28.321935653686523,28.873277424493736,28.14381104552581,28.627293973783583,1405600,CPFE3.SA
2022-08-10,28.66970443725586,28.771489466474154,28.177740766294306,28.73756328052655,1840200,CPFE3.SA
2022-08-11,27.99961280822754,29.195597412729796,27.906311752636242,28.78845406180219,2440500,CPFE3.SA
2022-08-12,29.034439086914062,30.366138213862673,28.669705875259307,30.366138213862673,2639000,CPFE3.SA
2022-08-15,29.53488540649414,29.95899347176337,28.779973568024953,29.000508338262343,1945900,CPFE3.SA
2022-08-16,29.551849365234375,29.81479752385634,29.305865917073927,29.390689469381496,1646000,CPFE3.SA
2022-08-17,30.179529190063477,30.510332938188327,29.11925910725946,29.390687989602288,5194600,CPFE3.SA
2022-08-18,30.790246963500977,30.934445397954274,29.925066063845104,30.17953350868175,2947500,CPFE3.SA
2022-08-19,30.69693946838379,30.875067308356865,30.43399454844461,30.501850153830073,1878700,CPFE3.SA
2022-08-22,30.747833251953125,31.061672299152946,30.501849809372477,30.58667335975594,1383300,CPFE3.SA
2022-08-23,30.501848220825195,31.027744498751012,30.417027910546803,30.764796359788104,1048200,CPFE3.SA
2022-08-24,30.357654571533203,30.646048170932463,30.171045996719684,30.50184975338904,1986900,CPFE3.SA
2022-08-25,30.19649314880371,30.484886764485346,29.967477639477735,30.357656285491778,1605500,CPFE3.SA
2022-08-26,29.94202995300293,30.383102746726635,29.755424597122502,30.22194284035539,1957500,CPFE3.SA
2022-08-29,29.94202995300293,30.238907551924132,29.729975911925447,29.984440114080847,2458500,CPFE3.SA
2022-08-30,29.7299747467041,30.247387104364027,29.29738594356337,29.967477463670082,2356200,CPFE3.SA
2022-08-31,29.662118911743164,30.34069116426414,29.509439750464978,29.653634938512305,4313800,CPFE3.SA
2022-09-01,30.23890495300293,30.30676055775809,29.07684657807764,29.721492619533475,2745100,CPFE3.SA
2022-09-02,30.34069061279297,30.612119508867877,30.188011454289875,30.535779929616332,1576300,CPFE3.SA
2022-09-05,30.730871200561523,30.730871200561523,30.19649411182059,30.518817159788377,1968700,CPFE3.SA
2022-09-06,30.705421447753906,30.80720646706734,30.111669569665274,30.535777591773236,2099700,CPFE3.SA
2022-09-08,30.14560317993164,31.434892134705944,29.891138978419526,31.061674952512828,2402100,CPFE3.SA
2022-09-09,29.848724365234375,30.45096027494979,29.755423309176585,30.45096027494979,1770000,CPFE3.SA
2022-09-12,29.823280334472656,30.281317841711985,29.611226292493843,30.255869156406757,2006700,CPFE3.SA
2022-09-13,29.297386169433594,29.992923143414476,29.11926155710166,29.975958432379848,2268500,CPFE3.SA
2022-09-14,29.093812942504883,29.288902266339484,28.890242880976512,29.212562684344398,3181900,CPFE3.SA
2022-09-15,29.322830200195312,29.40765051557907,28.92416759937887,29.170151043954448,1440700,CPFE3.SA
2022-09-16,29.492473602294922,29.72149233305035,29.0089906937071,29.127740427649716,11641200,CPFE3.SA
2022-09-19,29.37372589111328,29.636670824182634,28.958098558005247,29.339796468882465,1465000,CPFE3.SA
2022-09-20,29.407651901245117,29.56033106468011,28.992027806318134,29.373725714905614,2520600,CPFE3.SA
2022-09-21,29.382205963134766,29.577295283010272,29.187116643259255,29.40765141138748,2094000,CPFE3.SA
2022-09-22,30.213457107543945,30.306761397895443,29.22952654366145,29.67059931170363,2269700,CPFE3.SA
2022-09-23,30.61212158203125,30.959890080909847,29.543370635817585,29.687565831009444,2878900,CPFE3.SA
2022-09-26,29.407651901245117,30.391585725909632,29.331315555215397,30.391585725909632,1875500,CPFE3.SA
2022-09-27,28.627294540405273,29.51792083452477,28.53399024789687,29.40765183104323,2385500,CPFE3.SA
2022-09-28,28.847829818725586,29.254976417861705,28.652740492637104,28.915688663810883,1612100,CPFE3.SA
2022-09-29,28.508543014526367,28.839346768573524,28.22014941741313,28.805417348751362,2748600,CPFE3.SA
2022-09-30,28.63577651977539,28.729080816329727,28.22015240781796,28.491581323782622,1846300,CPFE3.SA
2022-10-03,30.272830963134766,30.357654513199552,28.941131966149698,29.051400963390126,2831200,CPFE3.SA
2022-10-04,29.763904571533203,30.663014847484604,29.628190118152595,30.40854741616914,2111200,CPFE3.SA
2022-10-05,29.051403045654297,30.094708518573356,28.66122439445292,30.01836893588719,3348800,CPFE3.SA
2022-10-06,28.517024993896484,29.373725085444004,28.37282980690222,29.373725085444004,5641300,CPFE3.SA
2022-10-07,28.423721313476562,28.584884450269115,28.254080674708497,28.33890099409253,2920900,CPFE3.SA
2022-10-10,28.576400756835938,28.67818902391917,28.245596978034957,28.58488473027011,1930600,CPFE3.SA
2022-10-11,28.8393497467041,29.24649311955149,28.44068711184424,28.52551067015905,2350200,CPFE3.SA
2022-10-13,29.00899314880371,29.314351482320777,28.44068664238298,28.79693911004884,1978500,CPFE3.SA
2022-10-14,28.90720558166504,29.441579382779178,28.601847274921205,28.737561718397625,1359900,CPFE3.SA
2022-10-17,29.28890037536621,29.61970413075804,28.98354206710065,29.17015064119351,1681900,CPFE3.SA
2022-10-18,29.170150756835938,29.738457218513748,28.958096734776138,29.195596204063083,2148900,CPFE3.SA
2022-10-19,29.085330963134766,29.500955041829737,28.8563122269265,29.136221858500388,1985100,CPFE3.SA
2022-10-20,28.98354148864746,29.46702762421024,28.508542561436684,29.36523936636149,2437700,CPFE3.SA
2022-10-21,29.407651901245117,29.611225197721033,28.508544867336585,28.864794091559716,5166000,CPFE3.SA
2022-10-24,29.280418395996094,29.68756171118123,29.093809829820117,29.407648861917263,1782900,CPFE3.SA
2022-10-25,28.525508880615234,29.153186994328035,28.432204590166325,29.119260808818368,2372300,CPFE3.SA
2022-10-26,27.558542251586914,28.38979363342834,27.405863096178532,28.381309660523648,3376600,CPFE3.SA
2022-10-27,29.110776901245117,29.458545380082207,27.558543088377803,27.753632407170542,4409800,CPFE3.SA
2022-10-28,29.28890037536621,29.50095439658534,28.6866677316689,28.83086614865545,1665400,CPFE3.SA
2022-10-31,30.043813705444336,30.171047418939825,28.49157987351322,28.669704483856705,2904000,CPFE3.SA
2022-11-01,30.06926155090332,30.323725735109367,29.62818878829194,29.882652972497983,2544200,CPFE3.SA
2022-11-03,30.544260025024414,30.69693918031849,29.687563196485524,29.780867484241636,2586000,CPFE3.SA
2022-11-04,31.09560203552246,31.41792505888218,30.544260277329855,31.07863732527325,1737500,CPFE3.SA
2022-11-07,29.67908477783203,31.138014368621807,29.52640561061052,30.9514090142194,1852200,CPFE3.SA
2022-11-08,29.823280334472656,30.16256809591391,29.32283266597514,29.602745554517366,2088800,CPFE3.SA
2022-11-09,29.696043014526367,30.48488421389987,29.526402390061637,29.814795981614182,1946900,CPFE3.SA
2022-11-10,27.90631103515625,29.56032984462189,27.48220298438298,29.56032984462189,3255800,CPFE3.SA
2022-11-11,29.04292106628418,29.238010383544697,27.346488844170768,27.92327282285666,3390200,CPFE3.SA
2022-11-14,29.110776901245117,29.64515396140035,28.94113303056387,29.178635743792697,1213600,CPFE3.SA
2022-11-16,28.40675926208496,29.305866277798582,27.991131939881104,29.11077695862133,1929300,CPFE3.SA
2022-11-17,28.321935653686523,28.398275233710788,27.63488266915585,27.982651148002454,1602200,CPFE3.SA
2022-11-18,28.601848602294922,29.0174726891167,28.398275309788946,28.64425876115808,1855400,CPFE3.SA
2022-11-21,28.856313705444336,29.229527645227858,28.262561755484516,28.96658271053249,1439300,CPFE3.SA
2022-11-22,28.61033058166504,29.008993210796252,28.39827654245701,28.85631404371144,1331800,CPFE3.SA
2022-11-23,28.712114334106445,28.754527728606956,28.101400928689166,28.550954436342725,1647400,CPFE3.SA
2022-11-24,29.21256446838379,29.399173065920984,28.406761675065134,28.618815722925408,1159900,CPFE3.SA
2022-11-25,28.695152282714844,29.72997372684847,28.567918573144556,29.280420228225363,1285200,CPFE3.SA
2022-11-28,28.7714900970459,29.008992818010817,28.449170291509194,28.796938781674022,1147000,CPFE3.SA
2022-11-29,28.941133499145508,29.467029830340856,28.567919566154274,28.771489625717578,1739000,CPFE3.SA
2022-11-30,29.60274314880371,29.60274314880371,28.720597629295703,28.907206206492145,3215400,CPFE3.SA
2022-12-01,28.898723602294922,29.475510835778124,28.856313442474526,29.365241831694863,2332000,CPFE3.SA
2022-12-02,28.40675926208496,29.80631391766639,28.288006287392637,29.178635801302658,1622000,CPFE3.SA
2022-12-05,27.151395797729492,28.245595337669947,26.990235904405463,28.126845601990386,2460300,CPFE3.SA
2022-12-06,27.694255828857422,27.71970127539875,27.108984672906793,27.270147796168565,1506800,CPFE3.SA
2022-12-07,28.160776138305664,28.61032965138917,27.702738651944493,27.702738651944493,1365400,CPFE3.SA
2022-12-08,27.37193489074707,28.092917306639148,27.151396885063733,28.07595259576445,1776300,CPFE3.SA
2022-12-09,27.321041107177734,27.702739017515672,27.117469427612132,27.702739017515672,1280000,CPFE3.SA
2022-12-12,26.83755874633789,27.55006044914721,26.37104050614214,27.321041697991944,1941400,CPFE3.SA
2022-12-13,25.802736282348633,27.24470281887365,25.802736282348633,26.846041796357035,2631700,CPFE3.SA
2022-12-14,25.66701889038086,26.02326971029688,25.0732669845729,25.70094669245469,3735700,CPFE3.SA
2022-12-15,25.904521942138672,26.235325722220818,25.43800208993051,25.565234188589496,1185900,CPFE3.SA
2022-12-16,25.53130531311035,26.64246796763233,25.25987641593037,25.904520855654745,6247700,CPFE3.SA
2022-12-19,26.693361282348633,26.812112641810984,25.548270790241705,25.836662788765988,2788400,CPFE3.SA
2022-12-20,27.142915725708008,27.3549697548151,26.506753638386726,26.625503376976667,1318600,CPFE3.SA
2022-12-21,26.947826385498047,27.202290573083978,26.62550335552243,27.066576123992302,1837200,CPFE3.SA
2022-12-22,27.304075241088867,27.44827366142244,26.98175383320558,27.278629793371977,974700,CPFE3.SA
2022-12-23,27.73666763305664,27.889346792751578,27.397379892470624,27.42282857621158,801400,CPFE3.SA
2022-12-26,27.49068260192871,27.711217355645292,27.108984724642788,27.677291172087944,483600,CPFE3.SA
2022-12-27,27.56702423095703,27.677293233873428,27.176845587637775,27.575504968556253,585500,CPFE3.SA
2022-12-28,27.64336395263672,27.77907840472849,27.151397041499184,27.694258085554047,1613500,CPFE3.SA
2022-12-29,28.160776138305664,28.45765048926878,27.507649330499053,27.643363781751873,2109100,CPFE3.SA
2023-01-02,27.304075241088867,27.863897740674037,27.142915346069138,27.753631976775743,915500,CPFE3.SA
2023-01-03,26.96479034423828,27.49068341534413,26.837556636149117,27.2277352619474,2774500,CPFE3.SA
2023-01-04,27.278629302978516,27.770596187911906,26.964790255924083,27.08353999071832,1985300,CPFE3.SA
2023-01-05,27.312559127807617,27.592468758871814,27.142915260293254,27.414344154041174,1786900,CPFE3.SA
2023-01-06,27.024166107177734,27.516129774334225,26.820594432471783,27.31255971747213,1291000,CPFE3.SA
2023-01-09,27.27014923095703,27.490683995855925,26.761217623541032,26.896932071714428,1778500,CPFE3.SA
2023-01-10,26.922378540039062,27.31255878326248,26.60853949229351,27.134432562835062,2418800,CPFE3.SA
2023-01-11,27.617918014526367,27.855417492555627,26.80362969856416,26.905414726907026,2201600,CPFE3.SA
2023-01-12,27.397380828857422,27.813008163496203,27.26166637512211,27.5839894161264,1213200,CPFE3.SA
2023-01-13,27.185325622558594,27.422828333138686,27.083540595560077,27.142915464283185,736700,CPFE3.SA
2023-01-16,27.48220443725586,27.711219949375423,27.058094746217805,27.058094746217805,1688600,CPFE3.SA
2023-01-17,27.73666763305664,27.770597054252782,26.990236545180025,27.541578314710378,1972300,CPFE3.SA
2023-01-18,28.135326385498047,28.271044067283658,27.821487335587886,27.855416756034288,2017800,CPFE3.SA
2023-01-19,28.058990478515625,28.177740216233467,27.270149237175467,27.940237505110105,2486400,CPFE3.SA
2023-01-20,27.64336395263672,28.058991282242143,27.507649500544943,28.0420265712697,2093500,CPFE3.SA
2023-01-23,27.431310653686523,27.88934815514647,27.431310653686523,27.770598410846752,773500,CPFE3.SA
2023-01-24,28.008098602294922,28.126848349574608,27.439792080143366,27.49916695378321,1074500,CPFE3.SA
2023-01-25,28.644258499145508,28.839347816681716,27.96568625647877,27.96568625647877,1198100,CPFE3.SA
2023-01-26,28.46613311767578,28.822382322000678,28.372828830156138,28.372828830156138,1287300,CPFE3.SA
2023-01-27,28.075952529907227,28.678188439639257,27.813007601185554,28.678188439639257,1017100,CPFE3.SA
2023-01-30,28.330419540405273,28.4406853056801,28.05050666927449,28.126846249065824,1392700,CPFE3.SA
2023-01-31,28.2286319732666,28.40675982096576,27.821488616231537,28.3304202392912,3000000,CPFE3.SA
2023-02-01,28.23711585998535,28.966582252484862,27.787559108975323,28.22863188666544,2797200,CPFE3.SA
2023-02-02,27.73666763305664,28.584883748833985,27.59246921081689,28.050506689901702,2885900,CPFE3.SA
2023-02-03,26.96479034423828,27.685772728243272,26.803628833744128,27.643362570776087,2448300,CPFE3.SA
2023-02-06,27.12594985961914,27.312558432704524,26.667914017537466,27.151395306608034,1271300,CPFE3.SA
2023-02-07,26.549163818359375,27.15988045809758,26.40496701373717,27.075058522817955,1777000,CPFE3.SA
2023-02-08,26.718807220458984,26.7951467990878,26.252289011366276,26.574610418364976,1775900,CPFE3.SA
2023-02-09,25.353179931640625,26.608541049627515,25.08175102543067,26.506754400876833,3977000,CPFE3.SA
2023-02-10,26.26925277709961,26.40496722750819,25.234429688273206,25.35317942791975,2163400,CPFE3.SA
2023-02-13,26.26925277709961,26.58309345482187,26.125055971310008,26.28621748786165,833500,CPFE3.SA
2023-02-14,26.06568145751953,26.38800449502544,25.845145068132297,26.27773549140988,889400,CPFE3.SA
2023-02-15,26.00630760192871,26.498272915042303,25.929968017321087,26.06568247488043,1457900,CPFE3.SA
2023-02-16,26.23532485961914,26.404967112972084,25.70094779783992,25.95541360463512,1726800,CPFE3.SA
2023-02-17,26.40496826171875,26.608541563148897,25.99782489454631,26.116576256687882,1643300,CPFE3.SA
2023-02-22,26.04023551940918,26.294699708157026,25.819699134167244,26.294699708157026,1178700,CPFE3.SA
2023-02-23,25.887556076049805,26.277734710244033,25.658537337973797,26.04023523476714,1676100,CPFE3.SA
2023-02-24,25.77728843688965,26.243808292921106,25.539788948871525,25.633091625802678,1543300,CPFE3.SA
2023-02-27,25.700946807861328,25.963894959872214,25.641571940582672,25.700946807861328,795200,CPFE3.SA
2023-02-28,25.692466735839844,26.0487159487347,25.52282286678567,25.61612715654985,3118900,CPFE3.SA
2023-03-01,25.56523323059082,25.972378196024223,25.07326794779248,25.692466942325925,2118200,CPFE3.SA
2023-03-02,25.327733993530273,26.269252791526398,25.268359123674394,25.683984830509416,3851800,CPFE3.SA
2023-03-03,25.09871482849121,25.616127173387074,25.09871482849121,25.446483304221395,2459800,CPFE3.SA
2023-03-06,25.20050048828125,25.624608553997277,24.920589229622426,25.268359331925936,2426600,CPFE3.SA
2023-03-07,25.37862777709961,25.65853904744893,25.14960902376545,25.242913319829874,2536800,CPFE3.SA
2023-03-08,25.99782371520996,26.150502875434643,25.370143981498167,25.370143981498167,2591500,CPFE3.SA
2023-03-09,25.896038055419922,26.33710919683661,25.879073345176714,25.997823081191534,2712100,CPFE3.SA
2023-03-10,25.751842498779297,25.94693182247456,25.46344888208026,25.921484755879742,2171600,CPFE3.SA
2023-03-13,26.29469871520996,26.39648535757172,25.573714717191894,25.573714717191894,1865200,CPFE3.SA
2023-03-14,26.930862426757812,27.12595175054313,26.30318267772425,26.49827200150957,2555700,CPFE3.SA
2023-03-15,27.295595169067383,27.490684489589977,26.303182237823222,26.812112236535793,2172400,CPFE3.SA
2023-03-16,26.64246940612793,27.31256094783433,26.54068437311172,27.19381120336745,1754700,CPFE3.SA
2023-03-17,24.895143508911133,26.43889659238399,24.725499637341954,26.43889659238399,6591100,CPFE3.SA
2023-03-20,24.90362548828125,25.37014370128725,24.6830891057085,25.013892870645705,1483000,CPFE3.SA
2023-03-21,24.66612434387207,25.192019042426356,24.521927540868784,24.988445752903267,2313200,CPFE3.SA
2023-03-22,25.056304931640625,25.522823149949648,24.5304102260132,24.725499545099236,2241600,CPFE3.SA
2023-03-23,24.742464065551758,25.395590860438507,24.5897849064516,25.24291170133835,2716800,CPFE3.SA
2023-03-24,25.293804168701172,25.514340551680952,24.71701695442234,24.742464020173646,2114200,CPFE3.SA
2023-03-27,25.522823333740234,25.760324431192526,25.31925165785707,25.370144172366892,959400,CPFE3.SA
2023-03-28,26.583093643188477,26.69336102823535,25.531305836147112,25.531305836147112,2988400,CPFE3.SA
2023-03-29,26.50675392150879,26.69336088669242,26.006306278043194,26.591575857626392,1723200,CPFE3.SA
2023-03-30,27.024166107177734,27.550059195707146,26.829075169971155,27.550059195707146,1578300,CPFE3.SA
2023-03-31,26.846040725708008,27.185326860897856,26.625504333373627,26.973272824173712,2479300,CPFE3.SA
2023-04-03,26.86300277709961,27.075056792827315,26.388002234865795,27.075056792827315,1201000,CPFE3.SA
2023-04-04,27.473718643188477,27.541577483532848,26.922378508140874,27.075057663228105,1614900,CPFE3.SA
2023-04-05,27.558542251586914,27.634881829291107,27.151395680039485,27.49068341109981,1243600,CPFE3.SA
2023-04-06,28.025062561035156,28.16925775437472,27.55006034899312,27.64336464383065,1756600,CPFE3.SA
2023-04-10,27.829973220825195,28.288007485574052,27.73666892603018,28.152293030150716,1328900,CPFE3.SA
2023-04-11,28.126846313476562,28.61881321452235,27.855417414860852,27.914792284202555,1539200,CPFE3.SA
2023-04-12,28.483097076416016,28.966579975639426,28.067469779979437,28.126844645800734,1976000,CPFE3.SA
2023-04-13,28.525508880615234,28.618813171064144,28.254079982411692,28.491579459417867,1392500,CPFE3.SA
2023-04-14,28.695152282714844,28.75452715099761,28.126845811838564,28.39827470561338,1794600,CPFE3.SA
2023-04-17,28.321935653686523,29.05140203265445,27.685773565380224,28.703633553807848,3202000,CPFE3.SA
2023-04-18,28.271045684814453,28.67818904640316,28.09291783512305,28.542474592540255,2225500,CPFE3.SA
2023-04-19,28.075952529907227,28.584884147891152,27.897827919672334,28.220150954160047,1460900,CPFE3.SA
2023-04-20,28.271045684814453,28.372830716289677,27.90631248336644,28.313455844955143,3124000,CPFE3.SA
2023-04-24,28.737564086914062,29.119262001802948,28.28800732685034,28.28800732685034,2475200,CPFE3.SA
2023-04-25,28.746042251586914,28.932650823426087,28.457648656784347,28.48309733929085,3324500,CPFE3.SA
2023-04-26,28.075952529907227,28.533990015386436,27.719703309437445,28.483099118569463,3331900,CPFE3.SA
2023-04-27,28.03354263305664,28.279526088933544,27.813007861514162,28.237115929293196,1667800,CPFE3.SA
2023-04-28,28.109882354736328,28.186221936744413,27.516130409749874,28.118366328119333,1918300,CPFE3.SA
2023-05-02,28.30208969116211,28.36548609568272,27.58661203460675,28.33831719512958,1812200,CPFE3.SA
2023-05-03,27.84925651550293,28.365486359890507,27.677179324899576,28.365486359890507,3120800,CPFE3.SA
2023-05-04,28.139068603515625,28.410769693524628,27.840198613701418,27.9488793951895,1751000,CPFE3.SA
2023-05-05,28.193408966064453,28.283975998751423,27.90359584340413,28.24775022213012,1543400,CPFE3.SA
2023-05-08,28.102846145629883,28.365488663480004,27.668124695779223,28.28397849959692,1730700,CPFE3.SA
2023-05-09,28.30208969116211,28.77303687820444,27.939823288599726,28.04850234565721,1225100,CPFE3.SA
2023-05-10,28.754924774169922,28.827378058834707,28.14812786731888,28.383601474335077,1602300,CPFE3.SA
2023-05-11,29.12624740600586,29.12624740600586,28.573790043468158,28.800206768780654,1014800,CPFE3.SA
2023-05-12,28.945112228393555,29.388890513174964,28.28397583033364,29.25303910124221,1913000,CPFE3.SA
2023-05-15,29.12624740600586,29.361719280199036,28.872660051783754,29.026623494093155,1933600,CPFE3.SA
2023-05-16,28.754924774169922,29.316437298466365,28.700585242526973,29.126248074004767,1227500,CPFE3.SA
2023-05-17,28.066617965698242,28.93605911713867,27.966994050579398,28.79115254646903,2997700,CPFE3.SA
2023-05-18,28.33831787109375,28.501336460568513,28.039446138500413,28.12095629694905,2336300,CPFE3.SA
2023-05-19,28.800207138061523,29.126247779467274,28.093788051579132,28.428883841981666,3579400,CPFE3.SA
2023-05-22,28.65530014038086,29.05379578716401,28.3654870089995,28.80926358235502,2048200,CPFE3.SA
2023-05-23,28.89077377319336,29.407005357383337,28.61907439408076,28.66435704812535,3450400,CPFE3.SA
2023-05-24,28.754924774169922,28.972284628164278,28.6643577364833,28.700585242526973,2962800,CPFE3.SA
2023-05-25,28.727754592895508,29.11719337925143,28.61001865126158,29.044738366033517,1562800,CPFE3.SA
2023-05-26,28.754924774169922,28.954170875142438,28.37454459782416,28.754924774169922,1322800,CPFE3.SA
2023-05-29,28.65530014038086,28.845491087488952,28.446997168128323,28.73681029950968,1048500,CPFE3.SA
2023-05-30,28.139068603515625,28.84548936463213,27.98510517073725,28.62812952907838,1601300,CPFE3.SA
2023-05-31,27.423595428466797,28.175298915825426,27.342085266079014,28.03039234434106,4214800,CPFE3.SA
2023-06-01,27.06132698059082,27.532274196549128,26.58132461550713,27.532274196549128,4054100,CPFE3.SA
2023-06-02,27.17906379699707,27.45076317523539,27.079439885512514,27.378309892543673,2607200,CPFE3.SA
2023-06-05,26.96170425415039,27.260574264565005,26.780570181659247,27.21528988273095,2310600,CPFE3.SA
2023-06-06,27.577556610107422,27.731520045583746,26.98887176848342,26.98887176848342,3291500,CPFE3.SA
2023-06-07,27.876428604125977,28.048504076321564,27.604727489872687,27.677180774855717,2105400,CPFE3.SA
2023-06-09,28.401714324951172,28.55567776589979,27.794917437379848,27.912653373435848,2243900,CPFE3.SA
2023-06-12,28.41982650756836,28.673413860955367,28.229637288094995,28.229637288094995,2377800,CPFE3.SA
2023-06-13,27.95793914794922,28.564736065762734,27.76774819262904,28.564736065762734,2513500,CPFE3.SA
2023-06-14,28.36548614501953,28.44699630166565,27.894538957158073,28.157183179111662,2090000,CPFE3.SA
2023-06-15,28.166240692138672,28.43794006882228,28.166240692138672,28.36548678654515,2760500,CPFE3.SA
2023-06-16,28.981340408325195,29.28021213961165,27.903596328212302,28.12095617398404,7685500,CPFE3.SA
2023-06-19,28.800207138061523,29.135302928464057,28.71869697771009,29.108134026628612,1725400,CPFE3.SA
2023-06-20,29.216812133789062,29.216812133789062,28.65529963352536,28.709640890265064,3509600,CPFE3.SA
2023-06-21,30.004745483398438,30.122479693377105,29.008509816538908,29.14436123401591,3189100,CPFE3.SA
2023-06-22,28.727754592895508,29.96851905549082,28.51039473550954,29.814553879825343,3255600,CPFE3.SA
2023-06-23,30.52097511291504,31.27267684073435,28.691527566810457,28.736810220681136,4799100,CPFE3.SA
2023-06-26,30.6205997467041,30.828902723299286,30.26738674655215,30.539089585875978,1685300,CPFE3.SA
2023-06-27,30.43040657043457,31.245508165382574,30.249275953641735,30.647768147369057,1751200,CPFE3.SA
2023-06-28,30.330785751342773,30.86512935613599,30.176820583091327,30.35795465256861,1661700,CPFE3.SA
2023-06-29,30.638713836669922,30.837958211561908,30.312673189771022,30.321728338920366,1641200,CPFE3.SA
2023-06-30,31.145883560180664,31.39946918192389,30.83795668170175,30.856070433946982,2394500,CPFE3.SA
2023-07-03,31.345130920410156,31.59871653843498,31.00097654248723,31.191165756005848,1034100,CPFE3.SA
2023-07-04,31.209280014038086,31.453810487460583,30.955694391901417,31.354186577379753,664200,CPFE3.SA
2023-07-05,31.689287185668945,31.95192796790335,30.683996347419413,31.23645372374358,2388100,CPFE3.SA
2023-07-06,32.223628997802734,32.42287336055666,31.48097898352832,31.607775247810743,3217200,CPFE3.SA
2023-07-07,32.33230972290039,32.748915676782055,31.897590016044074,32.46815768794261,2236300,CPFE3.SA
2023-07-10,32.305137634277344,32.45910280841786,32.09683465560677,32.341365140527486,1021900,CPFE3.SA
2023-07-11,32.24174118041992,32.359478848144725,31.30890535228417,32.06061055911425,1904100,CPFE3.SA
2023-07-12,31.970041275024414,32.495329741856466,31.68022813982228,32.36853692706117,1673900,CPFE3.SA
2023-07-13,32.2779655456543,32.585892408692814,31.76173572450808,31.979097285706658,941600,CPFE3.SA
2023-07-14,32.133060455322266,32.332308274271156,31.852302479062008,32.01532279368474,1151400,CPFE3.SA
2023-07-17,32.096832275390625,32.2689111898953,31.734567604289268,31.94287056751265,1138600,CPFE3.SA
2023-07-18,32.015323638916016,32.19645771048392,31.64400034688209,32.19645771048392,1258500,CPFE3.SA
2023-07-19,31.84324836730957,31.92475852727514,31.33607365476324,31.8704172690164,860800,CPFE3.SA
2023-07-20,31.743623733520508,31.870416545065662,31.345131546543584,31.698341080089378,1726900,CPFE3.SA
2023-07-21,32.214569091796875,32.29607924526018,31.61682911801423,31.743621922324973,3112400,CPFE3.SA
2023-07-24,32.40475845336914,32.60400626386533,32.03343518689113,32.305134548121046,1228000,CPFE3.SA
2023-07-25,32.422874450683594,32.83042524818176,32.29608163698307,32.50438461018323,1112900,CPFE3.SA
2023-07-26,32.68552017211914,32.83042674507601,32.17834543934748,32.43193453315592,1782400,CPFE3.SA
2023-07-27,32.522499084472656,32.91193613796265,32.377592514907434,32.830425976654396,884100,CPFE3.SA
2023-07-28,32.51344299316406,32.785142371369645,32.06966469338042,32.640235806003666,686700,CPFE3.SA
2023-07-31,32.40475845336914,32.730799068782964,32.14211769525896,32.58589251247069,1445800,CPFE3.SA
2023-08-01,32.422874450683594,32.64023602763097,32.07872006003569,32.404760698034224,1793900,CPFE3.SA
2023-08-02,32.495330810546875,32.694575188272815,32.15117640560905,32.45004815446576,1013700,CPFE3.SA
2023-08-03,32.04249572753906,32.70363214661886,31.852303053817316,32.594953086524306,1380800,CPFE3.SA
2023-08-04,31.888532638549805,32.440990033566024,31.82513622812289,32.09683562350186,1271900,CPFE3.SA
2023-08-07,31.589662551879883,31.933813487617325,31.263621913943307,31.906644586070964,1608000,CPFE3.SA
2023-08-08,31.680227279663086,31.988154159310376,30.88323945207392,31.245507588663084,2481300,CPFE3.SA
2023-08-09,31.480979919433594,31.580603831194768,31.01909132063048,31.408528363963224,1835500,CPFE3.SA
2023-08-10,31.453811645507812,31.580604461244327,31.02814708852513,31.49003915138828,1556700,CPFE3.SA
2023-08-11,31.861360549926758,32.060608365544745,31.453809770183113,31.788905542485708,2230500,CPFE3.SA
2023-08-14,32.24174118041992,33.32854218247967,31.99721415068824,32.142120720639866,3371400,CPFE3.SA
2023-08-15,31.96098518371582,32.60400784255905,31.94287143144411,32.41381862597358,1850300,CPFE3.SA
2023-08-16,32.00626754760742,32.69457285348454,31.743623324309656,31.924757390544148,2265900,CPFE3.SA
2023-08-17,31.8975887298584,32.18740185607666,31.72550981096038,32.1692881038324,1485900,CPFE3.SA
2023-08-18,31.872909545898438,32.07668981438296,31.632081210499987,31.956273879966187,1786800,CPFE3.SA
2023-08-21,31.215259552001953,31.947012758714767,31.13189521790258,31.947012758714767,1407400,CPFE3.SA
2023-08-22,31.85438346862793,31.872909268641287,31.150420735295654,31.298623601967453,2066900,CPFE3.SA
2023-08-23,31.94701385498047,32.03963932563152,31.502401702236835,31.771020513934175,1519400,CPFE3.SA
2023-08-24,32.10447692871094,32.33604413204366,31.808071191119865,32.04889952787445,720600,CPFE3.SA
2023-08-25,31.919221878051758,32.29899194326372,31.835857545032788,32.10447634403114,1730400,CPFE3.SA
2023-08-28,32.13226318359375,32.2156275163698,31.817331652377007,31.882170185265597,625500,CPFE3.SA
2023-08-29,32.27120590209961,32.51203424112518,32.02111289612971,32.141528832360066,656100,CPFE3.SA
2023-08-30,32.14152908325195,32.493512227746216,32.0674258808594,32.48424756072956,730300,CPFE3.SA
2023-08-31,31.632081985473633,32.13226446869932,31.632081985473633,32.03963899899257,2895000,CPFE3.SA
2023-09-01,32.2434196472168,32.47498685761022,31.687656222211455,31.817333294682136,1533400,CPFE3.SA
2023-09-04,32.67876434326172,32.88254462374195,32.14153024031652,32.23415571320646,933600,CPFE3.SA
2023-09-05,32.43793487548828,32.873282356621395,32.14152913233579,32.53982501221605,1477800,CPFE3.SA
2023-09-06,31.48387908935547,32.53982499030458,31.40977588689966,32.48424758846272,1669400,CPFE3.SA
2023-09-08,31.613555908203125,31.9470132497257,31.4560883709574,31.520926905871775,1099200,CPFE3.SA
2023-09-11,31.771018981933594,32.11373744693883,31.53945178303694,31.947012314493474,1745200,CPFE3.SA
2023-09-12,32.113739013671875,32.36383202469375,31.845123735257456,31.93774920596102,1123400,CPFE3.SA
2023-09-13,32.28046798706055,32.74360241174397,31.91922370115712,32.13226511249926,1335800,CPFE3.SA
2023-09-14,32.65097427368164,32.65097427368164,32.06742395687533,32.35456854876557,732700,CPFE3.SA
2023-09-15,32.984432220458984,33.45682774926641,32.51203315821653,32.74360035601988,3266700,CPFE3.SA
2023-09-18,33.095584869384766,33.29010047564561,32.8825434625131,32.9659077985442,1353500,CPFE3.SA
2023-09-19,32.845489501953125,33.28083695144783,32.512032181781436,33.197472621404906,1231600,CPFE3.SA
2023-09-20,33.13263702392578,33.22526249509156,32.789918540490106,32.9381214144165,1326500,CPFE3.SA
2023-09-21,33.095584869384766,33.391990612287536,32.604663520221145,32.73434059106172,1614100,CPFE3.SA
2023-09-22,33.05853271484375,33.37346425308615,33.03074578111019,33.30862571875111,1470400,CPFE3.SA
2023-09-25,33.0122184753418,33.1511602045436,32.81770288120723,32.93811881095313,884800,CPFE3.SA
2023-09-26,32.36383056640625,32.99369363242796,32.36383056640625,32.81770383264707,1452100,CPFE3.SA
2023-09-27,31.798810958862305,32.493512588548,31.159683198152926,32.3638319829211,1848100,CPFE3.SA
2023-09-28,31.641342163085938,31.891435163860272,31.46535236258625,31.80807083026883,2686200,CPFE3.SA
2023-09-29,31.131895065307617,31.863648268433696,30.90032786432608,31.706180734380013,5326700,CPFE3.SA
2023-10-02,31.28936004638672,31.483879186717175,30.900328832596173,31.076318638820204,1836900,CPFE3.SA
2023-10-03,30.872541427612305,31.4005143716699,30.69654809063635,31.28935956933715,1409100,CPFE3.SA
2023-10-04,31.04853057861328,31.187468778456488,30.807698712055632,31.057791711895472,881300,CPFE3.SA
2023-10-05,31.0114803314209,31.37272461358079,30.659497182947195,31.04853193303607,1872500,CPFE3.SA
2023-10-06,30.844751358032227,30.909589893511477,30.474245945784393,30.909589893511477,1601700,CPFE3.SA
2023-10-09,31.159683227539062,31.21526063000301,30.483507398019515,30.76138734346882,1156600,CPFE3.SA
2023-10-10,31.595029830932617,31.74323269992923,31.215259758289108,31.30788522637382,1960900,CPFE3.SA
2023-10-11,31.76175880432129,31.808071538807045,31.428301462527603,31.595030133424448,1794500,CPFE3.SA
2023-10-13,30.742860794067383,31.86364874913719,30.705812726762076,31.86364874913719,1431700,CPFE3.SA
2023-10-16,30.752124786376953,31.150420652011597,30.390880520669963,30.854014919460475,1542800,CPFE3.SA
2023-10-17,30.279726028442383,30.937379566815423,30.066684626847064,30.678021898122573,1696600,CPFE3.SA
2023-10-18,29.723966598510742,30.131523607594573,29.640602263307784,30.131523607594573,2539700,CPFE3.SA
2023-10-19,30.566871643066406,30.77065191805278,29.585027169818535,29.75175407655611,2867800,CPFE3.SA
2023-10-20,30.427928924560547,30.91885379545791,30.409406657826388,30.446454724729797,2558800,CPFE3.SA
2023-10-23,30.427928924560547,30.78917672770826,30.288990723443817,30.288990723443817,1337100,CPFE3.SA
2023-10-24,30.381616592407227,30.733599733404912,30.270465323357744,30.585396863527222,998200,CPFE3.SA
2023-10-25,30.400142669677734,30.59465827564458,30.288991399615988,30.33530413435545,1379200,CPFE3.SA
2023-10-26,31.28936004638672,31.354198582018476,30.5390845530949,30.5390845530949,1852000,CPFE3.SA
2023-10-27,31.00221824645996,31.798809989567395,30.844750711144837,31.243046582698554,1884100,CPFE3.SA
2023-10-30,30.613183975219727,31.372724129433372,30.47424577145976,31.372724129433372,907300,CPFE3.SA
2023-10-31,30.974428176879883,31.150421514692674,30.437194096790932,30.66876130259922,1372000,CPFE3.SA
2023-11-01,31.446826934814453,31.752493805978474,31.113369596500892,31.178208130791294,2421700,CPFE3.SA
2023-11-03,31.99332618713379,32.26194499544606,31.77102011356342,31.882171383631018,1408200,CPFE3.SA
2023-11-06,32.35456848144531,32.40088121334803,31.715444300943915,32.123001288496766,1368700,CPFE3.SA
2023-11-07,32.521297454833984,32.77139044962831,32.187840128441536,32.3823557243588,1471000,CPFE3.SA
2023-11-08,32.14152908325195,32.63245043207948,31.91922300950948,32.51203449490918,1915900,CPFE3.SA
2023-11-09,32.400882720947266,32.8640171283938,32.178580184096596,32.41940852125734,1409100,CPFE3.SA
2023-11-10,33.03074645996094,33.51240667737403,32.641715245955275,32.725079582304375,1640100,CPFE3.SA
2023-11-13,32.7899169921875,33.0122195258626,32.53982399172671,32.92885519237567,1261100,CPFE3.SA
2023-11-14,33.160423278808594,33.72544782826862,32.66023726452249,32.97516880683946,2355400,CPFE3.SA
2023-11-16,33.96627426147461,34.1793191890111,33.169686083569516,33.169686083569516,1758200,CPFE3.SA
2023-11-17,33.790287017822266,34.36457271195649,33.77176121692307,34.09595743250619,1185800,CPFE3.SA
2023-11-20,33.75323486328125,34.13300494190763,33.438303320022655,34.13300494190763,568400,CPFE3.SA
2023-11-21,33.679134368896484,33.799550303100474,33.34567703321473,33.743972902675154,845700,CPFE3.SA
2023-11-22,33.75323486328125,34.531300821129825,33.438303320022655,33.80881226506871,1905100,CPFE3.SA
2023-11-23,33.97554016113281,34.08669142873432,33.577244291006075,33.577244291006075,1458100,CPFE3.SA
2023-11-24,33.72544860839844,33.98480275509345,33.31789158738695,33.98480275509345,811800,CPFE3.SA
2023-11-27,34.253421783447266,34.45720206194647,33.530933208310465,33.85512589370896,2219600,CPFE3.SA
2023-11-28,34.01259231567383,34.63319073111551,34.01259231567383,34.32752385687211,960800,CPFE3.SA
2023-11-29,33.58650588989258,34.29973330597168,33.51240622160957,34.22563363768866,1460300,CPFE3.SA
2023-11-30,34.318260192871094,34.51277580338664,33.401256009906234,33.61429742143782,2615800,CPFE3.SA
2023-12-01,34.38309860229492,34.73508175342483,33.9570157808107,34.38309860229492,3172300,CPFE3.SA
2023-12-04,34.586875915527344,34.855494706093644,34.27194439327874,34.457198853442904,670700,CPFE3.SA
2023-12-05,34.82770538330078,34.85549584997013,34.35530985114241,34.64245445049204,1008100,CPFE3.SA
2023-12-06,34.67950439453125,35.031487546107215,34.28120850724574,35.01296174513635,1679200,CPFE3.SA
2023-12-07,34.27194595336914,34.83697049254457,34.114481951794396,34.735080358144394,1072300,CPFE3.SA
2023-12-08,34.318260192871094,34.42015033174169,34.003328642468915,34.27194745704862,1067400,CPFE3.SA
2023-12-11,34.16079330444336,34.457199028840854,33.95701304388197,34.15152863799877,1025100,CPFE3.SA
2023-12-12,34.34605026245117,34.383098330617976,33.99406711410245,34.17005692155921,959400,CPFE3.SA
2023-12-13,34.818443298339844,34.89254296275096,34.133002852003514,34.34604777909349,2437200,CPFE3.SA
2023-12-14,34.9481201171875,35.42978029951996,34.52203733285164,34.957384783571065,2255600,CPFE3.SA
2023-12-15,34.99443435668945,35.374204425776334,34.27194581877663,35.0222248236027,3948200,CPFE3.SA
2023-12-18,35.337158203125,35.4112578740789,34.78139477051206,35.24452919763854,2149100,CPFE3.SA
2023-12-19,35.82807922363281,35.85586615829623,35.26305466257521,35.34641900000067,1459800,CPFE3.SA
2023-12-20,35.43904495239258,35.994808387254125,35.43904495239258,35.91144404869666,1220100,CPFE3.SA
2023-12-21,35.80955123901367,35.80955123901367,35.39272957730448,35.57798404177912,743700,CPFE3.SA
2023-12-22,35.8836555480957,36.0133326172085,35.55019820841417,35.809552346639755,905600,CPFE3.SA
2023-12-26,35.763240814208984,36.087433497884895,35.51314780104389,36.087433497884895,971300,CPFE3.SA
2023-12-27,35.513145446777344,35.77249957652476,35.39272951506533,35.763238443363065,1297200,CPFE3.SA
2023-12-28,35.67061233520508,35.67061233520508,35.3278938454896,35.53167412591057,1111700,CPFE3.SA
2024-01-02,35.57798385620117,35.92996698352352,35.17042686323082,35.67060932123785,1197800,CPFE3.SA
2024-01-03,35.63356399536133,36.041121019671166,35.45757065144948,35.57798659200465,1154600,CPFE3.SA
2024-01-04,35.4205207824707,35.615036384180314,35.27231791448694,35.59651058400296,763800,CPFE3.SA
2024-01-05,35.43904495239258,35.522409290950044,35.07780066312198,35.420522684655616,725000,CPFE3.SA
2024-01-08,35.19821548461914,35.540933961818055,35.012961012223585,35.503885894087084,1984900,CPFE3.SA
2024-01-09,35.66135025024414,35.78176618850293,35.09632569391661,35.105590361017015,1468600,CPFE3.SA
2024-01-10,35.698402404785156,36.12448522868882,35.568725330852324,35.670611936488655,1495800,CPFE3.SA
2024-01-11,35.30936813354492,35.763241431966435,35.170429923898965,35.763241431966435,1935100,CPFE3.SA
2024-01-12,34.73508071899414,35.4483081337697,34.73508071899414,35.4483081337697,1190400,CPFE3.SA
2024-01-15,34.82770538330078,34.966647116342386,34.49425158418401,34.772131516832175,747600,CPFE3.SA
2024-01-16,34.43867492675781,34.855496601434005,34.43867492675781,34.79065806686606,2718200,CPFE3.SA
2024-01-17,34.466461181640625,34.799918514812845,34.346048781777924,34.42940958163592,2499200,CPFE3.SA
2024-01-18,33.7161865234375,34.790658215277944,33.63282218814664,34.577616810298,2043600,CPFE3.SA
2024-01-19,33.53093338012695,33.86439073449423,33.28084036435149,33.79028752977471,3750800,CPFE3.SA
2024-01-22,33.37346267700195,33.7532327316445,33.1696859501875,33.67913306737605,797400,CPFE3.SA
2024-01-23,33.391990661621094,33.61429673584419,33.16042345379649,33.429042262897475,2039700,CPFE3.SA
2024-01-24,33.43830108642578,33.660607145290946,33.2437854933156,33.3919883547474,1430100,CPFE3.SA
2024-01-25,33.679134368896484,33.76249870281693,33.30862543293117,33.44756716727694,926500,CPFE3.SA
2024-01-26,34.36457061767578,34.568350881712746,33.68839482652177,33.68839482652177,1983700,CPFE3.SA
2024-01-29,33.90143585205078,34.50351197095827,33.5957689927815,34.3923607069908,2608100,CPFE3.SA
2024-01-30,33.18821334838867,34.12374329713419,32.9195945439261,33.9014372267498,2835900,CPFE3.SA
2024-01-31,33.58650588989258,34.02185336639888,33.21600048160723,33.21600048160723,2466400,CPFE3.SA
2024-02-01,33.76250076293945,33.901438972327874,33.243788927624244,33.781026564211636,1669500,CPFE3.SA
2024-02-02,33.002960205078125,33.77176151529338,32.43793563968394,33.68839717722808,4639400,CPFE3.SA
2024-02-05,33.26231384277344,33.4475683171247,32.94738229640686,33.00295969874279,1119800,CPFE3.SA
2024-02-06,33.78102493286133,34.01259213742784,33.271574256066906,33.271574256066906,1141300,CPFE3.SA
2024-02-07,33.78102493286133,34.17932080739053,33.72544753172872,33.845863467465136,1554500,CPFE3.SA
2024-02-08,33.077056884765625,33.80881006011861,32.98443142126256,33.7717584613434,1906600,CPFE3.SA
2024-02-09,33.215999603271484,33.271573469655415,32.70655247195356,33.07705787044157,1267200,CPFE3.SA
2024-02-14,32.9381217956543,33.16042434239928,32.697289914339414,33.114111606280346,1865700,CPFE3.SA
2024-02-15,33.41978073120117,33.63282213584985,33.13263612488245,33.234526260461195,3367200,CPFE3.SA
2024-02-16,33.215999603271484,33.762498334468724,33.215999603271484,33.493879535496255,962800,CPFE3.SA
2024-02-19,33.215999603271484,33.493879535496255,33.1511610702002,33.215999603271484,572100,CPFE3.SA
2024-02-20,33.59577178955078,33.66987146055273,32.89180548113833,33.1141115610147,2126200,CPFE3.SA
2024-02-21,32.97517013549805,33.845865128805066,32.771393388212935,33.66061064937153,1740700,CPFE3.SA
2024-02-22,32.97517013549805,33.21600201879223,32.61392584399207,33.06779914193247,1963900,CPFE3.SA
2024-02-23,33.215999603271484,33.512405335435915,32.81770373815645,33.225260736523786,2264100,CPFE3.SA
2024-02-26,32.76212692260742,33.95701453926177,32.76212692260742,33.34567726409084,2525100,CPFE3.SA
2024-02-27,32.66950225830078,33.23452681341271,32.66950225830078,32.89180480013928,3112200,CPFE3.SA
2024-02-28,32.65097427368164,32.91032839962446,32.01185009185041,32.55834880968348,2147900,CPFE3.SA
2024-02-29,32.7806510925293,32.9473797532323,32.50277116916928,32.549083900823454,2309400,CPFE3.SA
2024-03-01,32.7899169921875,33.15116125948583,32.76212652540181,32.79917812549269,1151900,CPFE3.SA
2024-03-04,32.3267822265625,32.88254208791379,32.3267822265625,32.78065195553121,1510100,CPFE3.SA
2024-03-05,32.076690673828125,32.55835089096545,32.048900206104214,32.28046741433744,1823300,CPFE3.SA
2024-03-06,31.863649368286133,32.678763399803564,31.863649368286133,32.095216577260786,2819600,CPFE3.SA
2024-03-07,31.872909545898438,32.02111241385943,31.733967811307156,31.863648412528725,2406700,CPFE3.SA
2024-03-08,31.669130325317383,32.11373894391206,31.493140517988827,31.872910600544813,3489700,CPFE3.SA
2024-03-11,32.0118522644043,32.382357678977066,31.66913025079461,31.66913025079461,2753100,CPFE3.SA
2024-03-12,31.493139266967773,32.178579735136736,31.493139266967773,32.178579735136736,1719200,CPFE3.SA
2024-03-13,31.187469482421875,31.650603892556575,30.974428077772128,31.493139889159643,1600600,CPFE3.SA
2024-03-14,31.150421142578125,31.335675611698786,31.020744074224197,31.215259676755092,1353000,CPFE3.SA
2024-03-15,30.918853759765625,31.27083336226976,30.835489425817787,31.15042096146128,5670800,CPFE3.SA
2024-03-18,31.159683227539062,31.456088973809678,30.854016347575396,30.99295455358244,1884300,CPFE3.SA
2024-03-19,31.261571884155273,31.493139083297166,31.178207551126793,31.307884617296644,2412400,CPFE3.SA
2024-03-20,31.687654495239258,31.789544627609,31.26157169936126,31.465351964100748,2519500,CPFE3.SA
2024-03-21,31.872909545898438,31.974799680140695,31.585764943346167,31.585764943346167,1439700,CPFE3.SA
2024-03-22,32.113739013671875,32.47498682966028,31.724707796594654,32.47498682966028,1942300,CPFE3.SA
2024-03-25,32.41014862060547,32.789918707819545,32.07669126921062,32.28046801350228,2651200,CPFE3.SA
2024-03-26,32.558349609375,32.743600541921424,32.20636647735372,32.36383047670518,2531600,CPFE3.SA
2024-03-27,32.53055953979492,32.74360094157161,32.280466537682706,32.60466274046599,2003700,CPFE3.SA
2024-03-28,32.2434196472168,32.6417155317683,32.08595210676296,32.55835119468926,2672300,CPFE3.SA
2024-04-01,32.06742477416992,32.4101467732549,31.687654708602413,32.326782440157885,1515500,CPFE3.SA
2024-04-02,32.41014862060547,32.465722490214446,31.808072454649743,32.141529806044595,1666900,CPFE3.SA
2024-04-03,33.1696891784668,33.20673724748929,32.33604579034297,32.44719706428105,2341100,CPFE3.SA
2024-04-04,32.88254165649414,33.34567604602223,32.68802606091674,33.34567604602223,2701100,CPFE3.SA
2024-04-05,32.38235855102539,33.02148632687891,32.16005600298222,33.02148632687891,2446500,CPFE3.SA
2024-04-08,32.89180374145508,32.99369387544954,32.2063668038407,32.38235660491789,2197000,CPFE3.SA
2024-04-09,33.7161865234375,33.7161865234375,32.93812057186786,33.02148490715872,2243900,CPFE3.SA
2024-04-10,33.077056884765625,33.80881006011861,32.92885402309977,33.799548927142276,2092300,CPFE3.SA
2024-04-11,32.688026428222656,33.012219091161185,32.50277196364277,33.012219091161185,1857100,CPFE3.SA
2024-04-12,32.53055953979492,32.715814008037505,32.46572100592528,32.688027074503395,966100,CPFE3.SA
2024-04-15,32.558349609375,32.65097507564821,32.22489227729537,32.530559142745,2341300,CPFE3.SA
2024-04-16,32.31752014160156,32.52130042264564,31.974801650838142,32.33604594291787,2058200,CPFE3.SA
2024-04-17,32.51203536987305,32.59539970809058,32.26194588865572,32.4194098978248,1791000,CPFE3.SA
2024-04-18,32.15079116821289,32.75286733844538,32.02111409362381,32.576873994272816,2143900,CPFE3.SA
2024-04-19,32.35456848144531,32.51203247660155,32.06742389015254,32.10447548904869,4404000,CPFE3.SA
2024-04-22,32.400882720947266,32.50277285593512,32.002586847868436,32.45646012187749,1878400,CPFE3.SA
2024-04-23,32.3267822265625,32.549084757729005,32.03037649605047,32.38235609263661,1329500,CPFE3.SA
2024-04-24,32.3267822265625,32.49351089165489,32.2341532273806,32.3267822265625,1545100,CPFE3.SA
2024-04-25,32.03037643432617,32.38235603023403,31.965534368306287,32.2804658980478,1243900,CPFE3.SA
2024-04-26,32.36383056640625,32.60466243288017,32.18784076662535,32.36383056640625,2497900,CPFE3.SA
2024-04-29,29.983320236206055,30.150048903823777,29.51092470024589,30.094475036907923,2946700,CPFE3.SA
2024-04-30,29.547975540161133,30.094476061920457,29.547975540161133,29.909221587876022,2776600,CPFE3.SA
2024-05-02,29.927745819091797,30.761385608419513,28.612442302447825,29.83511682020982,7328200,CPFE3.SA
2024-05-03,30.640974044799805,30.854015447879874,30.02963323582859,30.17783963807745,3040100,CPFE3.SA
2024-05-06,30.37235450744629,30.65949557128181,30.25193857524444,30.344564040978153,1219600,CPFE3.SA
2024-05-07,30.474245071411133,30.60392213864891,29.97405906912106,30.372354937599997,1670500,CPFE3.SA
2024-05-08,30.77065086364746,30.77065086364746,30.270464860421594,30.372354994423354,1117200,CPFE3.SA
2024-05-09,30.261199951171875,30.65949581720465,30.21488721793354,30.390880551048287,1453400,CPFE3.SA
2024-05-10,30.048158645629883,30.57613157975748,29.86290771209639,30.55760931315218,2439100,CPFE3.SA
2024-05-13,30.60392189025879,30.705812023242952,30.09447475877301,30.09447475877301,1245700,CPFE3.SA
2024-05-14,31.52092742919922,31.641343367511613,30.74286146387372,30.844751601412266,2760000,CPFE3.SA
2024-05-15,31.53019142150879,31.78028442645052,31.233785682341207,31.585765289205753,1700000,CPFE3.SA
2024-05-16,31.585765838623047,31.8265977142828,31.437562966461346,31.64134324072188,1222200,CPFE3.SA
2024-05-17,31.687654495239258,31.817331560642558,31.17820736682556,31.51166469696835,931500,CPFE3.SA
2024-05-20,31.585765838623047,31.98406172007671,31.50240150219239,31.696920642820714,2160000,CPFE3.SA
2024-05-21,32.3267822265625,32.400881892472995,31.45608730142777,31.696919165865687,3455600,CPFE3.SA
2024-05-22,32.17858123779297,32.43793538375641,31.928488225570263,32.02111369671857,2469000,CPFE3.SA
2024-05-23,32.19710159301758,32.32678219173251,31.919221662641327,32.18784045982688,1976600,CPFE3.SA
2024-05-24,32.42866897583008,32.61392344161758,32.12300211070048,32.1693148437886,1036200,CPFE3.SA
2024-05-27,32.27120590209961,32.58613744293929,32.20636736722984,32.46572150670893,693900,CPFE3.SA
2024-05-28,32.04890060424805,32.59539936380502,31.92848819854422,32.33604521806111,1114700,CPFE3.SA
2024-05-29,31.493139266967773,32.1693150683934,31.465352333607903,32.04889913477553,1400000,CPFE3.SA
2024-05-31,31.585765838623047,31.585765838623047,30.909590013545596,31.49314036856018,7096900,CPFE3.SA
2024-06-03,31.863649368286133,32.095216577260786,31.178208875009677,31.585765890768393,1699000,CPFE3.SA
2024-06-04,32.09521484375,32.141527576356474,31.659867383692163,31.835857180970756,1250700,CPFE3.SA
2024-06-05,31.706180572509766,32.2989920386464,31.493139172706602,32.048899038850934,2056800,CPFE3.SA
2024-06-06,31.724706649780273,32.02111238543918,31.58576491531231,31.715445516418782,1361800,CPFE3.SA
2024-06-07,30.88180160522461,31.585764331033726,30.81696307258831,31.51166466520725,1674600,CPFE3.SA
2024-06-10,30.427928924560547,30.965166529163486,30.24267798973824,30.891063328486492,1433000,CPFE3.SA
2024-06-11,30.58539581298828,30.826224143229442,30.49276681409936,30.58539581298828,832900,CPFE3.SA
2024-06-12,30.25193977355957,30.79843852327999,30.066685301318973,30.678022586308327,1716900,CPFE3.SA
2024-06-13,30.140789031982422,30.474246381174247,30.10373743019772,30.21488870211659,837800,CPFE3.SA
2024-06-14,30.3167781829834,30.41866831896454,29.74249250151306,30.103736777493356,1683100,CPFE3.SA
2024-06-17,29.964794158935547,30.288990357831455,29.872168692642457,30.288990357831455,625100,CPFE3.SA
2024-06-18,29.918481826782227,30.06668469489854,29.73322735827806,29.964794560549496,709000,CPFE3.SA
2024-06-19,30.048158645629883,30.048158645629883,29.677653245127832,29.86290771209639,400900,CPFE3.SA
2024-06-20,30.11299705505371,30.390880521079804,29.974058855475715,30.13152285501779,1047800,CPFE3.SA
2024-06-21,30.224151611328125,30.279725477337557,29.97405861398062,30.12226147906414,2502600,CPFE3.SA
2024-06-24,30.279726028442383,30.47424516332079,30.08521042699906,30.270464895083926,2559100,CPFE3.SA
2024-06-25,30.224151611328125,30.492766875055427,30.094474546059423,30.372354476411644,1473100,CPFE3.SA
2024-06-26,30.122262954711914,30.233414225610947,29.77027980785726,30.131524088355505,1246900,CPFE3.SA
2024-06-27,30.687286376953125,30.70581217699165,30.057423309383598,30.1222618428009,2185100,CPFE3.SA
2024-06-28,30.3167781829834,30.779912594944832,30.242678514455847,30.69654825945437,1789100,CPFE3.SA
2024-07-01,30.381616592407227,30.807699401626188,30.066685052237744,30.46498092755312,1797600,CPFE3.SA
2024-07-02,30.233413696289062,30.50203250190771,30.103736626938026,30.390881232954698,1236500,CPFE3.SA
2024-07-03,30.650236129760742,30.835490604887937,30.353830382931314,30.381617317498065,1059000,CPFE3.SA
2024-07-04,30.88180160522461,31.122629935954432,30.72433407351144,30.826224205778487,783200,CPFE3.SA
2024-07-05,30.640974044799805,31.196733919492587,30.52055810969016,31.076317984382943,996800,CPFE3.SA
2024-07-08,30.99295425415039,30.99295425415039,30.492768237112962,30.640974642251617,1635500,CPFE3.SA
2024-07-09,30.909589767456055,31.20599550941959,30.83549009868275,31.03000570432723,1130700,CPFE3.SA
2024-07-10,30.99295425415039,31.344937399484337,30.946641519262148,30.946641519262148,1224100,CPFE3.SA
2024-07-11,31.22452163696289,31.32641177434897,30.900328957493734,31.030006029281395,815400,CPFE3.SA
2024-07-12,31.29862403869629,31.42830110716419,31.113369569412807,31.354197906076756,917800,CPFE3.SA
2024-07-15,30.742860794067383,31.400514340187147,30.724334993697166,31.400514340187147,1629000,CPFE3.SA
2024-07-16,30.99295425415039,31.1596829264962,30.70581317778219,30.789177513955096,1506500,CPFE3.SA
2024-07-17,31.215259552001953,31.354197753210848,30.97442768307706,31.196733751820414,1242400,CPFE3.SA
2024-07-18,30.863277435302734,31.29862492036723,30.752126163975596,31.2337863843068,943100,CPFE3.SA
2024-07-19,30.455718994140625,31.002217724979836,30.25193872837294,30.928114525269756,1687100,CPFE3.SA
2024-07-22,30.798439025878906,30.798439025878906,30.32604347071978,30.57613294887535,1099800,CPFE3.SA
2024-07-23,30.381616592407227,30.6780223321626,30.233413722529537,30.62244846435543,2281800,CPFE3.SA
2024-07-24,30.5483455657959,30.81696437431289,30.10373695175148,30.288991424295446,1846000,CPFE3.SA
2024-07-25,29.927745819091797,30.63170854341976,29.927745819091797,30.55760887774919,1418300,CPFE3.SA
2024-07-26,30.381616592407227,30.40014239282133,29.927746849284677,30.011111184430572,977900,CPFE3.SA
2024-07-29,30.455718994140625,30.576131393516945,30.242677595126704,30.455718994140625,974700,CPFE3.SA
2024-07-30,30.279726028442383,30.539083697135233,30.279726028442383,30.539083697135233,1063500,CPFE3.SA
2024-07-31,30.0852108001709,30.409407006699468,30.02963339902554,30.372355405935892,1244000,CPFE3.SA
2024-08-01,30.427928924560547,30.51129325860462,30.038897721311596,30.075949321650093,2951000,CPFE3.SA
2024-08-02,30.733598709106445,30.807698374858106,30.455718779026437,30.529818444778098,1415900,CPFE3.SA
2024-08-05,29.89995574951172,30.585396216594773,29.89995574951172,30.585396216594773,1743200,CPFE3.SA
2024-08-06,30.418668746948242,30.715074492099113,29.964795462128677,30.02963399804073,1390600,CPFE3.SA
2024-08-07,30.474245071411133,30.752125005982816,30.288990603884987,30.446454604549412,1429500,CPFE3.SA
2024-08-08,30.48350715637207,30.835490302316405,30.40940748710942,30.446455555023153,1002500,CPFE3.SA
2024-08-09,30.48350715637207,30.937380439308335,30.122262876808094,30.427929754348693,1356400,CPFE3.SA
2024-08-12,30.613183975219727,30.98369291878328,30.585397041154767,30.98369291878328,925600,CPFE3.SA
2024-08-13,30.983692169189453,31.122630369588066,30.68728643488367,30.68728643488367,1711600,CPFE3.SA
2024-08-14,31.28009796142578,31.419036162081703,30.76138615871247,30.854015159251496,1599700,CPFE3.SA
2024-08-15,30.872541427612305,31.419036638623563,30.807699359533967,31.4005143716699,1064600,CPFE3.SA
2024-08-16,30.955902099609375,31.23378557084273,30.752125363056063,31.178208169909038,1306100,CPFE3.SA
2024-08-19,30.752124786376953,31.178207585239814,30.585396120137567,31.076317452156292,2797900,CPFE3.SA
2024-08-20,30.798439025878906,31.141157508383966,30.75212629042177,30.816964826748805,1123000,CPFE3.SA
2024-08-21,31.122631072998047,31.233785875951256,30.798438397972397,30.798438397972397,1130200,CPFE3.SA
2024-08-22,31.178207397460938,31.40051346225291,31.002217599017104,31.21525899716544,1658800,CPFE3.SA
2024-08-23,31.28009796142578,31.65060336327665,31.141156227334783,31.289359094762144,1361700,CPFE3.SA
2024-08-26,31.335676193237305,31.46535326399783,31.11337011947986,31.28935992502126,1432700,CPFE3.SA
2024-08-27,30.48350715637207,31.437562923777968,30.483507156372067,31.400514855864238,1509900,CPFE3.SA
2024-08-28,30.60392189025879,30.705812023242952,30.15004862517525,30.474244824073505,1464100,CPFE3.SA
2024-08-29,30.437192916870117,30.696547046622094,30.159312987359428,30.659495447104664,1170800,CPFE3.SA
2024-08-30,31.57650375366211,31.576503753662106,30.196361677320755,30.446454679077984,4464500,CPFE3.SA
2024-09-02,30.77065086364746,31.224520599828832,30.742860396733747,31.057791932086875,1553900,CPFE3.SA
2024-09-03,31.06705665588379,31.270833390826194,30.71507351962314,30.798437853647105,2464600,CPFE3.SA
2024-09-04,31.835857391357422,32.03963765629458,31.224520129980984,31.261571729685016,1552800,CPFE3.SA
2024-09-05,32.17858123779297,32.54908665582143,31.817333420070018,31.835859220986723,1763700,CPFE3.SA
2024-09-06,32.09521484375,32.33604317336465,32.04889857770853,32.18784030896294,2117800,CPFE3.SA
2024-09-09,31.92848777770996,32.2804673898845,31.909961977053115,32.16005498576777,1037500,CPFE3.SA
2024-09-10,31.724706649780273,32.03963818559725,31.66912924930607,31.928486918083927,941100,CPFE3.SA
2024-09-11,31.5579776763916,32.05816367551363,31.41903594326824,32.05816367551363,1242000,CPFE3.SA
2024-09-12,31.317150115966797,31.73396825874748,31.317150115966797,31.43756251864626,778800,CPFE3.SA
2024-09-13,31.493139266967773,31.891435134489523,31.317149466630163,31.317149466630163,1701100,CPFE3.SA
2024-09-16,31.73396873474121,31.780285003242795,31.43756299019405,31.53019199376203,2451500,CPFE3.SA
2024-09-17,31.51166534423828,31.724706746553288,31.270833474883855,31.724706746553288,1653300,CPFE3.SA
2024-09-18,31.261571884155273,31.724706282439055,31.261571884155273,31.502400216551422,609300,CPFE3.SA
2024-09-19,31.00221824645996,31.363462517535403,30.955901979144564,31.28935931657885,1142200,CPFE3.SA
2024-09-20,30.918853759765625,31.09484356101769,30.705812358217834,31.002218093713463,1903700,CPFE3.SA
2024-09-23,30.88180160522461,31.06705606994333,30.576131208423465,31.030004470312583,995500,CPFE3.SA
2024-09-24,30.78917694091797,31.05779221164446,30.437193802135003,31.030005277915713,1660600,CPFE3.SA
2024-09-25,30.76138687133789,30.96516714380949,30.603922866926315,30.789177338860938,3891600,CPFE3.SA
2024-09-26,30.955902099609375,31.113369635537286,30.715073762433597,30.946640966171316,2471600,CPFE3.SA
2024-09-27,31.27083396911621,31.363462971653096,30.974428227868486,30.974428227868486,2837200,CPFE3.SA
2024-09-30,31.428300857543945,31.65060339217039,31.159682055888165,31.32641072357554,2270500,CPFE3.SA
2024-10-01,31.363462448120117,31.67839398461824,31.14115637917758,31.428300982096047,3395200,CPFE3.SA
2024-10-02,31.446826934814453,31.90996134170882,31.446826934814453,31.502400802243304,1367800,CPFE3.SA
2024-10-03,31.317150115966797,31.43756251864626,30.97442810805871,31.28009851509536,4322800,CPFE3.SA
2024-10-04,31.50240135192871,31.50240135192871,31.048531603976322,31.048531603976322,3461500,CPFE3.SA
2024-10-07,31.493139266967773,31.75249340082005,31.43756186681297,31.613555200585644,1144700,CPFE3.SA
2024-10-08,31.53019142150879,31.733968158789544,31.53019142150879,31.622816889960486,4304500,CPFE3.SA
2024-10-09,30.455718994140625,31.57650338899281,30.455718994140625,31.409774723080165,5312000,CPFE3.SA
2024-10-10,30.242677688598633,30.529818754775075,30.10373595543032,30.45571908827101,1522000,CPFE3.SA
2024-10-11,30.122262954711914,30.40014289867709,30.011111683812885,30.251940026333315,1672900,CPFE3.SA
2024-10-14,30.261199951171875,30.427928617577923,30.038897418253846,30.140787551439214,1050000,CPFE3.SA
2024-10-15,30.353830337524414,30.511294344414083,30.150050061845814,30.40940774001,1701900,CPFE3.SA
2024-10-16,30.446455001831055,30.492767735958136,30.196361997422674,30.492767735958136,2676300,CPFE3.SA
2024-10-17,30.29825210571289,30.52055817613504,30.075949568725857,30.492767708935325,990800,CPFE3.SA
2024-10-18,30.196361541748047,30.464980342440725,30.15004880831984,30.427928742324134,1494500,CPFE3.SA
2024-10-21,30.288991928100586,30.418669001007768,30.048160049757055,30.18710178983488,812300,CPFE3.SA
2024-10-22,30.3167781829834,30.437194119455214,30.01111130847513,30.196362246511583,4356100,CPFE3.SA
2024-10-23,30.390880584716797,30.47424491801218,30.15004871811457,30.205626118123174,1743700,CPFE3.SA
2024-10-24,30.60392189025879,30.60392189025879,30.214887158267892,30.49276709058422,939200,CPFE3.SA
2024-10-25,30.29825210571289,30.659496378393158,30.24267823818369,30.659496378393158,2419100,CPFE3.SA
2024-10-28,30.502033233642578,30.65023610694698,30.41866889656915,30.548345969031104,844100,CPFE3.SA
2024-10-29,30.150049209594727,30.631709417215742,30.103736475550132,30.631709417215742,1234700,CPFE3.SA
2024-10-30,30.32604217529297,30.474245042486203,30.103736107785583,30.16857464134293,1152300,CPFE3.SA
2024-10-31,30.353830337524414,30.696548819264155,30.242679065988455,30.242679065988455,1544000,CPFE3.SA
2024-11-01,30.029632568359375,30.455718898483994,30.029632568359375,30.33530296605084,1040300,CPFE3.SA
2024-11-04,30.474245071411133,30.640973738841158,30.205626270169972,30.279725937119387,1152000,CPFE3.SA
2024-11-05,30.446455001831055,30.548345136971708,30.21488779776053,30.27972633222547,684300,CPFE3.SA
2024-11-06,30.159313201904297,30.34456413393924,29.937007136653317,30.122261602123295,1153900,CPFE3.SA
2024-11-07,29.964794158935547,30.566870290145772,29.881429825897747,30.11299702506552,1054000,CPFE3.SA
2024-11-08,29.983320236206055,30.150048903823777,29.659127567746637,30.01111070309906,1364900,CPFE3.SA
2024-11-11,29.927745819091797,30.12226141659143,29.79806522065703,30.029632417709454,821200,CPFE3.SA
2024-11-12,30.11299705505371,30.13152285501779,29.77954325600549,30.13152285501779,1606800,CPFE3.SA
2024-11-13,30.038898468017578,30.363091145450475,29.82585706092808,30.112998137101453,1390900,CPFE3.SA
2024-11-14,29.97406005859375,30.19636260021549,29.807331385659854,30.04815972798927,1562500,CPFE3.SA
2024-11-18,29.88142967224121,30.066684137309817,29.742491473516026,30.05742300410215,1618200,CPFE3.SA
2024-11-19,30.103736877441406,30.168575412656466,29.798066468483125,30.05742414277853,974400,CPFE3.SA
2024-11-21,30.07594871520996,30.103735648186003,29.83511685130086,29.918481183664007,1962500,CPFE3.SA
2024-11-22,30.5483455657959,30.659496835948207,30.085211151153565,30.085211151153565,2671300,CPFE3.SA
2024-11-25,30.705812454223633,30.789176788432123,30.52055798560087,30.65949618699162,3042700,CPFE3.SA
2024-11-26,31.215259552001953,31.215259552001953,30.61318341312481,30.705812414032497,1108400,CPFE3.SA
2024-11-27,30.474245071411133,31.381988075510666,30.159313536647208,31.381988075510666,2850500,CPFE3.SA
2024-11-28,30.81696319580078,30.983691861370744,30.187100133299822,30.474244731433654,3413700,CPFE3.SA
2024-11-29,30.214887619018555,30.79843795918601,30.09447521768749,30.659496224191585,2678400,CPFE3.SA
2024-12-02,29.844383239746094,30.427930066520016,29.6591287645361,30.187101722151684,1804500,CPFE3.SA
2024-12-03,29.983320236206055,30.22415210429169,29.73322723477947,29.84438203548134,2465200,CPFE3.SA
2024-12-04,29.723966598510742,30.011111204973187,29.66838919723039,30.011111204973187,900400,CPFE3.SA
2024-12-05,29.89995574951172,30.159313416388176,29.761017549497428,29.85364301617362,1139800,CPFE3.SA
2024-12-06,29.66838836669922,29.983319898268135,29.566500000639287,29.918481365307038,1392200,CPFE3.SA
2024-12-09,29.585025787353516,29.89995555206447,29.325669888907274,29.89995555206447,1525300,CPFE3.SA
2024-12-10,29.872169494628906,29.899956428575827,29.62207648880119,29.696179690573167,1029300,CPFE3.SA
2024-12-11,30.242677688598633,30.492767154805517,29.594288822871587,29.918481489017584,1269100,CPFE3.SA
2024-12-12,29.761018753051758,30.233414305700425,29.427561406036133,30.233414305700425,1608500,CPFE3.SA
2024-12-13,29.640602111816406,29.825856581702283,29.566500677205568,29.649863245264896,1244400,CPFE3.SA
2024-12-16,29.27935791015625,29.807330853882572,29.223780509024746,29.807330853882572,2358300,CPFE3.SA
2024-12-17,29.798065185546875,30.159312980608423,29.223779526895335,29.44608559051513,1884800,CPFE3.SA
2024-12-18,29.353458404541016,29.85364263167702,29.26083117234027,29.640601234317565,1625700,CPFE3.SA
2024-12-19,29.640602111816406,29.844382382034382,29.307144772708853,29.38124620731969,1933400,CPFE3.SA
2024-12-20,30.11299705505371,30.187100254910014,29.38124562364795,29.38124562364795,3151700,CPFE3.SA
2024-12-23,28.992212295532227,30.112996678584032,28.908847963453624,30.112996678584032,2153400,CPFE3.SA
2024-12-26,29.16820526123047,29.25156959731514,28.890325318759963,28.99221368874977,1003100,CPFE3.SA
2024-12-27,29.223779678344727,29.52018717580139,29.047789879916802,29.52018717580139,1266100,CPFE3.SA
2024-12-30,29.260831832885742,29.3719831006618,28.92737449612247,29.223780232482024,2384400,CPFE3.SA
2025-01-02,29.10336685180664,29.31640825973782,28.76064660567238,29.260832624346556,1490000,CPFE3.SA
2025-01-03,28.714332580566406,29.186729876962474,28.649494047736706,29.09410264432682,1094000,CPFE3.SA
2025-01-06,29.251569747924805,29.36272278551586,28.723596794481878,29.16820541141091,1461300,CPFE3.SA
2025-01-07,29.473873138427734,29.50166183863942,28.97368890164017,29.325670270733823,2890600,CPFE3.SA
2025-01-08,29.353458404541016,29.473872569699726,29.223779572772973,29.464609669807903,1530500,CPFE3.SA
2025-01-09,29.594289779663086,29.69617991615598,29.233043735150822,29.47387384258647,1105200,CPFE3.SA
2025-01-10,29.307144165039062,29.723965830280903,29.186729998812265,29.723965830280903,1235800,CPFE3.SA
2025-01-13,29.659128189086914,29.853643794237545,29.233043611057912,29.42756098292612,1977000,CPFE3.SA
2025-01-14,29.983320236206055,30.02963296978096,29.39977166626156,29.603550167395703,1379000,CPFE3.SA
2025-01-15,30.29825210571289,30.418668041084686,29.927746699589463,30.159313903454773,880400,CPFE3.SA
2025-01-16,30.233413696289062,30.390881232954698,30.075949693058558,30.288991097483134,975900,CPFE3.SA
2025-01-17,30.78917694091797,31.04853107821325,30.17783966483972,30.233413532297217,1771600,CPFE3.SA
2025-01-20,30.854015350341797,30.974427751635673,30.566870747045044,30.752125215835367,884000,CPFE3.SA
2025-01-21,30.622447967529297,31.085582370062458,30.1871004984489,30.844750502021572,4637900,CPFE3.SA
2025-01-22,30.631710052490234,31.002218999401233,30.40014284402966,31.002218999401233,1504900,CPFE3.SA
2025-01-23,30.705812454223633,31.2337853930657,30.566870719397787,30.65949618699162,2525000,CPFE3.SA
2025-01-24,30.52981948852539,30.705812825893066,30.390881285452902,30.705812825893066,1055100,CPFE3.SA
2025-01-27,31.3264102935791,31.3264102935791,30.42792843375611,30.47424470014969,1717800,CPFE3.SA
2025-01-28,31.45608901977539,31.641343494824035,31.039267334274747,31.30788614642352,1817600,CPFE3.SA
2025-01-29,31.215259552001953,31.65060348924526,31.039266216994893,31.49313948785483,933500,CPFE3.SA
2025-01-30,31.882171630859375,31.937749033041733,31.104109200917566,31.37272447787763,1675500,CPFE3.SA
2025-01-31,31.845123291015625,32.11373856568284,31.669129952324674,31.947013427429297,1360600,CPFE3.SA
2025-02-03,32.076690673828125,32.14152920945861,31.641343191650403,31.937748935514115,1219500,CPFE3.SA
2025-02-04,32.15079116821289,32.32678451238545,31.82659848174018,32.08595263091835,1051100,CPFE3.SA
2025-02-05,31.771018981933594,32.20636644655851,31.706180448917333,32.048898913922564,1474200,CPFE3.SA
2025-02-06,31.57650375366211,31.826596755419335,31.428300885965427,31.74323242150026,1029100,CPFE3.SA
2025-02-07,31.53019142150879,31.909961495656948,31.40977548577348,31.576504155734636,1453000,CPFE3.SA
2025-02-10,31.381988525390625,32.26194460867822,31.280098390118834,31.956274202862847,2275800,CPFE3.SA
2025-02-11,31.604291915893555,31.604291915893555,30.937380752047325,31.40051517328495,1649300,CPFE3.SA
2025-02-12,30.82622528076172,31.280098558478468,30.78917721327404,31.23378582404251,2281100,CPFE3.SA
2025-02-13,31.307886123657227,31.307886123657227,30.622449159941457,30.82622590225509,1291400,CPFE3.SA
2025-02-14,31.863649368286133,32.224893648936956,31.26157321157796,31.354198681793743,1937000,CPFE3.SA
2025-02-17,31.798810958862305,32.15079057382971,31.57650488265139,31.752494690135087,779000,CPFE3.SA
2025-02-18,31.771018981933594,31.771018981933594,31.317149250819778,31.641341915901076,3833800,CPFE3.SA
2025-02-19,32.31752014160156,32.539826223961946,31.49314141692007,31.641344294015223,5940500,CPFE3.SA
2025-02-20,32.60466384887695,32.64171545047208,32.11373896132963,32.23415489979617,2061300,CPFE3.SA
2025-02-21,32.44719696044922,32.69728997608606,32.2341555471516,32.604664503673284,1742800,CPFE3.SA
2025-02-24,32.521297454833984,32.69728725112556,32.400881523984495,32.48424585558261,3261800,CPFE3.SA
2025-02-25,32.808441162109375,33.10485044659683,32.382358336651265,32.465722674974394,4215900,CPFE3.SA
2025-02-26,33.03074645996094,33.39199073966196,32.799179251595135,32.882543587944234,2115200,CPFE3.SA
2025-02-27,32.44719696044922,33.25305341086859,32.44719696044922,33.25305341086859,5251400,CPFE3.SA
2025-02-28,32.49351119995117,32.86401659988903,32.252679333228265,32.32678253327687,4804300,CPFE3.SA
2025-03-05,32.7899169921875,33.04927112595347,32.36383065801261,32.66023639186945,3221000,CPFE3.SA
2025-03-06,34.43867492675781,34.43867492675781,32.70655322692021,32.74360129421966,3741300,CPFE3.SA
2025-03-07,34.92033386230469,34.92033386230469,33.88291381362161,34.308996606222784,2816700,CPFE3.SA
2025-03-10,35.19821548461914,35.615037164150344,34.67950366859862,34.92033554274339,2968400,CPFE3.SA
2025-03-11,36.263423919677734,36.33752358422014,34.9110688240704,35.188952283050575,2569000,CPFE3.SA
2025-03-12,35.448307037353516,36.11522169722977,35.40199430451433,36.07817009758442,3325400,CPFE3.SA
2025-03-13,34.96664810180664,35.57798538423592,34.753606696324404,35.55945958374593,2703300,CPFE3.SA
2025-03-14,34.67950439453125,35.151903485700224,34.614665857850845,35.10559074999068,2901800,CPFE3.SA
2025-03-17,34.73508071899414,34.81844505405713,34.1515303735532,34.59613898274411,3683500,CPFE3.SA
2025-03-18,35.1889533996582,35.1889533996582,34.3553100631346,34.994434265512645,4039400,CPFE3.SA
2025-03-19,35.24452590942383,35.540931632456136,34.78139152550647,35.2815775081616,2194700,CPFE3.SA
2025-03-20,34.96664810180664,35.27231850973885,34.81844523132182,35.00369970278663,3543800,CPFE3.SA
2025-03-21,35.31863021850586,35.31863021850586,34.6609766872339,34.975908219547144,2980600,CPFE3.SA
2025-03-24,35.5687255859375,35.5687255859375,34.92959781206317,35.040752619175834,1509500,CPFE3.SA
2025-03-25,35.698402404785156,36.16153683079399,35.48536099283333,35.624299200574825,1282800,CPFE3.SA
2025-03-26,35.58724594116211,35.92070327770891,35.476094673458206,35.75397460943551,1046700,CPFE3.SA
2025-03-27,35.012962341308594,35.7539767255844,34.901811067026046,35.7539767255844,1222500,CPFE3.SA
2025-03-28,35.03148651123047,35.03148651123047,34.67950337005256,35.01296071080688,743700,CPFE3.SA
2025-03-31,34.92033386230469,35.374203587725724,34.8462306635384,35.040749793582414,2534600,CPFE3.SA
2025-04-01,35.66135025024414,35.89291745966131,34.89254541893024,34.901810086030636,1428300,CPFE3.SA
2025-04-02,35.4205207824707,35.763239252164084,35.401994982293346,35.577984783825606,1002300,CPFE3.SA
2025-04-03,35.300106048583984,36.30047455813793,35.300106048583984,35.34641878388492,1511500,CPFE3.SA
2025-04-04,35.1055908203125,35.568725245206146,34.88328474165204,35.12411308788523,1216100,CPFE3.SA
2025-04-07,34.67024230957031,35.337156992483415,34.4572009044031,34.86475791427492,1248700,CPFE3.SA
2025-04-08,35.84660339355469,37.1063295313627,34.36457118824847,34.642454655979996,4293600,CPFE3.SA
2025-04-09,35.84660339355469,36.43015372898179,35.364943191837796,35.84660339355469,2171100,CPFE3.SA
2025-04-10,35.337158203125,35.97628244052286,35.11485212339277,35.615038152713836,890700,CPFE3.SA
2025-04-11,34.929595947265625,35.71692655515475,34.64245487780914,35.39273035187037,1929900,CPFE3.SA
2025-04-14,35.42978286743164,35.42978286743164,34.88328411454431,35.15190292417804,1262400,CPFE3.SA
2025-04-15,35.513145446777344,35.62429671189266,35.10558845239784,35.26305245019162,1347300,CPFE3.SA
2025-04-16,35.42978286743164,35.596511540070836,35.19821565914777,35.485360269456436,999200,CPFE3.SA
2025-04-17,35.42978286743164,35.70766281068524,35.2723188618475,35.42978286743164,1800700,CPFE3.SA
2025-04-22,35.19821548461914,35.448308492337866,35.17042855046211,35.40199575759777,1938300,CPFE3.SA
2025-04-23,35.337158203125,35.40199674024789,34.59614029297441,35.3834709391506,2555000,CPFE3.SA
2025-04-24,36.07817077636719,36.11522237670964,35.383469170404155,35.50388510479957,1607600,CPFE3.SA
2025-04-25,36.161537170410156,36.18006297163673,35.80029288008023,36.12448556795701,992100,CPFE3.SA
2025-04-28,36.58761978149414,36.96738987080008,36.00406941333881,36.23563662714574,2033300,CPFE3.SA
2025-04-29,36.207847595214844,37.22674186358206,35.96701926151471,36.79139792957392,2029400,CPFE3.SA
2025-04-30,35.37420654296875,35.37420654296875,33.40125641236393,33.41978221360319,2944700,CPFE3.SA
2025-05-02,35.24452590942383,35.4760931013825,34.744339926768696,35.33715490626826,1627300,CPFE3.SA
2025-05-05,35.19821548461914,35.30010562110845,34.8462323404111,35.19821548461914,1207000,CPFE3.SA
2025-05-06,35.1796875,35.37420309389353,34.94812030724057,35.18895216643394,1384500,CPFE3.SA
2025-05-07,35.25379180908203,35.45756854239848,34.86475707559598,35.188953275740204,1362400,CPFE3.SA
2025-05-08,35.75397491455078,35.883655516986266,35.151902303701206,35.67061057970267,1637900,CPFE3.SA
2025-05-09,35.29084014892578,35.92996788743675,35.29084014892578,35.68913601878665,1633500,CPFE3.SA
2025-05-12,34.818443298339844,35.2630518851114,34.086690120067196,35.2630518851114,1686200,CPFE3.SA
2025-05-13,35.540931701660156,35.540931701660156,34.67024033023672,34.82770432502647,2551200,CPFE3.SA
2025-05-14,35.24452590942383,35.55019629885805,34.90180745468677,35.55019629885805,1038900,CPFE3.SA
2025-05-15,36.86549758911133,36.86549758911133,35.30010458677862,35.30010458677862,1694000,CPFE3.SA
2025-05-16,36.82844543457031,36.95812603289967,36.52277857209578,36.70803303627414,1384600,CPFE3.SA
2025-05-19,37.050750732421875,37.31936952325632,36.65245487937354,36.698767611102085,824100,CPFE3.SA
2025-05-20,37.86587142944336,37.977022701647286,37.01370225338592,37.05075385526565,1074000,CPFE3.SA
2025-05-21,37.11559295654297,37.90292007457227,36.95812894631122,37.67135285945362,1279100,CPFE3.SA
2025-05-22,37.134117126464844,37.52314833472512,36.88402412111104,37.12485599297847,1013300,CPFE3.SA
2025-05-23,37.597251892089844,37.69914202857972,36.615405661792586,37.04149200833527,833900,CPFE3.SA
2025-05-26,37.7269287109375,37.80103191277561,37.49536150534611,37.634303242075,488400,CPFE3.SA
2025-05-27,38.1900634765625,38.42163068430307,37.689877459818426,37.95849626882193,869000,CPFE3.SA
2025-05-28,37.93070983886719,38.22711558604091,37.791768099001594,38.19006398428539,655300,CPFE3.SA
2025-05-29,38.17153549194336,38.17153549194336,37.65282723768093,37.79176543431481,851300,CPFE3.SA
2025-05-30,37.5046272277832,38.10669985920382,37.402737089105884,38.10669985920382,4340900,CPFE3.SA
2025-06-02,37.819557189941406,38.19932726051916,37.550938387147724,37.57872532073497,1880700,CPFE3.SA
2025-06-03,38.09743881225586,38.30121555663967,37.708404057640855,37.708404057640855,1164500,CPFE3.SA
2025-06-04,37.84734344482422,38.42162910708439,37.61577624658955,38.16227497576077,688300,CPFE3.SA
2025-06-05,37.52314758300781,38.05112405046765,37.11559058250441,38.05112405046765,938100,CPFE3.SA
2025-06-06,37.532413482666016,37.81955809251568,37.384210610938645,37.52314881562577,670000,CPFE3.SA
2025-06-09,37.3471565246582,37.671349180792326,36.81918360841981,37.523146318926024,851100,CPFE3.SA
2025-06-10,37.31937026977539,37.819556262692956,37.16190273862652,37.49536006723823,1134800,CPFE3.SA
2025-06-11,37.29158020019531,37.39347033318128,36.921074801578676,37.29158020019531,706800,CPFE3.SA
2025-06-12,37.40273666381836,37.43978473192366,36.995176113743234,37.29158185919685,863600,CPFE3.SA
2025-06-13,37.513885498046875,37.71766575984657,37.208215105347335,37.236005571415006,868500,CPFE3.SA
2025-06-16,37.745452880859375,37.7547140139715,37.43978248663429,37.643562749451014,1108700,CPFE3.SA
2025-06-17,37.977020263671875,38.30121292571946,37.569463269464194,37.81955626594448,1512500,CPFE3.SA
2025-06-18,37.46757507324219,37.97702222568013,37.402736537482916,37.76398081769464,856400,CPFE3.SA
2025-06-20,37.31010818481445,37.495362661687764,37.060015171050765,37.236008514126276,1879900,CPFE3.SA
2025-06-23,37.32863235473633,37.32863235473633,37.09706515212204,37.115590952343396,1291500,CPFE3.SA
2025-06-24,37.476837158203125,37.63430470149799,37.069280132594244,37.2174830085825,1334600,CPFE3.SA
2025-06-25,36.97665023803711,37.35642385290482,36.85623783342731,37.27305951632523,669500,CPFE3.SA
2025-06-26,37.421260833740234,37.421260833740234,37.04149076808877,37.09706463454237,1566500,CPFE3.SA
2025-06-27,37.356422424316406,37.48609949105104,37.01370042402053,37.12485522416598,563500,CPFE3.SA
2025-06-30,37.84734344482422,38.04185904331694,37.10632911716028,37.29158004899999,1633400,CPFE3.SA
2025-07-01,37.68061447143555,37.97702020007843,37.634301738854155,37.93996860063932,968300,CPFE3.SA
2025-07-02,37.31010818481445,37.90291968406086,37.050754037252965,37.90291968406086,902100,CPFE3.SA
2025-07-03,38.10669708251953,38.24563881303452,37.22674103393959,37.22674103393959,2089400,CPFE3.SA
2025-07-04,37.95849609375,38.10669896468302,37.88439642500107,37.97702189429602,456000,CPFE3.SA
2025-07-07,37.532413482666016,38.041860633389135,37.319372075397624,38.041860633389135,942600,CPFE3.SA
2025-07-08,36.930335998535156,37.73619239712232,36.60614333250702,37.73619239712232,1531700,CPFE3.SA
2025-07-09,35.7910270690918,36.948863107990654,35.73545320062317,36.809924903383894,1678400,CPFE3.SA
2025-07-10,35.38346862792969,35.818812558256276,35.226001095606,35.226001095606,840600,CPFE3.SA
2025-07-11,35.25379180908203,35.624297209116065,35.07779847563844,35.26305294237299,617900,CPFE3.SA
2025-07-14,34.85549545288086,35.58724510938309,34.72581838801806,35.16116231528103,781700,CPFE3.SA
2025-07-15,34.99443435668945,35.14263722429811,34.64245475451582,35.13337609095042,934200,CPFE3.SA
2025-07-16,35.52240753173828,35.53167219858322,34.92033492391609,35.003699258345016,1309400,CPFE3.SA
2025-07-17,35.235267639160156,35.59651192261554,35.12411283391602,35.53167338627407,1190500,CPFE3.SA
2025-07-18,35.36494445800781,35.44830879462495,34.985174376404245,35.040751778627396,1193300,CPFE3.SA
2025-07-21,35.48535919189453,36.05038019486397,35.31863052431827,35.37420439122031,1511000,CPFE3.SA
2025-07-22,34.47572708129883,35.63356312209005,34.466462414248795,35.56872458648056,1447500,CPFE3.SA
2025-07-23,35.66135025024414,35.75397572063693,34.281208127406316,34.41088873276551,1260200,CPFE3.SA
2025-07-24,35.337158203125,35.49462221229908,35.17042952668464,35.49462221229908,700800,CPFE3.SA
2025-07-25,35.38346862792969,35.642822759480424,35.2815784952676,35.439042494156254,626800,CPFE3.SA
2025-07-28,34.67024230957031,35.51314679672542,34.67024230957031,35.46683406228649,868500,CPFE3.SA
2025-07-29,34.82770538330078,35.14263691588471,34.48498691748255,34.744341050162824,623800,CPFE3.SA
2025-07-30,35.38346862792969,35.60577115970602,34.73507976561782,34.8184440983927,1858500,CPFE3.SA
2025-07-31,35.11484909057617,35.23526502059079,34.75360483396728,34.8369691649874,1341700,CPFE3.SA
2025-08-01,35.13337707519531,35.6706111602889,35.13337707519531,35.485360220664674,1136800,CPFE3.SA
2025-08-04,35.4112548828125,35.568722412120216,34.92959469527562,35.309364752101914,1581500,CPFE3.SA
2025-08-05,34.67024230957031,35.791026736794166,34.67024230957031,35.59651113208956,2651800,CPFE3.SA
2025-08-06,35.17042922973633,35.45757031073181,34.642456269944695,34.73508174121384,1378000,CPFE3.SA
2025-08-07,36.41162872314453,36.57835739404624,35.17042835834021,35.25379269379106,2299800,CPFE3.SA
2025-08-08,36.995174407958984,37.62503747136481,36.38383714446922,36.38383714446922,4059400,CPFE3.SA
2025-08-11,36.457942962646484,37.31010861937989,36.43015602749418,36.995177065057696,880900,CPFE3.SA
2025-08-12,36.63393020629883,37.106329271384595,36.58761747314641,36.77287193919112,740500,CPFE3.SA
2025-08-13,36.28194808959961,36.643195898543006,36.050380883921484,36.52277996222854,858200,CPFE3.SA
2025-08-14,36.87476348876953,37.76398071982229,35.72618858191666,36.34679053699225,3267400,CPFE3.SA
2025-08-15,36.569091796875,37.476834796785525,36.15227013022347,36.58761759688563,1668300,CPFE3.SA
2025-08-18,36.42089080810547,36.84697363001384,36.05964652285988,36.763609292385226,1195700,CPFE3.SA
2025-08-19,36.004066467285156,36.41162699163504,35.67987380785682,36.41162699163504,1156500,CPFE3.SA
2025-08-20,36.10595703125,36.18006023054204,35.64282263597983,36.00406689894096,877600,CPFE3.SA
2025-08-21,35.994808197021484,36.22637541029781,35.75397631649036,35.81881485353291,1146200,CPFE3.SA
2025-08-22,36.75434875488281,36.99517710447507,35.791028289643215,36.12448564556733,1369300,CPFE3.SA
2025-08-25,36.38383865356445,37.11559188014206,36.300474317202,37.013701743095154,1177200,CPFE3.SA
2025-08-26,36.61540603637695,36.61540603637695,35.976281810177284,36.45794202996183,1456900,CPFE3.SA
2025-08-27,36.41162872314453,36.800659932958425,36.12448411582822,36.67098286302046,1041300,CPFE3.SA
2025-08-28,36.4857292175293,36.902550904218764,36.263426673585066,36.51351615216352,692200,CPFE3.SA
2025-08-29,36.467201232910156,36.726558896561286,36.170795503110305,36.420888500147996,1483100,CPFE3.SA
2025-09-01,35.92070388793945,36.661721774381,35.79102681784273,36.58761857236278,895500,CPFE3.SA
2025-09-02,35.58724594116211,35.92070327770891,35.3927303393215,35.76323927624797,1647800,CPFE3.SA
2025-09-03,35.1055908203125,35.55946057798453,35.06853921829655,35.52240897596858,972900,CPFE3.SA
2025-09-04,35.068538665771484,35.207476870989375,34.67950391760396,35.14263833520066,1151300,CPFE3.SA
2025-09-05,35.66135025024414,35.828078923699316,35.142638429113006,35.383470305630574,1594400,CPFE3.SA
2025-09-08,35.1055908203125,35.67061185059714,34.8925458754384,35.59651218000048,982500,CPFE3.SA
2025-09-09,35.03148651123047,35.18895404811341,34.790658172594085,35.03148651123047,1004300,CPFE3.SA
2025-09-10,35.03148651123047,35.67987539231553,34.938861042547664,35.01296071080688,816200,CPFE3.SA
2025-09-11,35.531673431396484,35.6613505042441,34.9759100047757,35.290841553163574,1277200,CPFE3.SA
2025-09-12,35.40199661254883,35.83734056974141,35.068539260870935,35.068539260870935,1389500,CPFE3.SA
2025-09-15,35.47609329223633,35.689134685972235,35.01295890582741,35.01295890582741,1477600,CPFE3.SA
2025-09-16,35.66135025024414,35.80955312293372,35.13337729544781,35.80955312293372,1302200,CPFE3.SA
2025-09-17,36.0225944519043,36.05038138627363,35.3742055602834,35.624298569912966,1222500,CPFE3.SA
2025-09-18,35.89291763305664,36.07817210817237,35.69840202423098,36.022594705607084,857000,CPFE3.SA
2025-09-19,35.837337493896484,36.21710754883804,35.837337493896484,35.94849229053909,1473300,CPFE3.SA
2025-09-22,36.004066467285156,36.05037919956992,35.411255013796215,35.744712339742485,1242800,CPFE3.SA
2025-09-23,36.68950653076172,36.87476099137657,36.013330752937236,36.04111768532723,954200,CPFE3.SA
2025-09-24,36.86549758911133,37.26379345638898,36.578356522075154,36.64319505549849,1620100,CPFE3.SA
2025-09-25,36.36531066894531,36.86549665708113,36.21710780580525,36.86549665708113,1375800,CPFE3.SA
2025-09-26,36.031856536865234,36.633929116811196,35.69839921458873,36.374574992122774,1974200,CPFE3.SA
2025-09-29,36.2541618347168,36.48572904473255,35.883656418752715,36.050381559203664,1882100,CPFE3.SA
2025-09-30,36.494991302490234,36.670981098446845,36.10595657796118,36.27268524084006,2480200,CPFE3.SA
2025-10-01,35.95775604248047,36.58761913559077,35.90217864011125,36.532041733221554,1128000,CPFE3.SA
2025-10-02,35.45756912231445,36.004067864730175,35.3649436541498,36.004067864730175,647600,CPFE3.SA
2025-10-03,35.642822265625,35.72618659724481,35.2723168733197,35.45756780275486,706800,CPFE3.SA
2025-10-06,35.698402404785156,35.83734061252665,35.20747751047982,35.7261893396464,2198500,CPFE3.SA
2025-10-07,35.1055908203125,35.60577331378685,35.096326153090885,35.60577331378685,940900,CPFE3.SA
2025-10-08,35.08706283569336,35.50388449884418,34.92959530364304,35.14263670182345,1985900,CPFE3.SA
2025-10-09,35.08706283569336,35.44830709927906,35.08706283569336,35.17968830153353,739300,CPFE3.SA
2025-10-10,35.0963249206543,35.52240772856974,34.98517365194486,35.244527790078585,947000,CPFE3.SA
2025-10-13,35.531673431396484,35.716927906936746,35.1519033465848,35.1519033465848,810800,CPFE3.SA
2025-10-14,35.94849395751953,36.79139843725374,35.49462068376952,35.53167228436852,1843200,CPFE3.SA
2025-10-15,36.087432861328125,36.319000069422025,35.51314717461712,35.633563112187794,1024600,CPFE3.SA
2025-10-16,36.235633850097656,36.596878110601565,35.92996698868473,36.08743098595669,1167600,CPFE3.SA
2025-10-17,36.569091796875,36.88402333018559,36.124483196925055,36.18932173024473,2246600,CPFE3.SA
2025-10-20,37.134117126464844,37.37494546489714,36.5783572479687,36.5783572479687,1054900,CPFE3.SA
2025-10-21,37.17116928100586,37.337897953725424,36.856237736250584,37.217482015997916,1155400,CPFE3.SA
2025-10-22,37.652828216552734,37.81029221685176,37.34715781582865,37.38420941593491,1811400,CPFE3.SA
2025-10-23,37.69914245605469,37.97702240108289,37.55093958314397,37.77324212579244,1029400,CPFE3.SA
2025-10-24,37.79176712036133,38.11596332717405,37.5694645824553,37.79176712036133,837000,CPFE3.SA
2025-10-27,38.33826446533203,38.63467019400824,37.875130072596086,38.16227466812897,1399600,CPFE3.SA
2025-10-28,38.440155029296875,38.69950916144593,38.19006203039527,38.403103429436996,1518600,CPFE3.SA
2025-10-29,38.514259338378906,38.8199262124397,38.23637586486073,38.57909787328377,958300,CPFE3.SA
2025-10-30,38.60688400268555,38.69950946963784,38.18080120120889,38.52351966905446,1432700,CPFE3.SA
2025-10-31,38.532779693603516,38.76434688775603,37.81955584503656,38.662460290414295,1882400,CPFE3.SA
2025-11-03,39.55167770385742,39.55167770385742,38.72729905310675,38.94034044898563,2964300,CPFE3.SA
2025-11-04,39.903663635253906,40.13523084706452,39.32937440589021,39.551680483939904,1675700,CPFE3.SA
2025-11-05,39.68135452270508,40.02407298061467,39.52388699332934,39.90366058375466,1674600,CPFE3.SA
2025-11-06,39.4312629699707,39.875871574881906,39.32011170210168,39.746194506795526,1113100,CPFE3.SA
2025-11-07,39.68135452270508,40.05186344664272,39.11633000374591,39.496100060736254,2279300,CPFE3.SA
2025-11-10,40.385318756103516,40.47794775728723,39.57946587969825,39.940710150726986,1485300,CPFE3.SA
2025-11-11,41.35790252685547,41.51536652373594,40.47794647732844,40.72803947246359,2531100,CPFE3.SA
2025-11-12,42.15449142456055,42.33048475750505,41.30232582680734,41.45978982635237,3510600,CPFE3.SA
2025-11-13,41.682098388671875,42.60836724175347,41.59873405055712,41.950717204090004,8206300,CPFE3.SA
2025-11-14,42.700992584228516,42.830673191352396,41.589472790648664,41.74693679914622,7289500,CPFE3.SA
2025-11-17,43.15486526489258,43.15486526489258,42.552789107360724,42.70099197996984,1739100,CPFE3.SA
2025-11-18,43.84956741333008,44.071873491600485,42.72878295507842,42.876985829446944,2106700,CPFE3.SA
2025-11-19,44.247859954833984,44.497952948938746,43.24748797841493,43.682835434830814,2884100,CPFE3.SA
2025-11-21,44.17375946044922,44.627632744221685,43.90514418376265,44.451642937642866,1150600,CPFE3.SA
2025-11-24,44.56279373168945,44.720257735874995,43.98850804960813,44.210810588862444,2708100,CPFE3.SA
2025-11-25,44.646156311035156,44.73878177650835,43.94219005307286,44.42385024709048,2185100,CPFE3.SA
2025-11-26,45.424224853515625,45.52611499147138,44.470165543649664,44.646158885004226,1800900,CPFE3.SA
2025-11-27,45.62800216674805,45.655792635087835,45.28528368032957,45.42422542172274,610000,CPFE3.SA
2025-11-28,45.174129486083984,45.5075868171163,44.74804668906937,45.43348361758244,1845100,CPFE3.SA
2025-12-01,45.01666259765625,45.26675559950752,44.646157194992774,45.26675559950752,1262400,CPFE3.SA
2025-12-02,46.06334686279297,46.1744981291001,45.12781693229077,45.1463427322478,3210300,CPFE3.SA
2025-12-03,45.93367004394531,46.19302417787061,45.72062864344451,46.091134044275655,2415000,CPFE3.SA
2025-12-04,46.54500961303711,46.813628426987556,45.905885379939555,45.989249717598824,2190300,CPFE3.SA
2025-12-05,44.97035217285156,47.14708610067618,44.81288816365802,46.45238445990061,3506400,CPFE3.SA
2025-12-08,45.109291076660156,45.70210254081328,45.05371367685766,45.51684807490667,2035900,CPFE3.SA
2025-12-09,45.37791061401367,45.63726475044252,44.41459020237066,44.97035007569965,1508700,CPFE3.SA
2025-12-10,45.2019157409668,45.637263198108556,44.59984315424551,45.49832146778481,2887100,CPFE3.SA
2025-12-11,45.24822998046875,45.57242618421139,44.78509557520936,45.20191724662983,2216700,CPFE3.SA
2025-12-12,46.43385696411133,46.52648243279343,45.01666326591629,45.01666326591629,2194200,CPFE3.SA
2025-12-15,47.79547119140625,47.9992514688701,46.36901984946507,46.53574852494726,2664800,CPFE3.SA
2025-12-16,47.21192169189453,48.13819048846497,47.21192169189453,47.600952890405296,3748400,CPFE3.SA
2025-12-17,46.74878692626953,49.01814263328707,46.609845194501716,47.128556988541874,3923700,CPFE3.SA
2025-12-18,46.87846374511719,47.35085927046272,46.461642085438775,46.748786680647235,2443300,CPFE3.SA
2025-12-19,47.34159851074219,47.554639908828214,46.76731284923052,46.87846411487648,3053600,CPFE3.SA
2025-12-22,46.48942947387695,47.508327266791234,46.05408554366639,47.36012440116816,2692400,CPFE3.SA
2025-12-23,47.69358444213867,47.82326151524776,46.535748384471475,46.94330540473364,976300,CPFE3.SA
2025-12-26,49.30529022216797,49.90736638511969,47.40643979557173,47.69358440971467,1316000,CPFE3.SA
2025-12-29,49.19413757324219,49.49980444631731,48.83289329895562,49.06446050385061,1203500,CPFE3.SA
2025-12-30,49.36086654663086,49.93515222893605,49.212663675925164,49.82400095926556,767800,CPFE3.SA
2026-01-02,49.79621124267578,50.18524599254168,49.27750295410153,49.82400171058884,985000,CPFE3.SA
2026-01-05,49.6943244934082,49.94441396984933,49.323815545420636,49.6572728919224,1366400,CPFE3.SA
2026-01-06,49.3701286315918,50.713219160802375,49.138561420811875,49.93515319124443,1542200,CPFE3.SA
2026-01-07,48.51796340942383,49.61096093638412,48.48091180735579,49.360867922577754,1195200,CPFE3.SA
2026-01-08,50.046302795410156,50.44459866735439,48.91625724719557,48.91625724719557,1862300,CPFE3.SA
2026-01-09,49.59243392944336,50.889208169374534,49.04593517925207,50.04630367671697,1669000,CPFE3.SA
2026-01-12,50.018516540527344,50.78732136118062,49.50906939356085,49.57390792862376,1762700,CPFE3.SA
2026-01-13,48.388282775878906,49.97220154669441,48.119663980799785,49.85178561554946,1813600,CPFE3.SA
2026-01-14,48.12892532348633,48.675424049142265,47.49906226566473,47.61021706417561,2335800,CPFE3.SA
2026-01-15,48.03630065917969,48.57353472720073,47.721369125017326,48.277128993099105,1524000,CPFE3.SA
2026-01-16,47.44348907470703,48.379019008153506,47.045193207965,48.32344160810751,2783300,CPFE3.SA
2026-01-19,47.2860221862793,47.600953723965546,46.850678247003536,47.51758938947698,499000,CPFE3.SA
2026-01-20,48.008514404296875,48.008514404296875,46.73952358296525,47.17487105695749,1314500,CPFE3.SA
2026-01-21,49.120033264160156,49.3516004638342,48.165977532202284,48.41607053186247,1793200,CPFE3.SA
2026-01-22,50.935523986816406,51.00036252156744,49.07372167915054,49.24971148298405,2028800,CPFE3.SA
2026-01-23,51.092987060546875,51.73211126293556,50.602065725383184,51.1207739939531,3488500,CPFE3.SA
2026-01-26,50.81510925292969,51.39865961292909,50.05556908493342,51.39865961292909,1887300,CPFE3.SA
2026-01-27,50.574275970458984,52.185985265973905,50.50017630252095,51.176352114592945,1897700,CPFE3.SA
2026-01-28,49.1385612487793,51.0281505301525,48.52722395579799,49.981465751729814,3792600,CPFE3.SA
2026-01-29,47.888099670410156,49.39791886694549,47.341600914206275,49.39791886694549,3823800,CPFE3.SA
2026-01-30,47.66579055786133,48.064086415828214,47.14708230260025,47.702842157075686,2785200,CPFE3.SA
2026-02-02,47.34159851074219,47.89735837240703,47.10076664616841,47.65653004126827,2256800,CPFE3.SA
2026-02-03,47.3786506652832,47.962197466834645,47.09150606444713,47.684317532748,1927700,CPFE3.SA
2026-02-04,46.6005859375,47.34160029208052,46.22081585993779,47.31381335798224,1297700,CPFE3.SA
2026-02-05,46.51721954345703,47.61021699313809,46.304178146781574,46.77657367272542,1325600,CPFE3.SA
2026-02-06,45.67431640625,46.711736486657365,45.57242627154805,46.53574668435816,1258600,CPFE3.SA
2026-02-09,46.498695373535156,46.563533908124874,45.581687688939645,45.683577824276384,2919500,CPFE3.SA
2026-02-10,46.331966400146484,46.785836139301786,45.80399345998249,46.507956202389444,3682400,CPFE3.SA
2026-02-11,46.40606689453125,47.23971025355631,46.34122835921099,46.49869589744246,2603000,CPFE3.SA
2026-02-12,46.78583526611328,47.508327328723254,45.88735693797997,46.23933653589672,2176300,CPFE3.SA
2026-02-13,46.99888229370117,46.99888229370117,46.0633487906105,46.341228734725526,1243700,CPFE3.SA
2026-02-18,45.91514587402344,47.35086186176614,45.68357866524445,47.18413318877045,1286500,CPFE3.SA
2026-02-19,46.331966400146484,46.331966400146484,45.60021319064373,46.02629599613833,1479600,CPFE3.SA
2026-02-20,46.09113311767578,46.30417804732866,45.60947645962186,45.933669120511034,1355100,CPFE3.SA
2026-02-23,46.39680480957031,46.40606594295395,45.72989013602565,46.202289207598156,1183300,CPFE3.SA
2026-02-24,47.38791275024414,47.38791275024414,46.43385699512773,46.48943086300005,2079100,CPFE3.SA
2026-02-25,47.119293212890625,47.41569894839394,46.165237472579044,47.40643781503731,1755600,CPFE3.SA
2026-02-26,47.8417854309082,47.8417854309082,46.96182935507002,47.21192235768309,1714100,CPFE3.SA
2026-02-27,46.63763427734375,47.36012636903221,46.35975433443366,47.36012636903221,3340000,CPFE3.SA
2026-03-02,45.8225212097168,46.14671389433453,45.16486763980828,46.14671389433453,2026700,CPFE3.SA
2026-03-03,44.08113479614258,44.831413838097156,43.02518887049668,44.831413838097156,2878000,CPFE3.SA
2026-03-04,44.729522705078125,45.47053706332468,44.266388289494635,44.47016502961545,1556400,CPFE3.SA
2026-03-05,43.48832321166992,44.73878474572344,43.21970439716101,44.72952361193549,1213700,CPFE3.SA
2026-03-06,43.90514373779297,44.3497523499774,43.37717078998426,44.13671094414539,1928400,CPFE3.SA
2026-03-09,45.54463577270508,45.711364441476604,43.4883214135814,43.99776855330103,2695000,CPFE3.SA
2026-03-10,45.572425842285156,46.30417904512914,45.10929144050062,45.720628709518806,1602400,CPFE3.SA
2026-03-11,45.15560531616211,45.73915566653282,45.01666357873832,45.38717252291166,1848200,CPFE3.SA
2026-03-12,44.68320846557617,45.1463428655644,44.21080939886454,44.8221466655116,2101600,CPFE3.SA
2026-03-13,44.59984588623047,45.35012138231925,44.312701274908534,44.75730989237027,1356500,CPFE3.SA
2026-03-16,45.174129486083984,45.43348361758244,44.86845908815935,44.98887502068436,1064000,CPFE3.SA
2026-03-17,45.118553161621094,45.50758790157461,44.738783088547606,45.18339169604083,868400,CPFE3.SA
2026-03-18,44.442378997802734,45.20191917210766,44.442378997802734,44.64615927549658,1583900,CPFE3.SA
2026-03-19,44.10892105102539,44.22933698925853,43.58094809634152,43.877353841657545,1822100,CPFE3.SA
2026-03-20,42.293434143066406,44.08113324678588,42.16375707372885,43.997768911721,3825600,CPFE3.SA
2026-03-23,43.67357635498047,43.70136328893124,42.3860597247776,42.6454173975803,1442800,CPFE3.SA
2026-03-24,43.423484802246094,43.61800041328105,42.784357032509426,43.61800041328105,1909300,CPFE3.SA
2026-03-25,43.64578628540039,44.04408216502232,43.423483744897794,43.62726048478598,1656100,CPFE3.SA
2026-03-26,43.219703674316406,43.72915082657943,42.67320492065076,43.70136389224505,1329300,CPFE3.SA
2026-03-27,43.39569091796875,43.914402706666,42.43237407243811,43.006659726522045,1967700,CPFE3.SA
2026-03-30,44.145973205566406,44.4886916903622,43.238230157485354,43.59021330949564,1672000,CPFE3.SA
2026-03-31,45.16486740112305,45.28528334053123,44.0162960101742,44.423853030601975,2052400,CPFE3.SA
2026-04-01,44.93330001831055,45.68357905316206,44.562794601179164,45.322334769749,1789000,CPFE3.SA
2026-04-02,45.61874008178711,45.61874008178711,43.645786475690095,44.02555655635335,1757700,CPFE3.SA
2026-04-06,44.78509521484375,45.68357708451652,44.738782481377484,45.627999684295965,747000,CPFE3.SA
2026-04-07,45.24822998046875,45.52611345037247,44.497954505346996,44.812886042260786,777700,CPFE3.SA
2026-04-08,47.3786506652832,47.54537933242221,46.406065595827336,46.48016879608248,1519200,CPFE3.SA
2026-04-09,48.96257019042969,49.120034193137236,47.43422523030229,47.62874083368283,1764900,CPFE3.SA
2026-04-10,49.842525482177734,50.00925414912731,49.0737206808619,49.138559214293956,4527600,CPFE3.SA
2026-04-13,50.59280014038086,50.8984705360418,49.194135827170044,49.84252468454947,1832200,CPFE3.SA
2026-04-14,51.898841857910156,51.96368039388968,50.36123572830179,50.36123572830179,3890100,CPFE3.SA
2026-04-15,52.3156623840332,52.3156623840332,51.43570630079442,52.019256645132685,1648700,CPFE3.SA
2026-04-16,52.111881256103516,52.66764465747435,51.68579845512375,52.463864390294866,2018600,CPFE3.SA
2026-04-17,50.954044342041016,52.99183637708387,50.954044342041016,52.72321758123074,5490800,CPFE3.SA
2026-04-20,51.33381652832031,52.32492742072762,50.342709169348154,50.70395697878164,2027000,CPFE3.SA
2026-04-22,49.65727233886719,51.35234245345884,49.499804801023934,51.19487844905075,2390700,CPFE3.SA
2026-04-23,50.148193359375,50.62985356988254,49.32381467476147,49.65727201537709,1745300,CPFE3.SA
2026-04-24,49.38865280151367,50.57427575085497,49.28676266678557,50.57427575085497,2226700,CPFE3.SA
2026-04-27,48.9069938659668,49.555382758276146,48.36049511103345,49.20339961100504,6117000,CPFE3.SA
2026-04-28,47.7491569519043,48.89773184311728,47.647266816381155,48.73100317288579,1914600,CPFE3.SA
2026-04-29,46.87846374511719,47.554639533735504,46.66542234871155,47.52685260090194,1607900,CPFE3.SA
2026-04-30,48.93000030517578,49.189998626708984,47.0099983215332,47.290000915527344,1596000,CPFE3.SA
2026-05-04,48.099998474121094,49.84000015258789,47.75,48.900001525878906,2755800,CPFE3.SA
2026-05-05,49.40999984741211,49.84000015258789,48.099998474121094,48.099998474121094,2386700,CPFE3.SA
2026-05-06,49.7400016784668,49.95000076293945,48.83000183105469,49.72999954223633,895400,CPFE3.SA
2026-05-07,48.22999954223633,49.619998931884766,48.11000061035156,49.599998474121094,1852500,CPFE3.SA
2026-05-08,48.939998626708984,49.5099983215332,48.349998474121094,48.61000061035156,1450800,CPFE3.SA
2026-05-11,47.45000076293945,48.88999938964844,47.380001068115234,48.84000015258789,1580600,CPFE3.SA
2026-05-12,46.59000015258789,47.689998626708984,46.459999084472656,47.310001373291016,1838200,CPFE3.SA
2026-05-13,45.470001220703125,47.029998779296875,45.22999954223633,46.630001068115234,2556000,CPFE3.SA
2026-05-14,45.209999084472656,46.220001220703125,45.209999084472656,45.970001220703125,933400,CPFE3.SA
2026-05-15,44.52000045776367,45.130001068115234,43.650001525878906,43.650001525878906,2414900,CPFE3.SA
2026-05-18,44.720001220703125,45.29999923706055,44.5099983215332,44.709999084472656,2540600,CPFE3.SA
2026-05-19,43.720001220703125,44.5099983215332,43.5,44.5,1639600,CPFE3.SA
2026-05-20,44.369998931884766,44.75,43.7599983215332,44.0099983215332,3077400,CPFE3.SA
2026-05-21,43.70000076293945,44.209999084472656,43.29999923706055,44.209999084472656,1992600,CPFE3.SA
2026-05-22,43.310001373291016,43.68000030517578,43.040000915527344,43.29999923706055,1963300,CPFE3.SA
2026-05-25,43.29999923706055,43.72999954223633,42.9900016784668,43.59000015258789,836700,CPFE3.SA
2026-05-26,43.59000015258789,43.59000015258789,42.56999969482422,43.380001068115234,3389800,CPFE3.SA
2026-05-27,44.18000030517578,44.29999923706055,43.52000045776367,44.13999938964844,2321600,CPFE3.SA
2026-05-28,43.029998779296875,44.349998474121094,42.939998626708984,44.18000030517578,2620500,CPFE3.SA
2026-05-29,43.38999938964844,43.38999938964844,42.38999938964844,42.91999816894531,6242800,CPFE3.SA
2026-06-01,42.849998474121094,43.790000915527344,42.650001525878906,43.34000015258789,1369600,CPFE3.SA
2026-06-02,43.5,43.709999084472656,42.939998626708984,42.95000076293945,1647200,CPFE3.SA
2026-06-03,43.29999923706055,43.34000015258789,42.529998779296875,43.2599983215332,2133000,CPFE3.SA
2026-06-05,42.689998626708984,43.08000183105469,42.209999084472656,42.86000061035156,2580900,CPFE3.SA
2026-06-08,42.689998626708984,43.22999954223633,42.5099983215332,42.689998626708984,1647300,CPFE3.SA
2026-06-09,43.599998474121094,43.599998474121094,42.720001220703125,43.189998626708984,1668300,CPFE3.SA
2026-06-10,43.279998779296875,43.65999984741211,43.119998931884766,43.560001373291016,2130100,CPFE3.SA
2026-06-11,44.369998931884766,44.369998931884766,43.13999938964844,43.380001068115234,1199400,CPFE3.SA
2026-06-12,44.41999816894531,44.88999938964844,43.93000030517578,44.040000915527344,1021700,CPFE3.SA
2026-06-15,44.06999969482422,45.150001525878906,44.0099983215332,45.02000045776367,1496500,CPFE3.SA
2026-06-16,43.77000045776367,44.119998931884766,43.45000076293945,44.06999969482422,810800,CPFE3.SA
2026-06-17,43.43000030517578,44.27000045776367,43.20000076293945,44.06999969482422,852000,CPFE3.SA
2026-06-18,44.0099983215332,44.29999923706055,43.27000045776367,43.47999954223633,1852800,CPFE3.SA
2026-06-19,43.880001068115234,44.380001068115234,43.70000076293945,44.20000076293945,857100,CPFE3.SA
2026-06-22,44.369998931884766,44.709999084472656,43.88999938964844,43.88999938964844,1136500,CPFE3.SA
2026-06-23,44.119998931884766,44.709999084472656,43.79999923706055,44.02000045776367,1130800,CPFE3.SA
2026-06-24,44.369998931884766,44.54999923706055,43.93000030517578,43.93000030517578,1158500,CPFE3.SA
2026-06-25,45.119998931884766,45.38999938964844,44.380001068115234,44.619998931884766,1709400,CPFE3.SA
2026-06-26,45.5,45.65999984741211,44.79999923706055,45.0,2666300,CPFE3.SA
2026-06-29,45.150001525878906,45.66999816894531,44.93000030517578,45.66999816894531,682100,CPFE3.SA
2026-06-30,44.779998779296875,45.0099983215332,44.18000030517578,45.0099983215332,1533900,CPFE3.SA
2026-07-01,44.2599983215332,44.54999923706055,43.900001525878906,44.54999923706055,917000,CPFE3.SA
2026-07-02,45.099998474121094,45.13999938964844,44.279998779296875,44.5,2099100,CPFE3.SA
2026-07-03,45.689998626708984,45.84000015258789,45.02000045776367,45.220001220703125,641400,CPFE3.SA
2026-07-06,44.880001068115234,45.66999816894531,44.880001068115234,45.47999954223633,1014200,CPFE3.SA
2026-07-07,45.439998626708984,46.16999816894531,45.02000045776367,45.130001068115234,1152500,CPFE3.SA
2026-07-08,45.459999084472656,45.52000045776367,44.83000183105469,45.29999923706055,758800,CPFE3.SA
2026-07-09,46.290000915527344,46.41999816894531,45.15999984741211,45.650001525878906,954000,CPFE3.SA
2026-07-10,47.869998931884766,47.869998931884766,46.959999084472656,47.18000030517578,928200,CPFE3.SA
2026-07-13,46.84000015258789,47.880001068115234,46.84000015258789,47.880001068115234,735100,CPFE3.SA
2026-07-14,47.20000076293945,47.31999969482422,46.88999938964844,47.15999984741211,984200,CPFE3.SA
2026-07-15,46.83000183105469,47.38999938964844,46.709999084472656,47.38999938964844,1504000,CPFE3.SA
2026-07-16,47.189998626708984,47.189998626708984,46.220001220703125,46.86000061035156,1169100,CPFE3.SA
2026-07-17,46.869998931884766,47.560001373291016,46.83000183105469,47.18000030517578,1306600,CPFE3.SA
2026-07-20,46.31999969482422,46.869998931884766,45.939998626708984,46.75,1041600,CPFE3.SA
2026-07-21,46.400001525878906,46.75,46.0099983215332,46.27000045776367,950300,CPFE3.SA
2026-07-22,46.709999084472656,46.88999938964844,45.84000015258789,46.720001220703125,1257400,CPFE3.SA
2026-07-23,46.220001220703125,46.63999938964844,46.02000045776367,46.43000030517578,920400,CPFE3.SA
2026-07-24,45.09000015258789,46.36000061035156,44.9900016784668,45.970001220703125,1052300,CPFE3.SA
2026-07-27,44.75,45.439998626708984,44.43000030517578,45.15999984741211,1592000,CPFE3.SA
2026-07-28,45.959999084472656,46.220001220703125,45.529998779296875,45.720001220703125,1414500,CPFE3.SA
2026-07-29,44.790000915527344,45.970001220703125,44.650001525878906,45.970001220703125,1687000,CPFE3.SA
2026-07-30,46.09000015258789,46.09000015258789,45.04999923706055,45.04999923706055,751000,CPFE3.SA
2026-07-31,46.13999938964844,46.63999938964844,45.900001525878906,46.560001373291016,799700,CPFE3.SA
2026-08-03,46.11000061035156,46.75,45.099998474121094,46.31999969482422,2413200,CPFE3.SA
2026-08-04,46.349998474121094,47.06999969482422,46.18000030517578,46.59000015258789,782900,CPFE3.SA
2026-08-05,46.09000015258789,47.04999923706055,46.060001373291016,46.63999938964844,1081500,CPFE3.SA
2026-08-06,45.849998474121094,46.29999923706055,45.52000045776367,45.79999923706055,936800,CPFE3.SA
2026-08-07,44.79999923706055,45.630001068115234,44.5099983215332,45.5099983215332,885300,CPFE3.SA
2026-08-10,44.400001525878906,44.900001525878906,43.959999084472656,44.689998626708984,1283000,CPFE3.SA
2026-08-11,43.650001525878906,44.58000183105469,43.2400016784668,44.380001068115234,1221200,CPFE3.SA
2026-08-12,43.11000061035156,43.869998931884766,43.029998779296875,43.849998474121094,1200700,CPFE3.SA
2026-08-13,43.22999954223633,43.650001525878906,42.83000183105469,43.38999938964844,2255600,CPFE3.SA
2026-08-14,41.290000915527344,43.310001373291016,40.2400016784668,43.27000045776367,5172500,CPFE3.SA
2026-08-17,40.9900016784668,41.529998779296875,40.7599983215332,41.20000076293945,2479700,CPFE3.SA
2026-08-18,41.18000030517578,41.630001068115234,40.93000030517578,40.9900016784668,1468000,CPFE3.SA
2026-08-19,42.290000915527344,42.560001373291016,41.709999084472656,41.75,1375800,CPFE3.SA
2026-08-20,42.25,42.95000076293945,41.97999954223633,42.11000061035156,1254200,CPFE3.SA
2026-08-21,42.31999969482422,43.15999984741211,42.31999969482422,42.540000915527344,1010800,CPFE3.SA
2026-08-24,42.849998474121094,43.209999084472656,41.7599983215332,42.04999923706055,1090700,CPFE3.SA
2026-08-25,44.2400016784668,44.9900016784668,42.86000061035156,42.86000061035156,1916300,CPFE3.SA
2026-08-26,44.54999923706055,45.08000183105469,44.2400016784668,44.29999923706055,1034900,CPFE3.SA
2021-08-30,119740.0,120684.0,119354.0,120677.0,6391900,^BVSP
2021-08-31,118781.0,120157.0,117911.0,119738.0,11535600,^BVSP
2021-09-01,119396.0,119942.0,118067.0,118793.0,9523000,^BVSP
2021-09-02,116677.0,119397.0,116534.0,119394.0,9862800,^BVSP
2021-09-03,116933.0,117396.0,115583.0,116679.0,12517500,^BVSP
2021-09-06,117869.0,117981.0,116156.0,116926.0,5111300,^BVSP
2021-09-08,113413.0,117866.0,113172.0,117866.0,12254400,^BVSP
2021-09-09,115361.0,116354.0,112435.0,113413.0,13890600,^BVSP
2021-09-10,114286.0,116896.0,114286.0,115370.0,11155700,^BVSP
2021-09-13,116404.0,117046.0,114300.0,114300.0,9253400,^BVSP
2021-09-14,116181.0,117270.0,115809.0,116405.0,9034100,^BVSP
2021-09-15,115063.0,116312.0,114741.0,116191.0,9456800,^BVSP
2021-09-16,113794.0,115062.0,113395.0,115062.0,10685500,^BVSP
2021-09-17,111439.0,113794.0,111157.0,113794.0,14827600,^BVSP
2021-09-20,108844.0,111435.0,107520.0,111435.0,11500200,^BVSP
2021-09-21,110250.0,110923.0,108859.0,108859.0,11247700,^BVSP
2021-09-22,112282.0,113321.0,110251.0,110252.0,12158600,^BVSP
2021-09-23,114064.0,114330.0,112281.0,112282.0,11476300,^BVSP
2021-09-24,113283.0,114062.0,112505.0,114062.0,9121200,^BVSP
2021-09-27,113583.0,114432.0,112360.0,113283.0,10739700,^BVSP
2021-09-28,110124.0,113584.0,109981.0,113584.0,13190800,^BVSP
2021-09-29,111107.0,112028.0,110125.0,110125.0,11372600,^BVSP
2021-09-30,110979.0,112371.0,110743.0,111117.0,13160600,^BVSP
2021-10-01,112900.0,113020.0,110980.0,110980.0,10779100,^BVSP
2021-10-04,110393.0,112900.0,109979.0,112900.0,11814200,^BVSP
2021-10-05,110458.0,111691.0,110087.0,110397.0,10379000,^BVSP
2021-10-06,110560.0,110614.0,108180.0,110454.0,13279200,^BVSP
2021-10-07,110585.0,111522.0,110563.0,110563.0,10646000,^BVSP
2021-10-08,112833.0,114172.0,110586.0,110586.0,12871400,^BVSP
2021-10-11,112180.0,113982.0,112052.0,112834.0,10283700,^BVSP
2021-10-13,113456.0,114159.0,111807.0,112180.0,11732700,^BVSP
2021-10-14,113185.0,113881.0,112708.0,113457.0,8956200,^BVSP
2021-10-15,114648.0,114776.0,113049.0,113189.0,11174900,^BVSP
2021-10-18,114428.0,114927.0,112841.0,114647.0,11201300,^BVSP
2021-10-19,110673.0,114422.0,109947.0,114422.0,14129200,^BVSP
2021-10-20,110786.0,112023.0,110176.0,110677.0,11735800,^BVSP
2021-10-21,107735.0,110767.0,105714.0,110767.0,16507700,^BVSP
2021-10-22,106296.0,107749.0,102854.0,107714.0,21165700,^BVSP
2021-10-25,108715.0,109372.0,106296.0,106298.0,11512100,^BVSP
2021-10-26,106420.0,108713.0,106321.0,108713.0,10762200,^BVSP
2021-10-27,106363.0,108224.0,106045.0,106433.0,10831300,^BVSP
2021-10-28,105705.0,107210.0,105282.0,106369.0,11502900,^BVSP
2021-10-29,103501.0,105954.0,103430.0,105707.0,12595800,^BVSP
2021-11-01,105551.0,106136.0,103514.0,103514.0,10734800,^BVSP
2021-11-03,105617.0,106754.0,104205.0,105547.0,14696900,^BVSP
2021-11-04,103412.0,105627.0,102835.0,105617.0,12084000,^BVSP
2021-11-05,104824.0,105555.0,103412.0,103412.0,12595000,^BVSP
2021-11-08,104781.0,105679.0,104182.0,104824.0,9358000,^BVSP
2021-11-09,105535.0,106674.0,104783.0,104783.0,11021200,^BVSP
2021-11-10,105968.0,107407.0,105140.0,105535.0,12277400,^BVSP
2021-11-11,107725.0,108669.0,105988.0,105988.0,12661400,^BVSP
2021-11-12,106312.0,107915.0,105842.0,107576.0,13248100,^BVSP
2021-11-16,104508.0,106971.0,104113.0,106336.0,11579400,^BVSP
2021-11-17,102945.0,105535.0,102551.0,104405.0,12832200,^BVSP
2021-11-18,102524.0,103757.0,102014.0,102948.0,10905700,^BVSP
2021-11-19,103035.0,103975.0,102143.0,102426.0,11101500,^BVSP
2021-11-22,102122.0,104613.0,102122.0,103036.0,10410000,^BVSP
2021-11-23,103663.0,103692.0,101736.0,102124.0,13032400,^BVSP
2021-11-24,104514.0,105041.0,102464.0,103652.0,10466600,^BVSP
2021-11-25,105811.0,106400.0,104514.0,104514.0,7890400,^BVSP
2021-11-26,102224.0,105810.0,101495.0,105810.0,10969100,^BVSP
2021-11-29,102814.0,104149.0,102226.0,102227.0,10283300,^BVSP
2021-11-30,101915.0,103066.0,100075.0,102814.0,18195100,^BVSP
2021-12-01,100775.0,104087.0,100727.0,101916.0,13762900,^BVSP
2021-12-02,104466.0,104466.0,100785.0,100785.0,14846500,^BVSP
2021-12-03,105070.0,106814.0,104090.0,104467.0,14581500,^BVSP
2021-12-06,106859.0,107498.0,105070.0,105070.0,11127500,^BVSP
2021-12-07,107558.0,108655.0,106868.0,106868.0,11773100,^BVSP
2021-12-08,108096.0,108521.0,107309.0,107558.0,13166800,^BVSP
2021-12-09,106291.0,106754.0,105890.0,106573.0,11082900,^BVSP
2021-12-10,107758.0,108275.0,106296.0,106296.0,10466000,^BVSP
2021-12-13,107383.0,109493.0,107383.0,107758.0,12512300,^BVSP
2021-12-14,106760.0,109148.0,106445.0,107387.0,11604300,^BVSP
2021-12-15,107370.0,107603.0,105697.0,106763.0,12663100,^BVSP
2021-12-16,108212.0,109034.0,107433.0,107433.0,13754600,^BVSP
2021-12-17,107201.0,108324.0,106518.0,108324.0,14934300,^BVSP
2021-12-20,105020.0,107171.0,104358.0,107171.0,10570000,^BVSP
2021-12-21,105500.0,105906.0,105020.0,105020.0,9041600,^BVSP
2021-12-22,105244.0,105711.0,104386.0,105499.0,8052900,^BVSP
2021-12-23,104891.0,105453.0,104637.0,105251.0,7283600,^BVSP
2021-12-27,105531.0,105694.0,104798.0,104892.0,7594900,^BVSP
2021-12-28,104864.0,105652.0,104503.0,105555.0,7509000,^BVSP
2021-12-29,104107.0,105190.0,103851.0,104863.0,6590000,^BVSP
2021-12-30,104822.0,105269.0,104106.0,104106.0,11138100,^BVSP
2022-01-03,103922.0,106125.0,103413.0,104823.0,11128500,^BVSP
2022-01-04,103514.0,104276.0,103096.0,103922.0,11491600,^BVSP
2022-01-05,101006.0,103514.0,100850.0,103514.0,0,^BVSP
2022-01-06,101561.0,102235.0,101000.0,101006.0,11749200,^BVSP
2022-01-07,102719.0,102719.0,101104.0,101561.0,11733200,^BVSP
2022-01-10,101945.0,102719.0,101038.0,102719.0,10264700,^BVSP
2022-01-11,103779.0,103780.0,101918.0,101946.0,12421500,^BVSP
2022-01-12,105686.0,105869.0,103771.0,103779.0,13026500,^BVSP
2022-01-13,105530.0,106251.0,104974.0,105686.0,11712300,^BVSP
2022-01-14,106928.0,107062.0,105028.0,105530.0,11457100,^BVSP
2022-01-17,106692.0,106928.0,106097.0,106927.0,6924200,^BVSP
2022-01-18,106522.0,107013.0,105786.0,106369.0,11221900,^BVSP
2022-01-19,108013.0,108602.0,106669.0,106670.0,12595600,^BVSP
2022-01-20,109102.0,109873.0,108015.0,108015.0,13630500,^BVSP
2022-01-21,108942.0,109786.0,108368.0,109097.0,13408400,^BVSP
2022-01-24,107752.0,108948.0,106624.0,108941.0,12700800,^BVSP
2022-01-25,109845.0,110115.0,107185.0,107935.0,13713900,^BVSP
2022-01-26,111573.0,112695.0,110204.0,110207.0,15513800,^BVSP
2022-01-27,112315.0,113057.0,111303.0,111303.0,14812000,^BVSP
2022-01-28,111478.0,112969.0,111407.0,112611.0,13520100,^BVSP
2022-01-31,112388.0,112495.0,111195.0,111910.0,12190800,^BVSP
2022-02-01,113147.0,113302.0,112135.0,112143.0,11133300,^BVSP
2022-02-02,112161.0,113666.0,111645.0,113228.0,11751200,^BVSP
2022-02-03,111696.0,112502.0,111225.0,111897.0,11039700,^BVSP
2022-02-04,112245.0,112415.0,110321.0,111696.0,0,^BVSP
2022-02-07,111996.0,112517.0,111490.0,112247.0,10672800,^BVSP
2022-02-08,112234.0,112251.0,110943.0,111995.0,10157500,^BVSP
2022-02-09,112461.0,113163.0,111710.0,112233.0,13794500,^BVSP
2022-02-10,113359.0,113812.0,112163.0,112462.0,13267900,^BVSP
2022-02-11,113572.0,114899.0,113128.0,113368.0,18602800,^BVSP
2022-02-14,113807.0,114167.0,113358.0,113643.0,10757600,^BVSP
2022-02-15,114660.0,114819.0,113882.0,113905.0,11649600,^BVSP
2022-02-16,115181.0,115734.0,114816.0,114830.0,12052100,^BVSP
2022-02-17,113528.0,115214.0,113389.0,115181.0,10807500,^BVSP
2022-02-18,112768.0,114213.0,112701.0,113534.0,11300700,^BVSP
2022-02-21,111725.0,113405.0,111608.0,112880.0,7864900,^BVSP
2022-02-22,112892.0,113315.0,111727.0,111727.0,12707000,^BVSP
2022-02-23,112008.0,113721.0,111748.0,112892.0,12120600,^BVSP
2022-02-24,111592.0,112001.0,109125.0,112001.0,16794700,^BVSP
2022-02-25,113142.0,113142.0,110673.0,111591.0,17555700,^BVSP
2022-03-02,115174.0,115429.0,113143.0,113143.0,0,^BVSP
2022-03-03,115166.0,115948.0,115010.0,115173.0,12123000,^BVSP
2022-03-04,114474.0,115166.0,113389.0,115166.0,10715700,^BVSP
2022-03-07,111593.0,114529.0,111140.0,114469.0,14057700,^BVSP
2022-03-08,111203.0,112390.0,110969.0,111594.0,15698500,^BVSP
2022-03-09,113900.0,114051.0,111207.0,111210.0,14705400,^BVSP
2022-03-10,113663.0,113939.0,111889.0,113900.0,12984000,^BVSP
2022-03-11,111713.0,114627.0,111332.0,113664.0,12475800,^BVSP
2022-03-14,109928.0,112299.0,109717.0,111716.0,10480900,^BVSP
2022-03-15,108959.0,109925.0,107781.0,109925.0,13653800,^BVSP
2022-03-16,111112.0,111183.0,108958.0,108958.0,13205200,^BVSP
2022-03-17,113076.0,113088.0,111070.0,111113.0,14407500,^BVSP
2022-03-18,115311.0,115311.0,112475.0,113076.0,19552500,^BVSP
2022-03-21,116155.0,116360.0,115208.0,115307.0,10378700,^BVSP
2022-03-22,117272.0,117541.0,116157.0,116157.0,11382700,^BVSP
2022-03-23,117457.0,118270.0,117036.0,117270.0,11083700,^BVSP
2022-03-24,119053.0,119256.0,117151.0,117460.0,13474400,^BVSP
2022-03-25,119081.0,119729.0,118548.0,119062.0,13814500,^BVSP
2022-03-28,118738.0,119444.0,118061.0,119082.0,9167700,^BVSP
2022-03-29,120014.0,120900.0,118740.0,118740.0,12931900,^BVSP
2022-03-30,120260.0,120531.0,119775.0,120013.0,10893300,^BVSP
2022-03-31,119999.0,120880.0,119999.0,120261.0,11202100,^BVSP
2022-04-01,121570.0,121579.0,120001.0,120001.0,13780900,^BVSP
2022-04-04,121280.0,121570.0,120754.0,121569.0,8812500,^BVSP
2022-04-05,118885.0,121628.0,118794.0,121279.0,11788300,^BVSP
2022-04-06,118228.0,118885.0,116791.0,118885.0,13410800,^BVSP
2022-04-07,118862.0,119247.0,117509.0,118226.0,11520100,^BVSP
2022-04-08,118322.0,118868.0,117487.0,118861.0,11225800,^BVSP
2022-04-11,116953.0,118320.0,116953.0,118320.0,9558400,^BVSP
2022-04-12,116147.0,118615.0,116054.0,116963.0,11406800,^BVSP
2022-04-13,116782.0,117329.0,116150.0,116150.0,12070500,^BVSP
2022-04-14,116182.0,116781.0,115624.0,116781.0,10365400,^BVSP
2022-04-18,115687.0,116191.0,115177.0,116182.0,8404900,^BVSP
2022-04-19,115057.0,115687.0,114277.0,115687.0,0,^BVSP
2022-04-20,114344.0,115057.0,113945.0,115057.0,10747700,^BVSP
2022-04-22,111078.0,114343.0,110591.0,114343.0,10877300,^BVSP
2022-04-25,110685.0,111155.0,109222.0,111077.0,11098300,^BVSP
2022-04-26,108213.0,110685.0,107978.0,110684.0,11747500,^BVSP
2022-04-27,109349.0,110107.0,108214.0,108214.0,11515700,^BVSP
2022-04-28,109919.0,110702.0,108905.0,109349.0,11129900,^BVSP
2022-04-29,107876.0,111819.0,107876.0,109922.0,13662200,^BVSP
2022-05-02,106639.0,107884.0,105218.0,107876.0,11935100,^BVSP
2022-05-03,106528.0,107127.0,106033.0,106640.0,9935500,^BVSP
2022-05-04,108344.0,108382.0,104933.0,106529.0,14558600,^BVSP
2022-05-05,105304.0,108337.0,103923.0,108337.0,13826200,^BVSP
2022-05-06,105135.0,106268.0,103984.0,105303.0,14137700,^BVSP
2022-05-09,103250.0,105109.0,102768.0,105109.0,13196700,^BVSP
2022-05-10,103110.0,104286.0,102386.0,103251.0,13507400,^BVSP
2022-05-11,104397.0,105374.0,103008.0,103110.0,13425100,^BVSP
2022-05-12,105688.0,105708.0,103579.0,104395.0,13995600,^BVSP
2022-05-13,106924.0,107773.0,105691.0,105691.0,12369300,^BVSP
2022-05-16,108233.0,108685.0,108199.0,108685.0,10596900,^BVSP
2022-05-17,108789.0,109774.0,108245.0,108246.0,16503400,^BVSP
2022-05-18,106247.0,108096.0,106038.0,107903.0,14752800,^BVSP
2022-05-19,107005.0,107420.0,105760.0,106249.0,11426400,^BVSP
2022-05-20,108488.0,108795.0,107351.0,108520.0,12866400,^BVSP
2022-05-23,110346.0,110680.0,108500.0,108500.0,10682700,^BVSP
2022-05-24,110581.0,110635.0,108399.0,110340.0,11724400,^BVSP
2022-05-25,110580.0,111006.0,109699.0,110085.0,10737700,^BVSP
2022-05-26,111890.0,112102.0,110388.0,110577.0,13077400,^BVSP
2022-05-27,111942.0,112441.0,111558.0,111890.0,9979300,^BVSP
2022-05-30,111032.0,112690.0,110655.0,111944.0,7284500,^BVSP
2022-05-31,111351.0,111903.0,110685.0,111036.0,15809400,^BVSP
2022-06-01,111360.0,111931.0,110822.0,111351.0,9790200,^BVSP
2022-06-02,112393.0,112709.0,111218.0,111363.0,10051100,^BVSP
2022-06-03,111102.0,112392.0,110935.0,112392.0,8757500,^BVSP
2022-06-06,110186.0,111935.0,110015.0,111102.0,8212400,^BVSP
2022-06-07,110070.0,110435.0,109394.0,110185.0,9466200,^BVSP
2022-06-08,108368.0,110142.0,108045.0,110067.0,10379900,^BVSP
2022-06-09,107094.0,108510.0,107068.0,108367.0,11955500,^BVSP
2022-06-10,105481.0,107092.0,104648.0,107091.0,12840500,^BVSP
2022-06-13,102598.0,105478.0,101700.0,105476.0,13837900,^BVSP
2022-06-14,102063.0,103328.0,101325.0,102598.0,11563200,^BVSP
2022-06-15,102807.0,103952.0,102046.0,102068.0,16023500,^BVSP
2022-06-17,99825.0,102801.0,98402.0,102800.0,18927300,^BVSP
2022-06-20,99853.0,100481.0,98409.0,99824.0,10900800,^BVSP
2022-06-21,99685.0,101069.0,99167.0,99854.0,11072300,^BVSP
2022-06-22,99522.0,100374.0,98050.0,99678.0,11675100,^BVSP
2022-06-23,98080.0,100232.0,97775.0,99523.0,12397700,^BVSP
2022-06-24,98672.0,99313.0,98031.0,98081.0,10345200,^BVSP
2022-06-27,100764.0,101106.0,98672.0,98673.0,9895900,^BVSP
2022-06-28,100591.0,102237.0,99956.0,100766.0,10493900,^BVSP
2022-06-29,99622.0,101313.0,99218.0,100592.0,10448100,^BVSP
2022-06-30,98542.0,99619.0,97758.0,99619.0,14588800,^BVSP
2022-07-01,98954.0,99340.0,97231.0,98542.0,11609800,^BVSP
2022-07-04,98609.0,99353.0,98264.0,98952.0,6279300,^BVSP
2022-07-05,98295.0,98608.0,96499.0,98608.0,13358800,^BVSP
2022-07-06,98719.0,99141.0,97423.0,98294.0,13348200,^BVSP
2022-07-07,100730.0,101420.0,98722.0,98722.0,12696300,^BVSP
2022-07-08,100289.0,101577.0,99958.0,100732.0,9730400,^BVSP
2022-07-11,98212.0,100282.0,97854.0,100282.0,8893400,^BVSP
2022-07-12,98271.0,98737.0,97253.0,98212.0,12566300,^BVSP
2022-07-13,97881.0,98928.0,97403.0,98258.0,12208100,^BVSP
2022-07-14,96121.0,97879.0,95431.0,97879.0,12579000,^BVSP
2022-07-15,96551.0,96971.0,95267.0,96119.0,11347600,^BVSP
2022-07-18,96916.0,98291.0,96553.0,96553.0,10738200,^BVSP
2022-07-19,98245.0,98346.0,96917.0,96920.0,10295900,^BVSP
2022-07-20,98287.0,98366.0,97277.0,98244.0,12941700,^BVSP
2022-07-21,99033.0,99057.0,97088.0,98286.0,10060000,^BVSP
2022-07-22,98925.0,99724.0,98321.0,99034.0,10033500,^BVSP
2022-07-25,100270.0,100508.0,98925.0,98926.0,8621800,^BVSP
2022-07-26,99772.0,100753.0,99365.0,100270.0,9136600,^BVSP
2022-07-27,101438.0,101471.0,99772.0,99773.0,10263100,^BVSP
2022-07-28,102597.0,102686.0,101045.0,101437.0,11130000,^BVSP
2022-07-29,103165.0,103989.0,102514.0,102597.0,12934200,^BVSP
2022-08-01,102225.0,103317.0,101764.0,103165.0,11626700,^BVSP
2022-08-02,103362.0,103660.0,101694.0,102225.0,10124500,^BVSP
2022-08-03,103775.0,103878.0,102822.0,103362.0,12379600,^BVSP
2022-08-04,105892.0,106162.0,103777.0,103777.0,15499000,^BVSP
2022-08-05,106472.0,107176.0,105518.0,105893.0,12947500,^BVSP
2022-08-08,108402.0,108489.0,106473.0,106473.0,12674600,^BVSP
2022-08-09,108651.0,109331.0,107842.0,108403.0,12147900,^BVSP
2022-08-10,110236.0,110362.0,108657.0,108658.0,13376200,^BVSP
2022-08-11,109718.0,111310.0,109604.0,110236.0,14944800,^BVSP
2022-08-12,112764.0,112764.0,109718.0,109718.0,18704900,^BVSP
2022-08-15,113032.0,113214.0,111067.0,112767.0,15552900,^BVSP
2022-08-16,113512.0,113626.0,112690.0,113034.0,12986400,^BVSP
2022-08-17,113708.0,114146.0,112483.0,113508.0,14652800,^BVSP
2022-08-18,113813.0,114375.0,113304.0,113708.0,10644200,^BVSP
2022-08-19,111496.0,113807.0,111146.0,113807.0,12678600,^BVSP
2022-08-22,110501.0,111487.0,109858.0,111487.0,11010900,^BVSP
2022-08-23,112857.0,112965.0,110503.0,110504.0,11892000,^BVSP
2022-08-24,112898.0,113888.0,112632.0,112856.0,13758600,^BVSP
2022-08-25,113532.0,114156.0,112768.0,112898.0,11838500,^BVSP
2022-08-26,112299.0,114091.0,111978.0,113533.0,11159700,^BVSP
2022-08-29,112323.0,113222.0,111689.0,112296.0,9795800,^BVSP
2022-08-30,110431.0,112869.0,110103.0,112323.0,11937900,^BVSP
2022-08-31,109523.0,111364.0,109523.0,110431.0,14791100,^BVSP
2022-09-01,110405.0,110405.0,108217.0,109524.0,14478000,^BVSP
2022-09-02,110864.0,112264.0,110409.0,110409.0,16691800,^BVSP
2022-09-05,112203.0,112671.0,110865.0,110868.0,9515500,^BVSP
2022-09-06,109764.0,112203.0,109348.0,112203.0,14296100,^BVSP
2022-09-08,109916.0,110768.0,108619.0,109771.0,13759500,^BVSP
2022-09-09,112300.0,112540.0,109922.0,109922.0,12155200,^BVSP
2022-09-12,113407.0,114160.0,112305.0,112307.0,11707100,^BVSP
2022-09-13,110794.0,113400.0,110522.0,113398.0,12612500,^BVSP
2022-09-14,110547.0,111504.0,110118.0,110794.0,11630900,^BVSP
2022-09-15,109954.0,111100.0,109524.0,110547.0,11622500,^BVSP
2022-09-16,109280.0,109952.0,108489.0,109951.0,18843300,^BVSP
2022-09-19,111824.0,111976.0,108508.0,109283.0,12594800,^BVSP
2022-09-20,112517.0,112544.0,111393.0,111824.0,12570300,^BVSP
2022-09-21,111936.0,113294.0,111380.0,112517.0,14726800,^BVSP
2022-09-22,114070.0,114392.0,111819.0,111942.0,15684400,^BVSP
2022-09-23,111716.0,112457.0,110732.0,112258.0,13542300,^BVSP
2022-09-26,109114.0,111713.0,109022.0,111713.0,13127000,^BVSP
2022-09-27,108376.0,110161.0,108120.0,109122.0,14517500,^BVSP
2022-09-28,108451.0,108970.0,107914.0,108377.0,13540500,^BVSP
2022-09-29,107664.0,108449.0,106244.0,108449.0,14588500,^BVSP
2022-09-30,110037.0,110502.0,107315.0,107664.0,16536300,^BVSP
2022-10-03,116134.0,116134.0,110048.0,110048.0,20982900,^BVSP
2022-10-04,116230.0,118280.0,115837.0,116704.0,16078700,^BVSP
2022-10-05,117198.0,117514.0,115906.0,116231.0,13555200,^BVSP
2022-10-06,117561.0,118382.0,117144.0,117200.0,14520500,^BVSP
2022-10-07,116375.0,117960.0,115924.0,117560.0,13616500,^BVSP
2022-10-10,115941.0,116841.0,115261.0,116377.0,11429900,^BVSP
2022-10-11,114827.0,115928.0,114297.0,115928.0,13137900,^BVSP
2022-10-13,114300.0,115367.0,112690.0,114819.0,14583700,^BVSP
2022-10-14,112072.0,114712.0,111631.0,114301.0,13096100,^BVSP
2022-10-17,113624.0,114406.0,112090.0,112107.0,11633000,^BVSP
2022-10-18,115743.0,115795.0,113627.0,113627.0,14744200,^BVSP
2022-10-19,116274.0,116459.0,115264.0,115744.0,12729900,^BVSP
2022-10-20,117171.0,117367.0,116276.0,116276.0,16915800,^BVSP
2022-10-21,119929.0,120752.0,116736.0,117170.0,18579800,^BVSP
2022-10-24,116013.0,119924.0,115793.0,119922.0,13278800,^BVSP
2022-10-25,114626.0,116203.0,114626.0,116016.0,14727200,^BVSP
2022-10-26,112764.0,114626.0,112577.0,114626.0,16088200,^BVSP
2022-10-27,114641.0,116236.0,112765.0,112766.0,15530800,^BVSP
2022-10-28,114539.0,114712.0,113336.0,114636.0,14392400,^BVSP
2022-10-31,116037.0,116763.0,112113.0,114533.0,21637900,^BVSP
2022-11-01,116929.0,118261.0,115547.0,116037.0,17969700,^BVSP
2022-11-03,116896.0,117373.0,114485.0,116927.0,15634600,^BVSP
2022-11-04,118155.0,120039.0,116904.0,116907.0,16209500,^BVSP
2022-11-07,115342.0,118240.0,115266.0,118148.0,15221900,^BVSP
2022-11-08,116160.0,117072.0,114688.0,115340.0,14239800,^BVSP
2022-11-09,113580.0,116183.0,113110.0,116153.0,20531600,^BVSP
2022-11-10,109775.0,113579.0,108516.0,113579.0,26029300,^BVSP
2022-11-11,112253.0,113010.0,109408.0,109775.0,25038700,^BVSP
2022-11-14,113161.0,114322.0,111930.0,112256.0,15080400,^BVSP
2022-11-16,110243.0,113473.0,109512.0,113166.0,18351000,^BVSP
2022-11-17,109703.0,110242.0,107245.0,110241.0,23119600,^BVSP
2022-11-18,108880.0,111585.0,108512.0,109706.0,18769100,^BVSP
2022-11-21,109748.0,110235.0,107957.0,108868.0,16651600,^BVSP
2022-11-22,109037.0,110224.0,107867.0,109750.0,15056500,^BVSP
2022-11-23,108683.0,109285.0,107902.0,109036.0,13198400,^BVSP
2022-11-24,111831.0,112612.0,108846.0,108846.0,10296900,^BVSP
2022-11-25,108977.0,112025.0,108552.0,111831.0,12309100,^BVSP
2022-11-28,108782.0,109476.0,108378.0,108977.0,11492600,^BVSP
2022-11-29,110910.0,112187.0,108784.0,108784.0,14721700,^BVSP
2022-11-30,112486.0,112486.0,110202.0,110910.0,19703200,^BVSP
2022-12-01,110926.0,112479.0,110548.0,112479.0,15193700,^BVSP
2022-12-02,111924.0,113761.0,109963.0,110926.0,15982000,^BVSP
2022-12-05,109401.0,112150.0,109270.0,111922.0,12308400,^BVSP
2022-12-06,109533.0,110663.0,109217.0,109403.0,13437500,^BVSP
2022-12-07,109361.0,110247.0,108612.0,110188.0,13825300,^BVSP
2022-12-08,107245.0,109286.0,106906.0,109068.0,14921000,^BVSP
2022-12-09,107689.0,108566.0,107089.0,107250.0,10676300,^BVSP
2022-12-12,105264.0,107561.0,103877.0,107518.0,15481900,^BVSP
2022-12-13,103892.0,106689.0,103409.0,105345.0,17702200,^BVSP
2022-12-14,103803.0,104516.0,101632.0,103536.0,24923500,^BVSP
2022-12-15,103738.0,105483.0,103014.0,103739.0,15568200,^BVSP
2022-12-16,102825.0,104018.0,102248.0,103737.0,18255000,^BVSP
2022-12-19,104530.0,105107.0,102770.0,102859.0,16773400,^BVSP
2022-12-20,106979.0,107792.0,104607.0,104740.0,19125600,^BVSP
2022-12-21,107313.0,107991.0,106066.0,106866.0,17634900,^BVSP
2022-12-22,107317.0,108383.0,106510.0,107436.0,11494600,^BVSP
2022-12-23,109698.0,109994.0,107552.0,107552.0,12847100,^BVSP
2022-12-26,108738.0,109755.0,108309.0,109699.0,5219500,^BVSP
2022-12-27,108347.0,109353.0,107418.0,108739.0,11158100,^BVSP
2022-12-28,110237.0,110536.0,108578.0,108578.0,11193900,^BVSP
2022-12-29,110031.0,111178.0,109560.0,110237.0,13389100,^BVSP
2023-01-02,106376.0,109734.0,105981.0,109734.0,8130500,^BVSP
2023-01-03,104166.0,106684.0,103852.0,106377.0,14466700,^BVSP
2023-01-04,105334.0,105627.0,103915.0,104167.0,14451200,^BVSP
2023-01-05,107518.0,107743.0,105333.0,105336.0,15512000,^BVSP
2023-01-06,108836.0,109433.0,107642.0,107642.0,12626600,^BVSP
2023-01-09,109227.0,109938.0,108134.0,108964.0,12047300,^BVSP
2023-01-10,110912.0,111193.0,108478.0,109129.0,13697900,^BVSP
2023-01-11,111763.0,111841.0,110752.0,110816.0,14461400,^BVSP
2023-01-12,111877.0,113129.0,110982.0,112516.0,19839100,^BVSP
2023-01-13,110916.0,111847.0,110428.0,111843.0,15939000,^BVSP
2023-01-16,109213.0,110908.0,108753.0,110908.0,12512400,^BVSP
2023-01-17,111439.0,111577.0,109214.0,109214.0,14363200,^BVSP
2023-01-18,112452.0,113306.0,111441.0,111442.0,14128600,^BVSP
2023-01-19,113006.0,113172.0,111307.0,112219.0,15594300,^BVSP
2023-01-20,112301.0,113025.0,111735.0,112922.0,15436600,^BVSP
2023-01-23,111709.0,113061.0,111542.0,112041.0,13701000,^BVSP
2023-01-24,113028.0,113040.0,111669.0,111746.0,11551500,^BVSP
2023-01-25,114195.0,114386.0,111927.0,113028.0,11413000,^BVSP
2023-01-26,114109.0,114835.0,113591.0,114271.0,10920800,^BVSP
2023-01-27,112502.0,114191.0,112044.0,114178.0,10614500,^BVSP
2023-01-30,111888.0,112920.0,111824.0,112319.0,11272700,^BVSP
2023-01-31,113532.0,113581.0,112145.0,112273.0,12900200,^BVSP
2023-02-01,112303.0,113598.0,110729.0,113430.0,17821500,^BVSP
2023-02-02,109935.0,112943.0,109747.0,112072.0,15241800,^BVSP
2023-02-03,108490.0,110570.0,108185.0,110141.0,13235300,^BVSP
2023-02-06,108456.0,108710.0,107416.0,108518.0,11514600,^BVSP
2023-02-07,107920.0,109037.0,107234.0,108727.0,12956300,^BVSP
2023-02-08,109882.0,110175.0,107830.0,107832.0,13837000,^BVSP
2023-02-09,107783.0,110046.0,107781.0,109952.0,12956000,^BVSP
2023-02-10,108150.0,108647.0,107620.0,108002.0,14458000,^BVSP
2023-02-13,108846.0,109193.0,107420.0,108074.0,9973600,^BVSP
2023-02-14,107659.0,109564.0,107557.0,108839.0,11894600,^BVSP
2023-02-15,109442.0,110210.0,107267.0,107849.0,15499500,^BVSP
2023-02-16,109905.0,110437.0,108378.0,109599.0,12995900,^BVSP
2023-02-17,109303.0,109941.0,108968.0,109941.0,10058400,^BVSP
2023-02-22,107152.0,109174.0,106720.0,109174.0,9356400,^BVSP
2023-02-23,107720.0,108663.0,106731.0,107152.0,11459000,^BVSP
2023-02-24,105873.0,107611.0,105360.0,107582.0,10221100,^BVSP
2023-02-27,105711.0,106402.0,105227.0,105807.0,9570700,^BVSP
2023-02-28,104932.0,106794.0,104932.0,105706.0,15672400,^BVSP
2023-03-01,104385.0,105497.0,103105.0,104933.0,19853000,^BVSP
2023-03-02,103326.0,104912.0,103321.0,104375.0,14738800,^BVSP
2023-03-03,103866.0,104440.0,103323.0,103326.0,13101500,^BVSP
2023-03-06,104700.0,105171.0,103170.0,103865.0,14277800,^BVSP
2023-03-07,104228.0,105179.0,103480.0,104700.0,12578200,^BVSP
2023-03-08,106540.0,106721.0,104228.0,104228.0,15904100,^BVSP
2023-03-09,105071.0,106724.0,105053.0,106540.0,19174300,^BVSP
2023-03-10,103618.0,105071.0,103201.0,105071.0,17952200,^BVSP
2023-03-13,103121.0,103907.0,102255.0,103608.0,12993800,^BVSP
2023-03-14,102932.0,104153.0,102482.0,103121.0,13133800,^BVSP
2023-03-15,102675.0,103048.0,100692.0,102930.0,15246500,^BVSP
2023-03-16,103435.0,103911.0,102455.0,102683.0,14385800,^BVSP
2023-03-17,101982.0,103434.0,101664.0,103434.0,17560000,^BVSP
2023-03-20,100923.0,102328.0,100679.0,101982.0,0,^BVSP
2023-03-21,100998.0,101670.0,100923.0,100923.0,9672100,^BVSP
2023-03-22,100221.0,101888.0,100129.0,100998.0,11504600,^BVSP
2023-03-23,97926.0,101126.0,96997.0,100221.0,0,^BVSP
2023-03-24,98829.0,99258.0,97688.0,97926.0,0,^BVSP
2023-03-27,99670.0,99997.0,98833.0,98833.0,9990600,^BVSP
2023-03-28,101185.0,101559.0,99488.0,99672.0,13500100,^BVSP
2023-03-29,101793.0,102213.0,100248.0,101185.0,12456100,^BVSP
2023-03-30,103713.0,104085.0,101796.0,101796.0,14901600,^BVSP
2023-03-31,101882.0,104041.0,101476.0,103714.0,15111200,^BVSP
2023-04-03,101506.0,101916.0,100651.0,101883.0,12794800,^BVSP
2023-04-04,101869.0,103056.0,101505.0,101505.0,11695800,^BVSP
2023-04-05,100978.0,101960.0,99898.0,101869.0,13256500,^BVSP
2023-04-06,100822.0,101628.0,100443.0,100978.0,9818500,^BVSP
2023-04-10,101847.0,102196.0,100819.0,100822.0,8148700,^BVSP
2023-04-11,106214.0,106455.0,101848.0,101849.0,18725700,^BVSP
2023-04-12,106890.0,108277.0,106217.0,106218.0,17345500,^BVSP
2023-04-13,106458.0,107037.0,106220.0,106890.0,12182900,^BVSP
2023-04-14,106279.0,106701.0,104934.0,106458.0,11501000,^BVSP
2023-04-17,106016.0,106830.0,105623.0,106279.0,10253400,^BVSP
2023-04-18,106163.0,106475.0,105122.0,106023.0,11207900,^BVSP
2023-04-19,103913.0,106149.0,103604.0,106149.0,12713600,^BVSP
2023-04-20,104367.0,104615.0,103087.0,103913.0,12378000,^BVSP
2023-04-24,103947.0,104822.0,103247.0,104367.0,10935400,^BVSP
2023-04-25,103220.0,103947.0,102633.0,103947.0,10873200,^BVSP
2023-04-26,102312.0,103668.0,102233.0,103220.0,10115500,^BVSP
2023-04-27,102923.0,103177.0,101975.0,102310.0,11302800,^BVSP
2023-04-28,104432.0,104432.0,102449.0,102923.0,13080900,^BVSP
2023-05-02,101927.0,104447.0,101569.0,104431.0,12018000,^BVSP
2023-05-03,101797.0,102331.0,101433.0,101927.0,11688200,^BVSP
2023-05-04,102174.0,103321.0,101063.0,101798.0,14837300,^BVSP
2023-05-05,105148.0,105306.0,102175.0,102175.0,16699500,^BVSP
2023-05-08,106042.0,106716.0,105161.0,105161.0,13259200,^BVSP
2023-05-09,107114.0,107731.0,105549.0,106028.0,13526600,^BVSP
2023-05-10,107448.0,107744.0,106538.0,107114.0,13576900,^BVSP
2023-05-11,108256.0,108667.0,106419.0,107446.0,12772100,^BVSP
2023-05-12,108464.0,108817.0,107497.0,108256.0,11925000,^BVSP
2023-05-15,109029.0,109271.0,108356.0,108469.0,11603200,^BVSP
2023-05-16,108194.0,110151.0,108085.0,109029.0,16897300,^BVSP
2023-05-17,109460.0,109774.0,108188.0,108194.0,13993000,^BVSP
2023-05-18,110108.0,110206.0,108864.0,109459.0,13613100,^BVSP
2023-05-19,110745.0,111211.0,109787.0,110113.0,16135800,^BVSP
2023-05-22,110213.0,111643.0,110178.0,110745.0,11769400,^BVSP
2023-05-23,109929.0,111325.0,109713.0,110213.0,12334800,^BVSP
2023-05-24,108800.0,109920.0,108546.0,109920.0,12980200,^BVSP
2023-05-25,110054.0,111115.0,108800.0,108800.0,14745300,^BVSP
2023-05-26,110906.0,111706.0,109900.0,110058.0,11019700,^BVSP
2023-05-29,110333.0,111168.0,110195.0,110906.0,5913000,^BVSP
2023-05-30,108967.0,111291.0,108552.0,110333.0,11588000,^BVSP
2023-05-31,108335.0,109137.0,108193.0,108967.0,15861100,^BVSP
2023-06-01,110565.0,110745.0,108335.0,108339.0,14669000,^BVSP
2023-06-02,112558.0,113070.0,110567.0,110568.0,14545800,^BVSP
2023-06-05,112696.0,113071.0,111736.0,112558.0,9078800,^BVSP
2023-06-06,114610.0,114783.0,112696.0,112697.0,15025400,^BVSP
2023-06-07,115488.0,115978.0,114610.0,114610.0,14017100,^BVSP
2023-06-09,117019.0,117603.0,115489.0,115489.0,13527100,^BVSP
2023-06-12,117336.0,117735.0,116704.0,117022.0,12016200,^BVSP
2023-06-13,116743.0,117924.0,116363.0,117337.0,12392200,^BVSP
2023-06-14,119069.0,119085.0,116745.0,116753.0,16938600,^BVSP
2023-06-15,119221.0,119686.0,118693.0,119068.0,12298000,^BVSP
2023-06-16,118758.0,119555.0,118487.0,119208.0,15251700,^BVSP
2023-06-19,119858.0,119939.0,118558.0,118757.0,6776300,^BVSP
2023-06-20,119622.0,119858.0,118416.0,119858.0,10924200,^BVSP
2023-06-21,120420.0,120519.0,119332.0,119623.0,11736700,^BVSP
2023-06-22,118934.0,120420.0,118018.0,120420.0,11831500,^BVSP
2023-06-23,118977.0,119386.0,118178.0,118959.0,12845400,^BVSP
2023-06-26,118243.0,119148.0,117491.0,118977.0,10456600,^BVSP
2023-06-27,117523.0,119212.0,116561.0,118246.0,13077000,^BVSP
2023-06-28,116681.0,117937.0,116560.0,117524.0,10646300,^BVSP
2023-06-29,118383.0,118623.0,116683.0,116683.0,11055300,^BVSP
2023-06-30,118087.0,119447.0,118087.0,118388.0,13824700,^BVSP
2023-07-03,119673.0,119877.0,118092.0,118092.0,8907500,^BVSP
2023-07-04,119076.0,119678.0,118830.0,119673.0,6555200,^BVSP
2023-07-05,119549.0,120200.0,118688.0,119072.0,10959000,^BVSP
2023-07-06,117426.0,119548.0,117096.0,119548.0,11025700,^BVSP
2023-07-07,118898.0,119549.0,117427.0,117427.0,10521000,^BVSP
2023-07-10,117942.0,118897.0,117814.0,118897.0,8104000,^BVSP
2023-07-11,117220.0,117942.0,115704.0,117942.0,10592500,^BVSP
2023-07-12,117666.0,119156.0,117557.0,117557.0,8941200,^BVSP
2023-07-13,119264.0,119739.0,117668.0,117671.0,9257600,^BVSP
2023-07-14,117711.0,119329.0,117526.0,119268.0,8980000,^BVSP
2023-07-17,118219.0,118302.0,116591.0,117711.0,8201900,^BVSP
2023-07-18,117841.0,118732.0,117324.0,118218.0,8584800,^BVSP
2023-07-19,117552.0,118011.0,116660.0,117842.0,9728700,^BVSP
2023-07-20,118083.0,118290.0,117484.0,117558.0,8986400,^BVSP
2023-07-21,120217.0,120373.0,118086.0,118090.0,11181500,^BVSP
2023-07-24,121342.0,121772.0,120099.0,120220.0,10494800,^BVSP
2023-07-25,122008.0,123010.0,121344.0,121344.0,11427100,^BVSP
2023-07-26,122560.0,122747.0,121370.0,122003.0,9988800,^BVSP
2023-07-27,119990.0,122599.0,119825.0,122560.0,10678700,^BVSP
2023-07-28,120187.0,120660.0,119706.0,120002.0,8464200,^BVSP
2023-07-31,121943.0,122149.0,120188.0,120188.0,10122700,^BVSP
2023-08-01,121248.0,121945.0,120154.0,121945.0,10302800,^BVSP
2023-08-02,120859.0,121252.0,119798.0,121249.0,10565900,^BVSP
2023-08-03,120586.0,122619.0,120365.0,120859.0,13027300,^BVSP
2023-08-04,119508.0,121442.0,119215.0,120586.0,15065200,^BVSP
2023-08-07,119380.0,120104.0,118894.0,119509.0,8726500,^BVSP
2023-08-08,119090.0,119553.0,117492.0,119378.0,10246000,^BVSP
2023-08-09,118409.0,119090.0,117901.0,119090.0,11245600,^BVSP
2023-08-10,118350.0,119438.0,118113.0,118412.0,12689600,^BVSP
2023-08-11,118065.0,119054.0,117415.0,118350.0,11867500,^BVSP
2023-08-14,116810.0,118082.0,116530.0,118067.0,11203500,^BVSP
2023-08-15,116171.0,117697.0,116033.0,116809.0,14636000,^BVSP
2023-08-16,115592.0,117338.0,115534.0,116171.0,18862600,^BVSP
2023-08-17,114982.0,116610.0,114859.0,115592.0,12747500,^BVSP
2023-08-18,115409.0,115729.0,114423.0,114973.0,10601000,^BVSP
2023-08-21,114429.0,115425.0,114067.0,115404.0,9794400,^BVSP
2023-08-22,116156.0,116286.0,114433.0,114433.0,9828500,^BVSP
2023-08-23,118135.0,118135.0,116159.0,116160.0,11542800,^BVSP
2023-08-24,117026.0,118136.0,116848.0,118135.0,9196200,^BVSP
2023-08-25,115837.0,117252.0,115397.0,117025.0,9214100,^BVSP
2023-08-28,117121.0,117253.0,115836.0,115838.0,9596900,^BVSP
2023-08-29,118404.0,118493.0,117124.0,117124.0,9631600,^BVSP
2023-08-30,117535.0,118841.0,117471.0,118404.0,8924000,^BVSP
2023-08-31,115742.0,117637.0,115742.0,117537.0,12950000,^BVSP
2023-09-01,117893.0,117991.0,115744.0,115744.0,11890700,^BVSP
2023-09-04,117777.0,118576.0,117590.0,117893.0,5529700,^BVSP
2023-09-05,117331.0,117957.0,116637.0,117776.0,10870700,^BVSP
2023-09-06,115985.0,117971.0,115984.0,117331.0,9916100,^BVSP
2023-09-08,115313.0,115979.0,114839.0,115979.0,8360700,^BVSP
2023-09-11,116883.0,117131.0,115316.0,115316.0,8789000,^BVSP
2023-09-12,117968.0,118154.0,116885.0,116885.0,9192800,^BVSP
2023-09-13,118176.0,119318.0,117722.0,117968.0,12075300,^BVSP
2023-09-14,119392.0,119748.0,118181.0,118181.0,13279300,^BVSP
2023-09-15,118758.0,119780.0,118666.0,119393.0,16107600,^BVSP
2023-09-18,118288.0,119486.0,118123.0,118759.0,11273100,^BVSP
2023-09-19,117846.0,118458.0,117628.0,118293.0,11453800,^BVSP
2023-09-20,118695.0,119616.0,117847.0,117864.0,9238800,^BVSP
2023-09-21,116145.0,118695.0,116013.0,118695.0,12685800,^BVSP
2023-09-22,116009.0,116968.0,115855.0,116147.0,9443500,^BVSP
2023-09-25,115925.0,116031.0,115573.0,116009.0,9580000,^BVSP
2023-09-26,114193.0,115922.0,114162.0,115922.0,11241800,^BVSP
2023-09-27,114327.0,115340.0,113366.0,114194.0,13359300,^BVSP
2023-09-28,115731.0,115954.0,114811.0,114875.0,10387000,^BVSP
2023-09-29,116565.0,116899.0,115742.0,115742.0,11143200,^BVSP
2023-10-02,115057.0,116672.0,114761.0,116565.0,8524900,^BVSP
2023-10-03,113419.0,115056.0,113151.0,115055.0,11104800,^BVSP
2023-10-04,113607.0,114075.0,113036.0,113430.0,10813800,^BVSP
2023-10-05,113284.0,114359.0,112705.0,113609.0,9507200,^BVSP
2023-10-06,114170.0,114491.0,111599.0,113283.0,13138200,^BVSP
2023-10-09,115156.0,115219.0,113448.0,114169.0,9474400,^BVSP
2023-10-10,116737.0,116900.0,115158.0,115158.0,11621500,^BVSP
2023-10-11,117051.0,117099.0,116231.0,116737.0,9949800,^BVSP
2023-10-13,115754.0,117070.0,115658.0,117050.0,10609300,^BVSP
2023-10-16,116534.0,116905.0,115760.0,115760.0,8989900,^BVSP
2023-10-17,115908.0,116917.0,115564.0,116526.0,10371700,^BVSP
2023-10-18,114060.0,115907.0,113952.0,115907.0,15492200,^BVSP
2023-10-19,114004.0,115063.0,113768.0,114059.0,11497600,^BVSP
2023-10-20,113155.0,114090.0,112533.0,113996.0,11739200,^BVSP
2023-10-23,112785.0,113680.0,112164.0,113145.0,10701800,^BVSP
2023-10-24,113762.0,114249.0,112814.0,112814.0,10711800,^BVSP
2023-10-25,112830.0,114319.0,112680.0,113762.0,12306500,^BVSP
2023-10-26,114777.0,114886.0,112840.0,112840.0,12770600,^BVSP
2023-10-27,113301.0,115342.0,112953.0,114777.0,12289500,^BVSP
2023-10-30,112532.0,114204.0,112309.0,113303.0,9741800,^BVSP
2023-10-31,113144.0,113597.0,112098.0,112534.0,10557400,^BVSP
2023-11-01,115053.0,115433.0,113157.0,113157.0,13904100,^BVSP
2023-11-03,118160.0,118502.0,115062.0,115062.0,15714000,^BVSP
2023-11-06,118487.0,118758.0,118045.0,118160.0,10167700,^BVSP
2023-11-07,119268.0,119577.0,118026.0,118422.0,16393100,^BVSP
2023-11-08,119099.0,119976.0,118464.0,119268.0,15193500,^BVSP
2023-11-09,119012.0,120257.0,118446.0,119180.0,15568300,^BVSP
2023-11-10,120636.0,120823.0,119036.0,119036.0,0,^BVSP
2023-11-13,120376.0,120606.0,119878.0,120561.0,11198000,^BVSP
2023-11-14,123328.0,123370.0,120411.0,120411.0,19427900,^BVSP
2023-11-16,124576.0,124737.0,123165.0,123165.0,18355600,^BVSP
2023-11-17,125062.0,125431.0,124547.0,124639.0,15719100,^BVSP
2023-11-20,126095.0,126162.0,124773.0,124773.0,11108500,^BVSP
2023-11-21,125607.0,125957.0,125060.0,125957.0,10793500,^BVSP
2023-11-22,126035.0,126875.0,125439.0,125626.0,14058500,^BVSP
2023-11-23,126576.0,126760.0,125764.0,126035.0,7816400,^BVSP
2023-11-24,125542.0,126553.0,125341.0,126553.0,9613100,^BVSP
2023-11-27,125683.0,125826.0,124840.0,125517.0,11013800,^BVSP
2023-11-28,126538.0,126916.0,125388.0,125726.0,12394200,^BVSP
2023-11-29,126101.0,127388.0,126018.0,126541.0,12417500,^BVSP
2023-11-30,127331.0,127399.0,126168.0,126168.0,19238400,^BVSP
2023-12-01,128103.0,128165.0,126656.0,127331.0,13696500,^BVSP
2023-12-04,126803.0,128183.0,126643.0,128183.0,10270500,^BVSP
2023-12-05,126903.0,127489.0,126491.0,126802.0,11960300,^BVSP
2023-12-06,125623.0,127538.0,125614.0,126907.0,10837300,^BVSP
2023-12-07,126010.0,126581.0,125566.0,125623.0,10505300,^BVSP
2023-12-08,127094.0,127289.0,125562.0,126010.0,10745300,^BVSP
2023-12-11,126916.0,127154.0,126526.0,127093.0,7091900,^BVSP
2023-12-12,126403.0,127359.0,126013.0,126923.0,10266500,^BVSP
2023-12-13,129465.0,129793.0,126299.0,126406.0,15066200,^BVSP
2023-12-14,130842.0,131260.0,129469.0,129469.0,15822800,^BVSP
2023-12-15,130197.0,131661.0,129884.0,130842.0,15141000,^BVSP
2023-12-18,131084.0,131447.0,130198.0,130202.0,9604400,^BVSP
2023-12-19,131851.0,132047.0,131086.0,131088.0,9429700,^BVSP
2023-12-20,130804.0,132341.0,130710.0,131851.0,10335800,^BVSP
2023-12-21,132182.0,132277.0,130822.0,130826.0,8681000,^BVSP
2023-12-22,132753.0,133035.0,132094.0,132553.0,8231100,^BVSP
2023-12-26,133533.0,133645.0,132753.0,132753.0,0,^BVSP
2023-12-27,134194.0,134195.0,133328.0,133523.0,6168200,^BVSP
2023-12-28,134185.0,134392.0,133832.0,134194.0,7812700,^BVSP
2024-01-02,132697.0,134195.0,132095.0,134186.0,8437800,^BVSP
2024-01-03,132834.0,133576.0,132250.0,132697.0,8702400,^BVSP
2024-01-04,131226.0,132885.0,131024.0,132831.0,8972300,^BVSP
2024-01-05,132023.0,132635.0,130579.0,131218.0,9199700,^BVSP
2024-01-08,132427.0,132498.0,131015.0,132023.0,8497500,^BVSP
2024-01-09,131447.0,132426.0,131203.0,132424.0,9287500,^BVSP
2024-01-10,130841.0,131628.0,130438.0,131447.0,8958400,^BVSP
2024-01-11,130649.0,131308.0,129898.0,130841.0,9761700,^BVSP
2024-01-12,130988.0,131927.0,130410.0,130652.0,10661900,^BVSP
2024-01-15,131521.0,131606.0,130253.0,130988.0,5746600,^BVSP
2024-01-16,129294.0,131517.0,129147.0,131515.0,11911300,^BVSP
2024-01-17,128524.0,129296.0,128312.0,129293.0,9952500,^BVSP
2024-01-18,127316.0,129047.0,127316.0,128524.0,12460800,^BVSP
2024-01-19,127636.0,127820.0,126533.0,127319.0,11956900,^BVSP
2024-01-22,126602.0,127843.0,125876.0,127636.0,9509100,^BVSP
2024-01-23,128263.0,128331.0,126612.0,126612.0,9366100,^BVSP
2024-01-24,127816.0,129446.0,127680.0,128275.0,8823800,^BVSP
2024-01-25,128169.0,128697.0,127803.0,127815.0,8757600,^BVSP
2024-01-26,128967.0,129252.0,127869.0,128196.0,8508000,^BVSP
2024-01-29,128503.0,129068.0,127853.0,128970.0,8764500,^BVSP
2024-01-30,127402.0,128492.0,127105.0,128492.0,10037400,^BVSP
2024-01-31,127752.0,129558.0,127326.0,127402.0,12495200,^BVSP
2024-02-01,128481.0,128481.0,127284.0,127752.0,10226400,^BVSP
2024-02-02,127182.0,128878.0,126628.0,128471.0,10982800,^BVSP
2024-02-05,127593.0,127834.0,126443.0,127182.0,9637200,^BVSP
2024-02-06,130416.0,130417.0,127593.0,127593.0,13780300,^BVSP
2024-02-07,129608.0,130552.0,129518.0,130412.0,15425400,^BVSP
2024-02-08,128217.0,130126.0,127912.0,129950.0,13634900,^BVSP
2024-02-09,128026.0,128896.0,127579.0,128216.0,12115800,^BVSP
2024-02-14,127018.0,128026.0,126663.0,128026.0,7748300,^BVSP
2024-02-15,127804.0,127824.0,126932.0,127018.0,10980100,^BVSP
2024-02-16,128726.0,129069.0,127653.0,127809.0,10119100,^BVSP
2024-02-19,129036.0,129036.0,128097.0,128720.0,5799100,^BVSP
2024-02-20,129916.0,129916.0,128326.0,129033.0,12237000,^BVSP
2024-02-21,130032.0,130034.0,129359.0,129916.0,12585700,^BVSP
2024-02-22,130241.0,130829.0,129971.0,130035.0,10771700,^BVSP
2024-02-23,129419.0,130624.0,129077.0,130240.0,9230300,^BVSP
2024-02-26,129609.0,129978.0,129077.0,129417.0,7436900,^BVSP
2024-02-27,131689.0,131696.0,129613.0,129613.0,10049000,^BVSP
2024-02-28,130155.0,131685.0,129771.0,131685.0,9045600,^BVSP
2024-02-29,129020.0,130155.0,128669.0,130155.0,12003100,^BVSP
2024-03-01,129180.0,129716.0,128717.0,129026.0,9765100,^BVSP
2024-03-04,128341.0,129307.0,128278.0,129176.0,7967700,^BVSP
2024-03-05,128098.0,128989.0,127823.0,128336.0,9692200,^BVSP
2024-03-06,128890.0,129323.0,128099.0,128099.0,11057900,^BVSP
2024-03-07,128340.0,129188.0,128033.0,128890.0,7350000,^BVSP
2024-03-08,127071.0,128338.0,125802.0,128335.0,11937900,^BVSP
2024-03-11,126124.0,127068.0,126065.0,127068.0,8899100,^BVSP
2024-03-12,127668.0,128039.0,126121.0,126124.0,9483700,^BVSP
2024-03-13,128006.0,128530.0,127439.0,127668.0,8837200,^BVSP
2024-03-14,127690.0,128256.0,127192.0,127992.0,9292600,^BVSP
2024-03-15,126742.0,127957.0,126502.0,127682.0,14992400,^BVSP
2024-03-18,126954.0,127540.0,126272.0,126758.0,10512100,^BVSP
2024-03-19,127529.0,128000.0,126955.0,126955.0,11184800,^BVSP
2024-03-20,129125.0,129210.0,127349.0,127534.0,10819300,^BVSP
2024-03-21,128159.0,129556.0,128093.0,129125.0,9570800,^BVSP
2024-03-22,127027.0,128159.0,126879.0,128159.0,9367800,^BVSP
2024-03-25,126931.0,127224.0,126750.0,127027.0,8060500,^BVSP
2024-03-26,126863.0,127193.0,126591.0,126931.0,9435700,^BVSP
2024-03-27,127691.0,127756.0,126223.0,126863.0,9918200,^BVSP
2024-03-28,128106.0,128364.0,127270.0,127689.0,9943400,^BVSP
2024-04-01,126990.0,128659.0,126772.0,128106.0,9372600,^BVSP
2024-04-02,127549.0,127654.0,126669.0,126990.0,9073600,^BVSP
2024-04-03,127318.0,127694.0,126181.0,127546.0,11032700,^BVSP
2024-04-04,127428.0,129627.0,127178.0,127313.0,13229200,^BVSP
2024-04-05,126795.0,127432.0,126394.0,127422.0,9101300,^BVSP
2024-04-08,128857.0,129178.0,126796.0,126796.0,8128300,^BVSP
2024-04-09,129890.0,129956.0,128826.0,128858.0,8489700,^BVSP
2024-04-10,128054.0,129872.0,127732.0,129872.0,10451800,^BVSP
2024-04-11,127396.0,128051.0,127069.0,128051.0,8882900,^BVSP
2024-04-12,125946.0,127640.0,125635.0,127396.0,10246600,^BVSP
2024-04-15,125334.0,126250.0,125034.0,125946.0,13504500,^BVSP
2024-04-16,124389.0,125316.0,123756.0,125316.0,14009800,^BVSP
2024-04-17,124171.0,125301.0,123642.0,124389.0,11370900,^BVSP
2024-04-18,124196.0,125140.0,123397.0,124171.0,10662400,^BVSP
2024-04-19,125124.0,125509.0,124056.0,124197.0,13604100,^BVSP
2024-04-22,125573.0,126081.0,124633.0,125124.0,10264100,^BVSP
2024-04-23,125148.0,125826.0,124310.0,125572.0,11257800,^BVSP
2024-04-24,124741.0,125473.0,124556.0,125149.0,10526300,^BVSP
2024-04-25,124646.0,124732.0,123703.0,124718.0,10093100,^BVSP
2024-04-26,126526.0,126826.0,124651.0,124651.0,8900000,^BVSP
2024-04-29,127352.0,127352.0,126467.0,126527.0,8385100,^BVSP
2024-04-30,125924.0,127352.0,125856.0,127352.0,10889600,^BVSP
2024-05-02,127122.0,127670.0,125926.0,125926.0,11547800,^BVSP
2024-05-03,128509.0,128787.0,127130.0,127130.0,12799200,^BVSP
2024-05-06,128466.0,129181.0,128294.0,128506.0,8779100,^BVSP
2024-05-07,129210.0,129745.0,128464.0,128466.0,10177500,^BVSP
2024-05-08,129481.0,129564.0,128048.0,129210.0,9788900,^BVSP
2024-05-09,128188.0,129468.0,127376.0,129468.0,13369000,^BVSP
2024-05-10,127600.0,129022.0,127467.0,128188.0,12574200,^BVSP
2024-05-13,128155.0,128669.0,127599.0,127600.0,8917300,^BVSP
2024-05-14,128515.0,128965.0,127962.0,128155.0,11886800,^BVSP
2024-05-15,128028.0,128646.0,127029.0,128514.0,10855600,^BVSP
2024-05-16,128284.0,128965.0,127922.0,128029.0,9852200,^BVSP
2024-05-17,128151.0,128464.0,127696.0,128280.0,10262600,^BVSP
2024-05-20,127751.0,128730.0,127488.0,128151.0,9340300,^BVSP
2024-05-21,127412.0,128272.0,127205.0,127754.0,9138500,^BVSP
2024-05-22,125650.0,127412.0,125524.0,127412.0,12403500,^BVSP
2024-05-23,124729.0,125665.0,124431.0,125650.0,9985400,^BVSP
2024-05-24,124306.0,125257.0,124259.0,124731.0,9211500,^BVSP
2024-05-27,124496.0,124535.0,124081.0,124297.0,4327600,^BVSP
2024-05-28,123780.0,125392.0,123537.0,124498.0,9179800,^BVSP
2024-05-29,122707.0,123780.0,122458.0,123780.0,8257700,^BVSP
2024-05-31,122098.0,122837.0,121929.0,122704.0,15918600,^BVSP
2024-06-03,122032.0,122495.0,121496.0,122100.0,8428100,^BVSP
2024-06-04,121802.0,122032.0,120878.0,122032.0,8529300,^BVSP
2024-06-05,121407.0,122170.0,121253.0,121803.0,8768700,^BVSP
2024-06-06,122899.0,123246.0,121377.0,121408.0,8404200,^BVSP
2024-06-07,120767.0,122899.0,120679.0,122899.0,9801200,^BVSP
2024-06-10,120760.0,121421.0,120540.0,120769.0,6568400,^BVSP
2024-06-11,121635.0,121759.0,120757.0,120760.0,7477000,^BVSP
2024-06-12,119936.0,122483.0,119544.0,121644.0,11278800,^BVSP
2024-06-13,119568.0,120222.0,119171.0,119936.0,8543000,^BVSP
2024-06-14,119662.0,120214.0,118828.0,119558.0,7847600,^BVSP
2024-06-17,119138.0,119663.0,118685.0,119663.0,7380600,^BVSP
2024-06-18,119630.0,120109.0,118872.0,119138.0,8100100,^BVSP
2024-06-19,120261.0,120383.0,118960.0,119630.0,5646300,^BVSP
2024-06-20,120446.0,121607.0,120156.0,120267.0,8659500,^BVSP
2024-06-21,121341.0,121580.0,120061.0,120446.0,12906900,^BVSP
2024-06-24,122637.0,122840.0,121307.0,121343.0,7836100,^BVSP
2024-06-25,122331.0,122849.0,121997.0,122804.0,6942900,^BVSP
2024-06-26,122641.0,122701.0,121402.0,122331.0,8178800,^BVSP
2024-06-27,124308.0,124308.0,122642.0,122642.0,8707300,^BVSP
2024-06-28,123907.0,124500.0,123298.0,124308.0,9070800,^BVSP
2024-07-01,124718.0,125220.0,123735.0,123905.0,0,^BVSP
2024-07-02,124787.0,125491.0,124310.0,124720.0,8368000,^BVSP
2024-07-03,125662.0,126581.0,124787.0,124787.0,8534200,^BVSP
2024-07-04,126164.0,126660.0,125666.0,125666.0,6535700,^BVSP
2024-07-05,126267.0,126662.0,125556.0,126165.0,8085600,^BVSP
2024-07-08,126548.0,126551.0,125614.0,126280.0,7430300,^BVSP
2024-07-09,127108.0,127295.0,125937.0,126548.0,6684600,^BVSP
2024-07-10,127218.0,127769.0,126928.0,127109.0,8152600,^BVSP
2024-07-11,128294.0,128326.0,127221.0,127221.0,7972900,^BVSP
2024-07-12,128897.0,129015.0,128002.0,128293.0,7206600,^BVSP
2024-07-15,129321.0,129485.0,128723.0,128898.0,5826900,^BVSP
2024-07-16,129110.0,129521.0,128761.0,129322.0,6818900,^BVSP
2024-07-17,129450.0,129658.0,128741.0,129112.0,6672400,^BVSP
2024-07-18,127652.0,129454.0,127523.0,129450.0,7591500,^BVSP
2024-07-19,127616.0,128360.0,127413.0,127652.0,7620400,^BVSP
2024-07-22,127860.0,128151.0,127456.0,127616.0,6098200,^BVSP
2024-07-23,126590.0,127860.0,126530.0,127860.0,7022900,^BVSP
2024-07-24,126423.0,126823.0,126218.0,126596.0,7304800,^BVSP
2024-07-25,125954.0,126423.0,125626.0,126423.0,7134100,^BVSP
2024-07-26,127492.0,127700.0,125953.0,125964.0,8272000,^BVSP
2024-07-29,126954.0,127657.0,126606.0,127492.0,7075400,^BVSP
2024-07-30,126139.0,126951.0,125973.0,126951.0,6848600,^BVSP
2024-07-31,127652.0,127853.0,126139.0,126139.0,9471900,^BVSP
2024-08-01,127395.0,128762.0,127150.0,127652.0,9814200,^BVSP
2024-08-02,125854.0,128104.0,125731.0,127395.0,9950900,^BVSP
2024-08-05,125270.0,125851.0,123073.0,125851.0,10886100,^BVSP
2024-08-06,126267.0,126966.0,125261.0,125270.0,10052600,^BVSP
2024-08-07,127514.0,127517.0,126268.0,126268.0,8837900,^BVSP
2024-08-08,128661.0,128793.0,127515.0,127515.0,8624000,^BVSP
2024-08-09,130615.0,130631.0,128662.0,128662.0,11324800,^BVSP
2024-08-12,131116.0,131662.0,130615.0,130615.0,8601600,^BVSP
2024-08-13,132398.0,132430.0,131115.0,131115.0,9798900,^BVSP
2024-08-14,133318.0,133777.0,132112.0,132398.0,12158400,^BVSP
2024-08-15,134153.0,134575.0,133319.0,133319.0,10534800,^BVSP
2024-08-16,133953.0,134781.0,133852.0,134154.0,10871900,^BVSP
2024-08-19,135778.0,136179.0,133953.0,133953.0,11281500,^BVSP
2024-08-20,136087.0,136330.0,135312.0,135779.0,8106800,^BVSP
2024-08-21,136464.0,137040.0,136086.0,136088.0,9572200,^BVSP
2024-08-22,135173.0,136462.0,134836.0,136462.0,8050200,^BVSP
2024-08-23,135608.0,136478.0,135174.0,135174.0,8649400,^BVSP
2024-08-26,136889.0,137013.0,135596.0,135608.0,7560000,^BVSP
2024-08-27,136776.0,137213.0,136664.0,136888.0,6745900,^BVSP
2024-08-28,137344.0,137469.0,135746.0,136776.0,7457100,^BVSP
2024-08-29,136041.0,137370.0,135858.0,137349.0,8385100,^BVSP
2024-08-30,136004.0,136139.0,134910.0,136041.0,18397900,^BVSP
2024-09-02,134981.0,136004.0,134497.0,136004.0,3666100,^BVSP
2024-09-03,134353.0,135011.0,134171.0,134907.0,8802400,^BVSP
2024-09-04,136111.0,136838.0,134359.0,134359.0,9419500,^BVSP
2024-09-05,136502.0,136656.0,135959.0,136112.0,7528700,^BVSP
2024-09-06,134572.0,136653.0,134476.0,136508.0,7563300,^BVSP
2024-09-09,134737.0,135250.0,134399.0,134574.0,6587600,^BVSP
2024-09-10,134320.0,134738.0,133754.0,134738.0,8253500,^BVSP
2024-09-11,134677.0,135087.0,133757.0,134319.0,7947300,^BVSP
2024-09-12,134029.0,134777.0,133591.0,134677.0,7004900,^BVSP
2024-09-13,134882.0,135879.0,134031.0,134031.0,8866000,^BVSP
2024-09-16,135118.0,135715.0,134870.0,134885.0,6707000,^BVSP
2024-09-17,134960.0,135118.0,134180.0,135118.0,7314500,^BVSP
2024-09-18,133748.0,135203.0,133748.0,134960.0,9792800,^BVSP
2024-09-19,133123.0,134759.0,133123.0,133748.0,9254500,^BVSP
2024-09-20,131065.0,133128.0,130907.0,133121.0,13605800,^BVSP
2024-09-23,130568.0,131065.0,130100.0,131065.0,9140800,^BVSP
2024-09-24,132156.0,133073.0,130570.0,130570.0,9367100,^BVSP
2024-09-25,131586.0,132982.0,131489.0,132156.0,10527200,^BVSP
2024-09-26,133010.0,133313.0,131594.0,131595.0,11618300,^BVSP
2024-09-27,132730.0,133923.0,132628.0,133010.0,9338900,^BVSP
2024-09-30,131816.0,133120.0,131816.0,132761.0,9131600,^BVSP
2024-10-01,132495.0,133405.0,131817.0,131817.0,9841100,^BVSP
2024-10-02,133515.0,134922.0,132495.0,132495.0,9398700,^BVSP
2024-10-03,131672.0,133514.0,131176.0,133514.0,9821200,^BVSP
2024-10-04,131792.0,131936.0,131156.0,131672.0,7054700,^BVSP
2024-10-07,132018.0,132943.0,131676.0,131792.0,7702100,^BVSP
2024-10-08,131512.0,132016.0,130371.0,132016.0,9093200,^BVSP
2024-10-09,129962.0,131520.0,129719.0,131510.0,9220400,^BVSP
2024-10-10,130353.0,130418.0,129835.0,129963.0,7617300,^BVSP
2024-10-11,129992.0,130354.0,129338.0,130354.0,7973300,^BVSP
2024-10-14,131005.0,131220.0,129729.0,129992.0,8502100,^BVSP
2024-10-15,131043.0,131457.0,130200.0,131005.0,7982900,^BVSP
2024-10-16,131750.0,132233.0,130780.0,131045.0,10282800,^BVSP
2024-10-17,130793.0,131716.0,129902.0,131716.0,7086000,^BVSP
2024-10-18,130499.0,131725.0,130121.0,130793.0,8683700,^BVSP
2024-10-21,130362.0,131124.0,130157.0,130499.0,7774900,^BVSP
2024-10-22,129721.0,130346.0,129094.0,130346.0,5522000,^BVSP
2024-10-23,129233.0,129949.0,128589.0,129949.0,7962200,^BVSP
2024-10-24,130067.0,130130.0,128798.0,129233.0,8310600,^BVSP
2024-10-25,129893.0,130529.0,129806.0,130067.0,8513300,^BVSP
2024-10-28,131213.0,131421.0,129894.0,129894.0,7135300,^BVSP
2024-10-29,130730.0,131765.0,130693.0,131214.0,7636400,^BVSP
2024-10-30,130639.0,131027.0,130473.0,130730.0,7327100,^BVSP
2024-10-31,129713.0,130798.0,129642.0,130639.0,9068100,^BVSP
2024-11-01,128121.0,129902.0,128070.0,129718.0,9897900,^BVSP
2024-11-04,130515.0,130609.0,128128.0,128130.0,9013500,^BVSP
2024-11-05,130661.0,130769.0,129692.0,130515.0,8556100,^BVSP
2024-11-06,130341.0,130670.0,128822.0,130613.0,10540900,^BVSP
2024-11-07,129682.0,131319.0,129406.0,130341.0,10520800,^BVSP
2024-11-08,127830.0,129647.0,126973.0,129647.0,13183200,^BVSP
2024-11-11,127874.0,128095.0,127306.0,127829.0,8395300,^BVSP
2024-11-12,127698.0,128210.0,127411.0,127873.0,9522100,^BVSP
2024-11-13,127734.0,128100.0,126869.0,127698.0,12692800,^BVSP
2024-11-14,127792.0,128423.0,127389.0,127734.0,13138300,^BVSP
2024-11-18,127768.0,128277.0,127226.0,127791.0,10742000,^BVSP
2024-11-19,128197.0,128579.0,127235.0,127768.0,9103600,^BVSP
2024-11-21,126922.0,128197.0,126594.0,128197.0,10271900,^BVSP
2024-11-22,129126.0,129126.0,126944.0,126944.0,9186200,^BVSP
2024-11-25,129036.0,129495.0,128932.0,129125.0,14411200,^BVSP
2024-11-26,129922.0,130361.0,129042.0,129043.0,9745200,^BVSP
2024-11-27,127669.0,130283.0,127669.0,129923.0,12318800,^BVSP
2024-11-28,124610.0,127668.0,124390.0,127667.0,12833100,^BVSP
2024-11-29,125668.0,126056.0,123946.0,124611.0,16398000,^BVSP
2024-12-02,125236.0,125901.0,124734.0,125668.0,11517200,^BVSP
2024-12-03,126139.0,126417.0,125233.0,125235.0,9990000,^BVSP
2024-12-04,126087.0,126720.0,125828.0,126139.0,9388600,^BVSP
2024-12-05,127858.0,127989.0,126087.0,126088.0,9530800,^BVSP
2024-12-06,125946.0,127872.0,125833.0,127856.0,11223300,^BVSP
2024-12-09,127210.0,127542.0,125946.0,125946.0,9367300,^BVSP
2024-12-10,128228.0,128511.0,127213.0,127213.0,9141300,^BVSP
2024-12-11,129593.0,130899.0,127362.0,128228.0,13170900,^BVSP
2024-12-12,126042.0,129587.0,125829.0,129587.0,13453200,^BVSP
2024-12-13,124612.0,126290.0,124578.0,126102.0,11762700,^BVSP
2024-12-16,123560.0,124956.0,123495.0,124610.0,11071100,^BVSP
2024-12-17,124698.0,125301.0,123560.0,123560.0,17561100,^BVSP
2024-12-18,120772.0,124699.0,120457.0,124699.0,19742800,^BVSP
2024-12-19,121188.0,121770.0,120768.0,120768.0,13682900,^BVSP
2024-12-20,122102.0,122209.0,120700.0,121183.0,18128200,^BVSP
2024-12-23,120767.0,122105.0,120617.0,122105.0,9953300,^BVSP
2024-12-26,121078.0,121612.0,120428.0,120767.0,8338500,^BVSP
2024-12-27,120269.0,121609.0,120252.0,121078.0,8937000,^BVSP
2024-12-30,120283.0,121050.0,120158.0,120267.0,8895300,^BVSP
2025-01-02,120125.0,120782.0,119120.0,120283.0,9373600,^BVSP
2025-01-03,118533.0,120356.0,118404.0,120125.0,9804400,^BVSP
2025-01-06,120022.0,120322.0,118534.0,118534.0,9685600,^BVSP
2025-01-07,121163.0,121713.0,120022.0,120022.0,11116400,^BVSP
2025-01-08,119625.0,121160.0,119351.0,121160.0,10230700,^BVSP
2025-01-09,119781.0,120145.0,119502.0,119625.0,6611500,^BVSP
2025-01-10,118856.0,120052.0,118732.0,119781.0,9255500,^BVSP
2025-01-13,119007.0,119729.0,118743.0,118856.0,8161500,^BVSP
2025-01-14,119299.0,119451.0,118223.0,119007.0,9349300,^BVSP
2025-01-15,122650.0,122988.0,119303.0,119309.0,11928800,^BVSP
2025-01-16,121234.0,122660.0,120796.0,122649.0,11312100,^BVSP
2025-01-17,122350.0,122674.0,121074.0,121258.0,10242300,^BVSP
2025-01-20,122543.0,123098.0,121511.0,122349.0,4185300,^BVSP
2025-01-21,123338.0,123462.0,122290.0,122850.0,7819600,^BVSP
2025-01-22,122972.0,123865.0,122926.0,123345.0,9975100,^BVSP
2025-01-23,122483.0,123958.0,122159.0,122965.0,9491400,^BVSP
2025-01-24,122447.0,122908.0,122196.0,122483.0,7777800,^BVSP
2025-01-27,124862.0,124862.0,122207.0,122443.0,11021500,^BVSP
2025-01-28,124056.0,124881.0,123973.0,124861.0,8313500,^BVSP
2025-01-29,123432.0,124767.0,123278.0,124056.0,7348500,^BVSP
2025-01-30,126913.0,127169.0,123432.0,123433.0,11688100,^BVSP
2025-01-31,126135.0,127532.0,126057.0,126914.0,10242600,^BVSP
2025-02-03,125970.0,126473.0,125566.0,126135.0,9548900,^BVSP
2025-02-04,125147.0,125964.0,124694.0,125964.0,9784500,^BVSP
2025-02-05,125534.0,125846.0,124637.0,125146.0,9957400,^BVSP
2025-02-06,126225.0,126399.0,125249.0,125531.0,10028600,^BVSP
2025-02-07,124619.0,126524.0,124320.0,126219.0,10952400,^BVSP
2025-02-10,125572.0,126386.0,124619.0,124619.0,8908600,^BVSP
2025-02-11,126522.0,126886.0,125570.0,125571.0,11242800,^BVSP
2025-02-12,124380.0,126513.0,124116.0,126513.0,14625100,^BVSP
2025-02-13,124850.0,124853.0,123778.0,124372.0,9048100,^BVSP
2025-02-14,128219.0,128482.0,124849.0,124849.0,12560100,^BVSP
2025-02-17,128869.0,129534.0,128229.0,128229.0,7032800,^BVSP
2025-02-18,128532.0,129294.0,128012.0,128553.0,10994100,^BVSP
2025-02-19,127309.0,128528.0,127028.0,128528.0,9295100,^BVSP
2025-02-20,127601.0,127871.0,127063.0,127309.0,10640300,^BVSP
2025-02-21,127128.0,127654.0,126483.0,127601.0,11093300,^BVSP
2025-02-24,125401.0,127275.0,125162.0,127129.0,10148900,^BVSP
2025-02-25,125980.0,126718.0,125382.0,125401.0,11078000,^BVSP
2025-02-26,124769.0,126563.0,124732.0,125980.0,11361800,^BVSP
2025-02-27,124799.0,125497.0,124352.0,124768.0,12554000,^BVSP
2025-02-28,122799.0,124916.0,122659.0,124798.0,24873800,^BVSP
2025-03-05,123047.0,123364.0,122747.0,122799.0,9604100,^BVSP
2025-03-06,123358.0,124112.0,122681.0,123048.0,10060600,^BVSP
2025-03-07,125035.0,125822.0,122530.0,123357.0,9975600,^BVSP
2025-03-10,124519.0,125031.0,123471.0,125031.0,9370800,^BVSP
2025-03-11,123507.0,124625.0,122636.0,124519.0,8810400,^BVSP
2025-03-12,123864.0,124048.0,122969.0,123507.0,8254800,^BVSP
2025-03-13,125637.0,125774.0,123590.0,123863.0,11259000,^BVSP
2025-03-14,128957.0,129194.0,125647.0,125647.0,14572600,^BVSP
2025-03-17,130834.0,131313.0,128957.0,128959.0,11063200,^BVSP
2025-03-18,131475.0,131834.0,130722.0,130832.0,10992400,^BVSP
2025-03-19,132508.0,132984.0,131451.0,131476.0,12204900,^BVSP
2025-03-20,131955.0,132713.0,131813.0,132505.0,14187500,^BVSP
2025-03-21,132345.0,132588.0,131776.0,132005.0,14192000,^BVSP
2025-03-24,131321.0,132424.0,130992.0,132344.0,8301200,^BVSP
2025-03-25,132068.0,133471.0,131325.0,131327.0,9237600,^BVSP
2025-03-26,132520.0,132984.0,132068.0,132069.0,9404600,^BVSP
2025-03-27,133149.0,133904.0,132479.0,132522.0,10016200,^BVSP
2025-03-28,131902.0,133143.0,131315.0,133143.0,8905500,^BVSP
2025-03-31,130260.0,131901.0,130115.0,131900.0,9994900,^BVSP
2025-04-01,131147.0,131982.0,130081.0,130267.0,8966100,^BVSP
2025-04-02,131190.0,131424.0,130393.0,131151.0,8819500,^BVSP
2025-04-03,131141.0,132552.0,130182.0,131185.0,12327500,^BVSP
2025-04-04,127256.0,131139.0,126466.0,131139.0,13176400,^BVSP
2025-04-07,125588.0,128411.0,123876.0,127229.0,14045900,^BVSP
2025-04-08,123932.0,127652.0,123454.0,125588.0,12814700,^BVSP
2025-04-09,127796.0,128649.0,122887.0,123928.0,16919800,^BVSP
2025-04-10,126355.0,127797.0,124895.0,127796.0,11456300,^BVSP
2025-04-11,127682.0,128386.0,126078.0,126355.0,10084200,^BVSP
2025-04-14,129454.0,129955.0,127683.0,127683.0,10608700,^BVSP
2025-04-15,129245.0,129927.0,128951.0,129452.0,8837800,^BVSP
2025-04-16,128317.0,129605.0,128149.0,129245.0,11540200,^BVSP
2025-04-17,129650.0,130091.0,127973.0,128316.0,9983400,^BVSP
2025-04-22,130464.0,130877.0,128726.0,129650.0,8605300,^BVSP
2025-04-23,132216.0,133318.0,130468.0,130468.0,11342700,^BVSP
2025-04-24,134580.0,134938.0,132223.0,132245.0,14113400,^BVSP
2025-04-25,134739.0,134992.0,134186.0,134579.0,13051800,^BVSP
2025-04-28,135016.0,135709.0,134711.0,134741.0,11449700,^BVSP
2025-04-29,135093.0,136150.0,134899.0,135017.0,12761100,^BVSP
2025-04-30,135067.0,135171.0,133955.0,135094.0,15452400,^BVSP
2025-05-02,135134.0,135275.0,134355.0,135067.0,12739100,^BVSP
2025-05-05,133491.0,135198.0,133390.0,135131.0,10796300,^BVSP
2025-05-06,133516.0,134135.0,133260.0,133499.0,11139700,^BVSP
2025-05-07,133398.0,134110.0,132872.0,133517.0,9938200,^BVSP
2025-05-08,136232.0,137635.0,133458.0,133458.0,17202900,^BVSP
2025-05-09,136512.0,137286.0,136105.0,136232.0,13881800,^BVSP
2025-05-12,136563.0,137519.0,136356.0,136516.0,10915800,^BVSP
2025-05-13,138963.0,139419.0,136550.0,136565.0,13071200,^BVSP
2025-05-14,138423.0,139362.0,138228.0,138965.0,11155300,^BVSP
2025-05-15,139334.0,139408.0,138321.0,138425.0,11500800,^BVSP
2025-05-16,139187.0,139335.0,137713.0,139335.0,12106000,^BVSP
2025-05-19,139636.0,140203.0,138587.0,139186.0,9590600,^BVSP
2025-05-20,140110.0,140244.0,138966.0,139636.0,9650800,^BVSP
2025-05-21,137881.0,140109.0,137538.0,140109.0,10150400,^BVSP
2025-05-22,137273.0,138837.0,137088.0,137881.0,13223200,^BVSP
2025-05-23,137824.0,137824.0,134997.0,137273.0,10682600,^BVSP
2025-05-26,138136.0,138800.0,137795.0,137824.0,5553800,^BVSP
2025-05-27,139541.0,140382.0,138136.0,138136.0,11187800,^BVSP
2025-05-28,138888.0,139547.0,138580.0,139541.0,9735000,^BVSP
2025-05-29,138534.0,139108.0,137993.0,138869.0,8826400,^BVSP
2025-05-30,137027.0,138637.0,136726.0,138546.0,15141600,^BVSP
2025-06-02,136787.0,138471.0,136483.0,137026.0,9100100,^BVSP
2025-06-03,137546.0,137672.0,136175.0,136787.0,9696700,^BVSP
2025-06-04,137002.0,138797.0,136695.0,137547.0,10199100,^BVSP
2025-06-05,136236.0,137451.0,136031.0,137003.0,9484500,^BVSP
2025-06-06,136102.0,136890.0,135601.0,136236.0,9119300,^BVSP
2025-06-09,135699.0,136106.0,134119.0,136102.0,7763800,^BVSP
2025-06-10,136436.0,137369.0,135716.0,135716.0,8186500,^BVSP
2025-06-11,137128.0,137531.0,135628.0,136443.0,8767100,^BVSP
2025-06-12,137800.0,137931.0,136175.0,137127.0,7124600,^BVSP
2025-06-13,137213.0,137800.0,136586.0,137800.0,8628300,^BVSP
2025-06-16,139256.0,139988.0,137212.0,137212.0,7620500,^BVSP
2025-06-17,138840.0,139497.0,138293.0,139256.0,8377000,^BVSP
2025-06-18,138717.0,139161.0,138443.0,138844.0,8323400,^BVSP
2025-06-20,137116.0,138719.0,136815.0,138715.0,11289300,^BVSP
2025-06-23,136551.0,137130.0,135835.0,137116.0,7727800,^BVSP
2025-06-24,137165.0,138156.0,136254.0,136552.0,8083700,^BVSP
2025-06-25,135767.0,137163.0,135565.0,137163.0,7705700,^BVSP
2025-06-26,137114.0,137353.0,135756.0,135767.0,8023300,^BVSP
2025-06-27,136866.0,137209.0,136469.0,137113.0,6244500,^BVSP
2025-06-30,138855.0,139103.0,136430.0,136865.0,7680300,^BVSP
2025-07-01,139549.0,139695.0,138855.0,138855.0,6345700,^BVSP
2025-07-02,139051.0,140049.0,138384.0,139586.0,8811900,^BVSP
2025-07-03,140928.0,141304.0,139051.0,139051.0,6082200,^BVSP
2025-07-04,141478.0,141537.0,140597.0,140928.0,2114300,^BVSP
2025-07-07,139490.0,141342.0,139295.0,141265.0,6117300,^BVSP
2025-07-08,139303.0,139591.0,138770.0,139491.0,6750100,^BVSP
2025-07-09,137481.0,139331.0,137299.0,139303.0,7584500,^BVSP
2025-07-10,136743.0,137472.0,136015.0,137472.0,9566200,^BVSP
2025-07-11,136187.0,136742.0,135528.0,136742.0,7401900,^BVSP
2025-07-14,135299.0,136187.0,134840.0,136187.0,7325600,^BVSP
2025-07-15,135250.0,136022.0,134380.0,135298.0,6904200,^BVSP
2025-07-16,135511.0,135641.0,134265.0,135250.0,7833200,^BVSP
2025-07-17,135565.0,135793.0,135016.0,135515.0,6800000,^BVSP
2025-07-18,133382.0,135563.0,133296.0,135563.0,10071800,^BVSP
2025-07-21,134167.0,134865.0,133367.0,133382.0,6726700,^BVSP
2025-07-22,134036.0,135300.0,133986.0,134180.0,7052100,^BVSP
2025-07-23,135368.0,135782.0,133676.0,134036.0,6527600,^BVSP
2025-07-24,133808.0,135363.0,133648.0,135357.0,5976800,^BVSP
2025-07-25,133524.0,134204.0,133285.0,133820.0,5560900,^BVSP
2025-07-28,132129.0,133902.0,131550.0,133538.0,6625600,^BVSP
2025-07-29,132726.0,133346.0,132130.0,132130.0,6324800,^BVSP
2025-07-30,133990.0,134368.0,131883.0,132702.0,8655300,^BVSP
2025-07-31,133071.0,133987.0,132096.0,133987.0,9196800,^BVSP
2025-08-01,132437.0,133237.0,132140.0,132920.0,8497100,^BVSP
2025-08-04,132971.0,133929.0,132440.0,132440.0,6136600,^BVSP
2025-08-05,133151.0,134233.0,132682.0,132971.0,6606300,^BVSP
2025-08-06,134538.0,135241.0,133169.0,133169.0,8681700,^BVSP
2025-08-07,136528.0,137007.0,134534.0,134538.0,9501000,^BVSP
2025-08-08,135913.0,136761.0,135659.0,136526.0,9890600,^BVSP
2025-08-11,135623.0,136307.0,135496.0,135913.0,6947300,^BVSP
2025-08-12,137914.0,138414.0,135629.0,135629.0,8342100,^BVSP
2025-08-13,136687.0,137913.0,136535.0,137911.0,9398500,^BVSP
2025-08-14,136356.0,137437.0,135588.0,136681.0,9667800,^BVSP
2025-08-15,136341.0,136431.0,135583.0,136354.0,9291000,^BVSP
2025-08-18,137322.0,137902.0,136341.0,136341.0,8089900,^BVSP
2025-08-19,134432.0,137321.0,133997.0,137321.0,8684100,^BVSP
2025-08-20,134667.0,134964.0,134122.0,134431.0,6845000,^BVSP
2025-08-21,134511.0,134837.0,133874.0,134664.0,6516300,^BVSP
2025-08-22,137968.0,138072.0,134512.0,134512.0,9315600,^BVSP
2025-08-25,138025.0,138890.0,137971.0,137971.0,5991700,^BVSP
2025-08-26,137771.0,138037.0,137059.0,138026.0,8453400,^BVSP
2025-08-27,139206.0,139281.0,137456.0,137773.0,6609100,^BVSP
2025-08-28,141049.0,142138.0,139206.0,139206.0,9294800,^BVSP
2025-08-29,141422.0,142379.0,141000.0,141049.0,9333200,^BVSP
2025-09-01,141125.0,141950.0,140878.0,141423.0,3388000,^BVSP
2025-09-02,140335.0,141279.0,139625.0,141279.0,8785200,^BVSP
2025-09-03,139864.0,140496.0,139582.0,140332.0,7579800,^BVSP
2025-09-04,140993.0,141482.0,139832.0,139832.0,8032400,^BVSP
2025-09-05,142640.0,143409.0,141004.0,141004.0,8379400,^BVSP
2025-09-08,141792.0,143089.0,141329.0,142640.0,7440900,^BVSP
2025-09-09,141618.0,142286.0,141606.0,141794.0,7481900,^BVSP
2025-09-10,142349.0,143182.0,141612.0,141612.0,7138700,^BVSP
2025-09-11,143151.0,144013.0,142349.0,142349.0,7570400,^BVSP
2025-09-12,142272.0,143202.0,142241.0,143151.0,6388600,^BVSP
2025-09-15,143547.0,144194.0,142292.0,142292.0,6614000,^BVSP
2025-09-16,144062.0,144584.0,143547.0,143547.0,8478200,^BVSP
2025-09-17,145594.0,146331.0,143910.0,144059.0,9604400,^BVSP
2025-09-18,145500.0,145726.0,144993.0,145594.0,8372000,^BVSP
2025-09-19,145865.0,146399.0,145496.0,145500.0,10279800,^BVSP
2025-09-22,145109.0,145864.0,144117.0,145864.0,9428100,^BVSP
2025-09-23,146425.0,147179.0,145107.0,145112.0,8143800,^BVSP
2025-09-24,146492.0,146585.0,146067.0,146426.0,7292900,^BVSP
2025-09-25,145306.0,146519.0,145187.0,146492.0,8293800,^BVSP
2025-09-26,145447.0,146235.0,145146.0,145326.0,6338200,^BVSP
2025-09-29,146337.0,147558.0,145447.0,145447.0,7074100,^BVSP
2025-09-30,146237.0,147578.0,145774.0,146337.0,9477300,^BVSP
2025-10-01,145517.0,146879.0,145193.0,146237.0,8340700,^BVSP
2025-10-02,143950.0,145621.0,143635.0,145517.0,7245600,^BVSP
2025-10-03,144201.0,144518.0,143676.0,143950.0,6177600,^BVSP
2025-10-06,143608.0,144532.0,143376.0,144202.0,5981500,^BVSP
2025-10-07,141356.0,143606.0,141035.0,143606.0,9272700,^BVSP
2025-10-08,142145.0,142385.0,141356.0,141356.0,7525200,^BVSP
2025-10-09,141708.0,143212.0,141603.0,142148.0,6821400,^BVSP
2025-10-10,140680.0,142274.0,140231.0,141725.0,8280800,^BVSP
2025-10-13,141783.0,142303.0,140682.0,140682.0,5531200,^BVSP
2025-10-14,141683.0,142589.0,141334.0,141788.0,7122300,^BVSP
2025-10-15,142604.0,142905.0,141154.0,141683.0,10321000,^BVSP
2025-10-16,142200.0,143191.0,141446.0,142604.0,7391900,^BVSP
2025-10-17,143399.0,143425.0,141248.0,142200.0,8875100,^BVSP
2025-10-20,144509.0,145216.0,143396.0,143399.0,6793400,^BVSP
2025-10-21,144085.0,144795.0,143829.0,144509.0,6193200,^BVSP
2025-10-22,144873.0,145048.0,144039.0,144094.0,7025000,^BVSP
2025-10-23,145721.0,146358.0,144881.0,144881.0,6599600,^BVSP
2025-10-24,146172.0,147240.0,145721.0,145721.0,6491300,^BVSP
2025-10-27,146969.0,147977.0,146174.0,146174.0,6445200,^BVSP
2025-10-28,147429.0,147811.0,146575.0,146970.0,7108000,^BVSP
2025-10-29,148633.0,149067.0,147430.0,147430.0,7999500,^BVSP
2025-10-30,148780.0,149234.0,147547.0,148632.0,7300600,^BVSP
2025-10-31,149540.0,149636.0,148774.0,148774.0,8911000,^BVSP
2025-11-03,150454.0,150761.0,149551.0,149551.0,7667600,^BVSP
2025-11-04,150704.0,150888.0,149979.0,150454.0,7541200,^BVSP
2025-11-05,153294.0,153583.0,150296.0,150709.0,9803000,^BVSP
2025-11-06,153339.0,154352.0,153235.0,153297.0,9387600,^BVSP
2025-11-07,154064.0,154066.0,152368.0,153339.0,9474100,^BVSP
2025-11-10,155257.0,155601.0,154058.0,154061.0,7751600,^BVSP
2025-11-11,157749.0,158467.0,155252.0,155257.0,12876000,^BVSP
2025-11-12,157633.0,158134.0,156560.0,157749.0,11226600,^BVSP
2025-11-13,157162.0,158319.0,156509.0,157633.0,10560800,^BVSP
2025-11-14,157739.0,158366.0,156656.0,157162.0,7977300,^BVSP
2025-11-17,156993.0,157901.0,156568.0,157742.0,8419200,^BVSP
2025-11-18,156522.0,157040.0,155834.0,156990.0,8723000,^BVSP
2025-11-19,155381.0,156522.0,155212.0,156522.0,8815200,^BVSP
2025-11-21,154770.0,155387.0,153571.0,155381.0,7848000,^BVSP
2025-11-24,155278.0,155832.0,154529.0,154769.0,9277600,^BVSP
2025-11-25,155910.0,156373.0,154821.0,155278.0,6929400,^BVSP
2025-11-26,158555.0,158714.0,155914.0,155915.0,8596500,^BVSP
2025-11-27,158292.0,158864.0,158167.0,158554.0,3121400,^BVSP
2025-11-28,159072.0,159689.0,158078.0,158358.0,8017000,^BVSP
2025-12-01,158611.0,159224.0,158030.0,159074.0,7504300,^BVSP
2025-12-02,161092.0,161092.0,158612.0,158612.0,8430000,^BVSP
2025-12-03,161755.0,161964.0,161093.0,161094.0,8292000,^BVSP
2025-12-04,164456.0,164551.0,161759.0,161760.0,10592300,^BVSP
2025-12-05,157369.0,165036.0,157007.0,164461.0,14529000,^BVSP
2025-12-08,158187.0,159235.0,157369.0,157369.0,9024100,^BVSP
2025-12-09,157981.0,158851.0,155188.0,158187.0,8703800,^BVSP
2025-12-10,159075.0,159691.0,157628.0,157984.0,8239900,^BVSP
2025-12-11,159189.0,159850.0,158098.0,159072.0,7018000,^BVSP
2025-12-12,160766.0,161263.0,159189.0,159189.0,7671200,^BVSP
2025-12-15,162482.0,163073.0,160766.0,160766.0,8229000,^BVSP
2025-12-16,158578.0,162482.0,158558.0,162482.0,9920300,^BVSP
2025-12-17,157327.0,158611.0,156351.0,158578.0,11344300,^BVSP
2025-12-18,157923.0,158496.0,157124.0,157327.0,7800100,^BVSP
2025-12-19,158473.0,159552.0,157906.0,157928.0,9946500,^BVSP
2025-12-22,158142.0,158634.0,157306.0,158480.0,8424000,^BVSP
2025-12-23,160456.0,160456.0,158144.0,158144.0,6569800,^BVSP
2025-12-26,160897.0,160913.0,159359.0,160456.0,4790000,^BVSP
2025-12-29,160490.0,161133.0,159702.0,160897.0,5605600,^BVSP
2025-12-30,161125.0,162075.0,160491.0,160491.0,5870100,^BVSP
2026-01-02,160539.0,161957.0,160059.0,161124.0,7459400,^BVSP
2026-01-05,161870.0,162166.0,160215.0,160542.0,7985200,^BVSP
2026-01-06,163664.0,164135.0,161870.0,161870.0,8412600,^BVSP
2026-01-07,161975.0,163661.0,161746.0,163661.0,8846600,^BVSP
2026-01-08,162937.0,162937.0,161748.0,161975.0,8607700,^BVSP
2026-01-09,163370.0,164263.0,162638.0,162938.0,8301300,^BVSP
2026-01-12,163150.0,163493.0,162277.0,163370.0,6896600,^BVSP
2026-01-13,161973.0,163146.0,161765.0,163146.0,9668600,^BVSP
2026-01-14,165146.0,165147.0,161974.0,161974.0,9928900,^BVSP
2026-01-15,165568.0,166070.0,164833.0,165180.0,9406500,^BVSP
2026-01-16,164800.0,165872.0,164100.0,165557.0,11489200,^BVSP
2026-01-19,164849.0,165155.0,164265.0,164800.0,4804300,^BVSP
2026-01-20,166277.0,166468.0,163575.0,164846.0,8369200,^BVSP
2026-01-21,171817.0,171969.0,166278.0,166278.0,14067700,^BVSP
2026-01-22,175589.0,177742.0,171817.0,171817.0,14023500,^BVSP
2026-01-23,178859.0,180532.0,175590.0,175590.0,11778000,^BVSP
2026-01-26,178721.0,179543.0,177694.0,178859.0,9569200,^BVSP
2026-01-27,181919.0,183360.0,178853.0,178853.0,11340800,^BVSP
2026-01-28,184691.0,185065.0,181921.0,181921.0,11856200,^BVSP
2026-01-29,183134.0,186450.0,181567.0,184692.0,12945700,^BVSP
2026-01-30,181364.0,183620.0,180089.0,183133.0,11105300,^BVSP
2026-02-02,182793.0,182890.0,181348.0,181369.0,8740500,^BVSP
2026-02-03,185674.0,187334.0,182816.0,182816.0,10758800,^BVSP
2026-02-04,181708.0,185671.0,180269.0,185671.0,10728100,^BVSP
2026-02-05,182127.0,184017.0,181569.0,181709.0,9832100,^BVSP
2026-02-06,182950.0,183262.0,181391.0,182128.0,9896700,^BVSP
2026-02-09,186241.0,186460.0,182950.0,182950.0,8921800,^BVSP
2026-02-10,185929.0,186959.0,185083.0,186241.0,10298000,^BVSP
2026-02-11,189699.0,190561.0,185936.0,185936.0,11642200,^BVSP
2026-02-12,187766.0,189990.0,186959.0,189694.0,12361300,^BVSP
2026-02-13,186464.0,187766.0,183662.0,187766.0,11594000,^BVSP
2026-02-18,186016.0,187657.0,185001.0,186464.0,7790700,^BVSP
2026-02-19,188534.0,188687.0,185928.0,186020.0,9228700,^BVSP
2026-02-20,190534.0,190727.0,186700.0,188531.0,9988100,^BVSP
2026-02-23,188854.0,191003.0,188526.0,190532.0,9901300,^BVSP
2026-02-24,191490.0,191781.0,188855.0,188855.0,11037300,^BVSP
2026-02-25,191248.0,192624.0,190419.0,191491.0,9134900,^BVSP
2026-02-26,191005.0,191978.0,188977.0,191248.0,8797400,^BVSP
2026-02-27,188787.0,191005.0,188478.0,191005.0,11002300,^BVSP
2026-03-02,189307.0,190110.0,186638.0,188786.0,9090200,^BVSP
2026-03-03,183105.0,189602.0,180518.0,189284.0,14367500,^BVSP
2026-03-04,185366.0,186306.0,183110.0,183110.0,9113300,^BVSP
2026-03-05,180464.0,185366.0,179895.0,185365.0,10596200,^BVSP
2026-03-06,179365.0,181091.0,178557.0,180463.0,9918300,^BVSP
2026-03-09,180915.0,181952.0,177637.0,179367.0,11419300,^BVSP
2026-03-10,183447.0,185324.0,180693.0,180921.0,10083000,^BVSP
2026-03-11,183969.0,185714.0,182021.0,183446.0,8956100,^BVSP
2026-03-12,179285.0,183992.0,178495.0,183969.0,12075300,^BVSP
2026-03-13,177653.0,180996.0,177322.0,179285.0,9525600,^BVSP
2026-03-16,179875.0,181255.0,177656.0,177656.0,7370100,^BVSP
2026-03-17,180410.0,182800.0,179850.0,179882.0,9332600,^BVSP
2026-03-18,179640.0,181551.0,179576.0,180409.0,9750200,^BVSP
2026-03-19,180271.0,181251.0,176296.0,179624.0,12560400,^BVSP
2026-03-20,176219.0,180305.0,175039.0,180262.0,15348900,^BVSP
2026-03-23,181932.0,182973.0,176221.0,176221.0,9874700,^BVSP
2026-03-24,182509.0,182649.0,179915.0,181932.0,7563900,^BVSP
2026-03-25,185424.0,186401.0,182524.0,182529.0,9074000,^BVSP
2026-03-26,182733.0,185424.0,182570.0,185424.0,7806700,^BVSP
2026-03-27,181557.0,183351.0,180976.0,182733.0,8073000,^BVSP
2026-03-30,182514.0,184414.0,181560.0,181561.0,7704600,^BVSP
2026-03-31,187462.0,187508.0,182515.0,182515.0,11389100,^BVSP
2026-04-01,187953.0,189131.0,187256.0,187463.0,10556000,^BVSP
2026-04-02,188052.0,189251.0,185214.0,187923.0,7082900,^BVSP
2026-04-06,188162.0,189220.0,187811.0,188054.0,5697600,^BVSP
2026-04-07,188259.0,188259.0,185885.0,188162.0,8753200,^BVSP
2026-04-08,192201.0,193759.0,188260.0,188261.0,12594000,^BVSP
2026-04-09,195129.0,195514.0,192206.0,192206.0,9382900,^BVSP
2026-04-10,197324.0,197554.0,195129.0,195130.0,9661000,^BVSP
2026-04-13,198001.0,198173.0,196223.0,197324.0,9947000,^BVSP
2026-04-14,198657.0,199355.0,198002.0,198002.0,9222400,^BVSP
2026-04-15,197738.0,199233.0,196966.0,198657.0,10709900,^BVSP
2026-04-16,196819.0,198587.0,196354.0,197738.0,9286300,^BVSP
2026-04-17,195734.0,198666.0,195368.0,196819.0,12187300,^BVSP
2026-04-20,196132.0,196724.0,195282.0,195734.0,6767400,^BVSP
2026-04-22,192889.0,196132.0,192687.0,196132.0,8398100,^BVSP
2026-04-23,191378.0,193347.0,190930.0,192889.0,7763400,^BVSP
2026-04-24,190745.0,191390.0,189963.0,191378.0,7223800,^BVSP
2026-04-27,189579.0,191340.0,189579.0,190745.0,6663800,^BVSP
2026-04-28,188619.0,189579.0,187237.0,189579.0,7511500,^BVSP
2026-04-29,184750.0,188710.0,184504.0,188619.0,9054900,^BVSP
2026-04-30,187318.0,187921.0,184759.0,184759.0,8991200,^BVSP
2026-05-04,185600.0,187666.0,185538.0,187318.0,7544200,^BVSP
2026-05-05,186754.0,187428.0,185364.0,185597.0,8631700,^BVSP
2026-05-06,187691.0,188674.0,186762.0,186762.0,8844600,^BVSP
2026-05-07,183218.0,187779.0,182868.0,187690.0,9643100,^BVSP
2026-05-08,184108.0,185585.0,183217.0,183222.0,9214400,^BVSP
2026-05-11,181909.0,184530.0,181615.0,184103.0,8780300,^BVSP
2026-05-12,180342.0,181897.0,179939.0,181897.0,9056000,^BVSP
2026-05-13,177098.0,180513.0,176787.0,180342.0,12621300,^BVSP
2026-05-14,178366.0,179476.0,177104.0,177104.0,9295700,^BVSP
2026-05-15,177284.0,178341.0,175417.0,178341.0,9772200,^BVSP
2026-05-18,176976.0,177330.0,175811.0,177281.0,7367400,^BVSP
2026-05-19,174279.0,176973.0,173544.0,176973.0,9086100,^BVSP
2026-05-20,177356.0,178199.0,174279.0,174279.0,9365700,^BVSP
2026-05-21,177650.0,178547.0,175805.0,177352.0,7354500,^BVSP
2026-05-22,176210.0,177649.0,174893.0,177649.0,6760900,^BVSP
2026-05-25,177359.0,177512.0,176210.0,176210.0,2377600,^BVSP
2026-05-26,176589.0,177816.0,175516.0,177816.0,7402600,^BVSP
2026-05-27,175744.0,177640.0,175555.0,176602.0,7310400,^BVSP
2026-05-28,175063.0,176627.0,174686.0,175744.0,7376200,^BVSP
2026-05-29,173788.0,175064.0,172686.0,175064.0,15551600,^BVSP
2026-06-01,172198.0,173975.0,171793.0,173790.0,9892300,^BVSP
2026-06-02,174198.0,174894.0,172199.0,172199.0,7503900,^BVSP
2026-06-03,170331.0,174192.0,170008.0,174192.0,9974200,^BVSP
2026-06-05,169019.0,170457.0,168910.0,170331.0,8585100,^BVSP
2026-06-08,168669.0,169646.0,168130.0,169042.0,7438000,^BVSP
2026-06-09,169813.0,170601.0,168406.0,168673.0,8440200,^BVSP
2026-06-10,168619.0,169813.0,168071.0,169813.0,8732300,^BVSP
2026-06-11,171497.0,171927.0,168280.0,168619.0,10576900,^BVSP
2026-06-12,171133.0,172545.0,169993.0,171497.0,7013700,^BVSP
2026-06-15,170415.0,174228.0,170351.0,171139.0,8709200,^BVSP
2026-06-16,169649.0,170416.0,169121.0,170416.0,8765700,^BVSP
2026-06-17,168454.0,171878.0,167916.0,169649.0,10732100,^BVSP
2026-06-18,168278.0,169542.0,167911.0,168467.0,9236700,^BVSP
2026-06-19,168576.0,168787.0,167658.0,168279.0,4847900,^BVSP
2026-06-22,170370.0,170750.0,168326.0,168334.0,8544200,^BVSP
2026-06-23,171259.0,171720.0,168495.0,170367.0,7598800,^BVSP
2026-06-24,170507.0,171342.0,169668.0,171256.0,9571200,^BVSP
2026-06-25,171990.0,173277.0,170508.0,170508.0,7620600,^BVSP
2026-06-26,173295.0,173964.0,171124.0,171990.0,6921000,^BVSP
2026-06-29,173205.0,173892.0,172393.0,173294.0,4909900,^BVSP
2026-06-30,172024.0,173205.0,170539.0,173205.0,7692000,^BVSP
2026-07-01,171689.0,172098.0,169666.0,172017.0,7659700,^BVSP
2026-07-02,172788.0,174426.0,171697.0,171698.0,6513500,^BVSP
2026-07-03,174266.0,174664.0,172790.0,172790.0,2949700,^BVSP
2026-07-06,172448.0,174058.0,171622.0,174058.0,5740300,^BVSP
2026-07-07,172021.0,173544.0,171417.0,172439.0,6763100,^BVSP
2026-07-08,170654.0,172018.0,169972.0,172018.0,7237000,^BVSP
2026-07-09,172742.0,172933.0,170653.0,170655.0,6832100,^BVSP
2026-07-10,177866.0,177866.0,172761.0,172761.0,8425700,^BVSP
2026-07-13,175739.0,178154.0,175567.0,177868.0,6119200,^BVSP
2026-07-14,176641.0,177179.0,175743.0,175743.0,7258300,^BVSP
2026-07-15,176011.0,176663.0,175288.0,176663.0,7072400,^BVSP
2026-07-16,173825.0,176011.0,173537.0,176010.0,6135900,^BVSP
2026-07-17,173714.0,174505.0,173285.0,173825.0,7299200,^BVSP
2026-07-20,173371.0,174311.0,173222.0,173714.0,5028800,^BVSP
2026-07-21,173326.0,173720.0,172219.0,173373.0,5858100,^BVSP
2026-07-22,177548.0,177641.0,173328.0,173331.0,7435200,^BVSP
2026-07-23,176724.0,177896.0,176293.0,177546.0,6346800,^BVSP
2026-07-24,174042.0,176720.0,174042.0,176720.0,5418400,^BVSP
2026-07-27,175335.0,175555.0,174048.0,174048.0,5839400,^BVSP
2026-07-28,176565.0,178539.0,175326.0,175326.0,6741100,^BVSP
2026-07-29,173885.0,176564.0,173885.0,176564.0,7338700,^BVSP
2026-07-30,177159.0,177159.0,173885.0,173891.0,7200400,^BVSP
2026-07-31,177999.0,178719.0,177014.0,177060.0,5884100,^BVSP
2026-08-03,178000.0,178557.0,176783.0,178009.0,7355200,^BVSP
2026-08-04,177895.0,180680.0,177581.0,178003.0,7966200,^BVSP
2026-08-05,177726.0,180195.0,177691.0,177896.0,7606700,^BVSP
2026-08-06,175546.0,177720.0,175515.0,177720.0,7933600,^BVSP
2026-08-07,172513.0,176117.0,172131.0,175546.0,9159200,^BVSP
2026-08-10,172180.0,172936.0,171524.0,172513.0,7832600,^BVSP
2026-08-11,167875.0,172386.0,167569.0,172180.0,9889100,^BVSP
2026-08-12,167491.0,168310.0,167142.0,167878.0,10593900,^BVSP
2026-08-13,167101.0,168516.0,166197.0,167489.0,10721100,^BVSP
2026-08-14,166934.0,167100.0,164835.0,167100.0,10883000,^BVSP
2026-08-17,166784.0,168007.0,166464.0,166933.0,9037400,^BVSP
2026-08-18,166335.0,168390.0,166211.0,166789.0,7598900,^BVSP
2026-08-19,167830.0,170341.0,166335.0,166337.0,9254200,^BVSP
2026-08-20,167927.0,169752.0,166966.0,167827.0,10127200,^BVSP
2026-08-21,171032.0,171980.0,167928.0,167928.0,10806400,^BVSP
2026-08-24,171907.0,173109.0,169330.0,171031.0,8442500,^BVSP
2026-08-25,174577.0,174785.0,171179.0,171898.0,9449100,^BVSP
2026-08-26,174586.0,176297.0,174209.0,174580.0,8850900,^BVSP
